{
  "action": {
    "hacking": {
      "variety": [
        "Other",
        "Exploit vuln"
      ],
      "vector": [
        "Web application"
      ]
    }
  },
  "actor": {
    "external": {
      "country": [
        "Unknown"
      ],
      "motive": [
        "Financial"
      ],
      "region": [
        "000000"
      ],
      "variety": [
        "Unknown"
      ]
    }
  },
  "asset": {
    "assets": [
      {
        "variety": "S - Web application"
      }
    ],
    "cloud": [
      "Unknown"
    ]
  },
  "attribute": {
    "confidentiality": {
      "data": [
        {
          "variety": "Personal"
        }
      ],
      "data_disclosure": "Yes",
      "data_victim": [
        "Customer"
      ],
      "state": [
        "Stored unencrypted"
      ]
    }
  },
  "discovery_method": {
    "unknown": true
  },
  "impact": {
    "overall_rating": "Unknown"
  },
  "incident_id": "0012CC25-9167-40D8-8FE3-3D0DFD8FB6BB",
  "plus": {
    "analysis_status": "First pass",
    "analyst": "swidup",
    "asset": {
      "total": "No"
    },
    "attribute": {
      "confidentiality": {
        "credit_monitoring": "Unknown",
        "data_abuse": "Yes"
      }
    },
    "created": "2013-02-22T16:53:09Z",
    "master_id": "0012CC25-9167-40D8-8FE3-3D0DFD8FB6BB",
    "modified": "2014-05-10T00:58:18Z",
    "timeline": {
      "notification": {
        "day": 10,
        "month": 12,
        "year": 2012
      }
    }
  },
  "reference": "http://www.publicservice.co.uk/news_story.asp?id=21676 ",
  "schema_version": "1.3.4",
  "security_incident": "Confirmed",
  "source_id": "vcdb",
  "summary": "Sensitive information belonging to jobseekers has been put at risk on the government's new Universal Jobmatch website, it has been reported.  The security flaw was uncovered during a Channel 4 News investigation. Hackers were said to have been able to register as an employer on the site which is accessed through the Gov.uk portal \u2013 another website that has just been launched by the government to deliver more public services online.  The hackers were reported to have obtained information including passwords and passport and driving licence scans after posting a fake advert for a cleaner on Universal Jobmatch.",
  "timeline": {
    "incident": {
      "year": 2012
    }
  },
  "victim": {
    "country": [
      "GB"
    ],
    "employee_count": "Unknown",
    "industry": "51919",
    "region": [
      "150154"
    ],
    "victim_id": "Universal Jobmatch"
  }
}