{
  "action": {
    "misuse": {
      "variety": [
        "Data mishandling"
      ],
      "vector": [
        "Unknown"
      ]
    },
    "physical": {
      "variety": [
        "Theft"
      ],
      "vector": [
        "Unknown"
      ]
    }
  },
  "actor": {
    "external": {
      "country": [
        "Unknown"
      ],
      "motive": [
        "Unknown"
      ],
      "region": [
        "000000"
      ],
      "variety": [
        "Unaffiliated"
      ]
    },
    "partner": {
      "country": [
        "US"
      ],
      "industry": "000",
      "motive": [
        "NA"
      ],
      "region": [
        "019021"
      ]
    }
  },
  "asset": {
    "assets": [
      {
        "amount": 1,
        "variety": "U - Laptop"
      },
      {
        "variety": "U - Desktop or laptop"
      }
    ],
    "cloud": [
      "Unknown"
    ]
  },
  "attribute": {
    "availability": {
      "duration": {
        "unit": "Never"
      },
      "variety": [
        "Loss"
      ]
    },
    "confidentiality": {
      "data": [
        {
          "amount": 1,
          "variety": "Credentials"
        },
        {
          "amount": 779,
          "variety": "Medical"
        },
        {
          "variety": "Personal"
        }
      ],
      "data_disclosure": "Yes",
      "data_total": 779,
      "data_victim": [
        "Patient"
      ],
      "state": [
        "Printed",
        "Stored encrypted"
      ]
    }
  },
  "confidence": "High",
  "discovery_method": {
    "partner": {
      "variety": [
        "Unknown"
      ]
    }
  },
  "incident_id": "da0b05e0-ad29-11e8-9e5a-c1f99505e93a",
  "plus": {
    "analysis_status": "Validated",
    "analyst": "jasoncmiller79",
    "created": "2018-08-31T19:44:29.401Z",
    "dbir_year": 2019,
    "event_chain": [
      {
        "action": "mis",
        "actor": "prt",
        "asset": "usr",
        "attribute": "cp",
        "summary": "Data mishandling"
      },
      {
        "action": "phy",
        "actor": "ext",
        "asset": "usr",
        "attribute": "cp",
        "summary": "Theft"
      }
    ],
    "master_id": "00286a56-178d-410d-98f0-d4e7fbe407d8",
    "modified": "2018-09-11T23:38:05.579Z"
  },
  "reference": "https://madison.com/wsj/news/local/crime/stolen-laptop-had-state-program-participants-personal-info-on-it/article_e7a477b4-3cc3-5fa3-a01c-27f12e961583.html;  https://www.channel3000.com/news/dhs-theft-of-laptop-theft-possibly-compromises-data-on-hundreds-of-patients/725078322;  http://www.hngnews.com/sun_prairie_star/news/article_b859a168-3fcb-59ce-80de-863066711f9e.html",
  "schema_version": "1.3.4",
  "security_incident": "Confirmed",
  "source_id": "vcdb",
  "summary": "The Wisconsin Department of Health Services (DHS) and The Management Group (TMG) are notifying IRIS participants of a breach of information due to theft of a laptop and a work bag of a TMG IRIS Consultant on Feb. 5, 2018",
  "targeted": "Opportunistic",
  "timeline": {
    "incident": {
      "day": 5,
      "month": 2,
      "year": 2018
    }
  },
  "victim": {
    "country": [
      "US"
    ],
    "employee_count": "Unknown",
    "industry": "923120",
    "region": [
      "019021"
    ],
    "state": "WI",
    "victim_id": "Wisconsin Department of Health Services"
  }
}