{
  "action": {
    "misuse": {
      "variety": [
        "Data mishandling"
      ],
      "vector": [
        "LAN access"
      ]
    },
    "social": {
      "target": [
        "Manager"
      ],
      "variety": [
        "Pretexting"
      ],
      "vector": [
        "Phone"
      ]
    }
  },
  "actor": {
    "external": {
      "country": [
        "Unknown",
        "PK"
      ],
      "motive": [
        "Espionage"
      ],
      "region": [
        "142034"
      ],
      "variety": [
        "Unknown",
        "Nation-state"
      ]
    },
    "internal": {
      "job_change": [
        "Hired"
      ],
      "motive": [
        "Unknown"
      ],
      "variety": [
        "Unknown"
      ]
    }
  },
  "asset": {
    "assets": [
      {
        "variety": "P - Manager"
      },
      {
        "variety": "S - Mail"
      }
    ],
    "cloud": [
      "Unknown"
    ]
  },
  "attribute": {
    "confidentiality": {
      "data": [
        {
          "variety": "Internal"
        }
      ],
      "data_disclosure": "Yes",
      "notes": "deployment dates of Police",
      "state": [
        "Unknown"
      ]
    },
    "integrity": {
      "variety": [
        "Alter behavior"
      ]
    }
  },
  "discovery_method": {
    "internal": {
      "variety": [
        "Log review"
      ]
    }
  },
  "discovery_notes": "a call from Pakistan was traced to the officer. ",
  "impact": {
    "overall_rating": "Unknown"
  },
  "incident_id": "7FBE1079-2038-4742-AD27-9F247E00D4D7",
  "plus": {
    "analysis_status": "Finalized",
    "analyst": "Robert-Topper",
    "attribute": {
      "confidentiality": {
        "credit_monitoring": "Unknown",
        "data_abuse": "Yes"
      }
    },
    "created": "2016-10-17T18:31:00Z",
    "dbir_year": 2017,
    "github": "8635",
    "master_id": "0068196B-AE14-4568-B7ED-6AB008B5906A",
    "modified": "2016-11-04T16:58:00Z",
    "timeline": {
      "notification": {
        "day": 14,
        "month": 10,
        "year": 2016
      }
    }
  },
  "reference": "http://www.tribuneindia.com/news/jammu-kashmir/inquiry-against-cop-over-security-leak/309092.html; http://www.dnaindia.com/india/report-jammu-and-kashmir-cop-in-the-dock-for-leaking-info-to-pak-2263872",
  "schema_version": "1.3.4",
  "security_incident": "Confirmed",
  "source_id": "vcdb",
  "summary": "insider cop leaked infor",
  "timeline": {
    "compromise": {
      "unit": "Seconds"
    },
    "exfiltration": {
      "unit": "Minutes"
    },
    "incident": {
      "day": 14,
      "month": 10,
      "year": 2016
    }
  },
  "victim": {
    "country": [
      "IN"
    ],
    "employee_count": "50001 to 100000",
    "industry": "922120",
    "region": [
      "142034"
    ],
    "victim_id": "Jammu and Kashmir police"
  }
}