{
  "action": {
    "physical": {
      "variety": [
        "Theft"
      ],
      "vector": [
        "Unknown"
      ]
    }
  },
  "actor": {
    "external": {
      "country": [
        "Unknown"
      ],
      "motive": [
        "Unknown"
      ],
      "region": [
        "000000"
      ],
      "variety": [
        "Unknown"
      ]
    }
  },
  "asset": {
    "assets": [
      {
        "variety": "U - Laptop"
      },
      {
        "variety": "U - Desktop or laptop"
      }
    ],
    "cloud": [
      "Unknown"
    ]
  },
  "attribute": {
    "availability": {
      "variety": [
        "Loss"
      ]
    },
    "confidentiality": {
      "data": [
        {
          "amount": 2200,
          "variety": "Medical"
        }
      ],
      "data_disclosure": "Potentially",
      "data_total": 2200
    }
  },
  "discovery_method": {
    "unknown": true
  },
  "impact": {
    "overall_rating": "Unknown"
  },
  "incident_id": "0096EF99-D9CB-4869-9F3D-F4E0D84F419B",
  "plus": {
    "analysis_status": "First pass",
    "created": "2013-04-12T22:29:56Z",
    "master_id": "0096EF99-D9CB-4869-9F3D-F4E0D84F419B",
    "modified": "2014-04-27T19:37:01Z"
  },
  "schema_version": "1.3.4",
  "security_incident": "Confirmed",
  "source_id": "vcdb",
  "timeline": {
    "discovery": {
      "unit": "Unknown"
    },
    "incident": {
      "day": 20,
      "month": 12,
      "year": 2010
    }
  },
  "victim": {
    "country": [
      "US"
    ],
    "employee_count": "Unknown",
    "industry": "621210",
    "region": [
      "019021"
    ],
    "state": "FL",
    "victim_id": "Friendship Center Dental Office"
  }
}