{
  "action": {
    "hacking": {
      "variety": [
        "Unknown"
      ],
      "vector": [
        "Unknown"
      ]
    },
    "malware": {
      "variety": [
        "Unknown"
      ],
      "vector": [
        "Unknown"
      ]
    },
    "social": {
      "target": [
        "End-user or employee"
      ],
      "variety": [
        "Phishing"
      ],
      "vector": [
        "Email"
      ]
    }
  },
  "actor": {
    "external": {
      "country": [
        "Unknown",
        "NG"
      ],
      "motive": [
        "Unknown",
        "Financial"
      ],
      "notes": "Nigerian IP address",
      "region": [
        "002011"
      ],
      "variety": [
        "Unknown"
      ]
    }
  },
  "asset": {
    "assets": [
      {
        "variety": "S - Database"
      },
      {
        "variety": "P - End-user"
      }
    ],
    "cloud": [
      "Unknown"
    ],
    "notes": "Following enumerations present before veris 1.3.3 removed: asset.governance.Unknown."
  },
  "attribute": {
    "confidentiality": {
      "data": [
        {
          "amount": 174,
          "variety": "Personal"
        }
      ],
      "data_disclosure": "Yes",
      "data_total": 174,
      "data_victim": [
        "Student"
      ],
      "notes": "names, SSN, and in some cases, driver's license numbers, acquired",
      "state": [
        "Stored"
      ]
    },
    "integrity": {
      "variety": [
        "Software installation",
        "Alter behavior"
      ]
    }
  },
  "discovery_method": {
    "internal": {
      "variety": [
        "Unknown"
      ]
    }
  },
  "impact": {
    "overall_rating": "Unknown"
  },
  "incident_id": "C40D9A65-15CA-4F96-8AD7-16580C90A4E1",
  "plus": {
    "analysis_status": "Finalized",
    "analyst": "Robert-Topper",
    "attribute": {
      "confidentiality": {
        "credit_monitoring": "Unknown",
        "data_abuse": "Yes"
      }
    },
    "created": "2016-10-06T13:08:00Z",
    "dbir_year": 2016,
    "github": "8165",
    "master_id": "009AC3BF-BCDC-42F9-8ACE-CC21634608FA",
    "modified": "2016-11-04T17:17:00Z",
    "timeline": {
      "notification": {
        "month": 8,
        "year": 2015
      }
    }
  },
  "reference": "https://www.databreaches.net/some-previously-unreported-breaches/",
  "schema_version": "1.3.4",
  "security_incident": "Confirmed",
  "source_id": "vcdb",
  "summary": "phishing email",
  "timeline": {
    "incident": {
      "month": 8,
      "year": 2015
    }
  },
  "victim": {
    "country": [
      "US"
    ],
    "employee_count": "Small",
    "industry": "611310",
    "locations_affected": 1,
    "region": [
      "019021"
    ],
    "state": "MA",
    "victim_id": "Boston University"
  }
}