{
  "action": {
    "physical": {
      "variety": [
        "Theft"
      ],
      "vector": [
        "Personal vehicle"
      ]
    }
  },
  "actor": {
    "external": {
      "country": [
        "Unknown"
      ],
      "motive": [
        "Financial"
      ],
      "region": [
        "000000"
      ],
      "variety": [
        "Unknown"
      ]
    }
  },
  "asset": {
    "assets": [
      {
        "variety": "U - Laptop"
      },
      {
        "variety": "U - Desktop or laptop"
      }
    ],
    "cloud": [
      "Unknown"
    ]
  },
  "attribute": {
    "availability": {
      "variety": [
        "Loss"
      ]
    },
    "confidentiality": {
      "data": [
        {
          "variety": "Personal"
        }
      ],
      "data_disclosure": "Potentially",
      "data_victim": [
        "Customer"
      ],
      "state": [
        "Unknown"
      ]
    }
  },
  "discovery_method": {
    "internal": {
      "variety": [
        "Incident response"
      ]
    }
  },
  "impact": {
    "overall_rating": "Unknown"
  },
  "incident_id": "EF688855-F892-41A7-8C00-F8B86546C9D8",
  "plus": {
    "analysis_status": "Finalized",
    "analyst": "Robert-Topper",
    "attribute": {
      "confidentiality": {
        "credit_monitoring": "Unknown"
      }
    },
    "created": "2016-10-07T15:31:00Z",
    "dbir_year": 2017,
    "github": "7737",
    "master_id": "009CE644-0D0A-4B71-BB03-581F25001E5D",
    "modified": "2016-10-07T15:35:00Z",
    "timeline": {
      "notification": {
        "day": 6,
        "month": 5,
        "year": 2016
      }
    }
  },
  "reference": "http://wwmt.com/news/local/possible-security-breach-at-local-bank-has-customers-concerned",
  "schema_version": "1.3.4",
  "security_incident": "Confirmed",
  "source_id": "vcdb",
  "summary": "Laptop stolen",
  "timeline": {
    "incident": {
      "month": 4,
      "year": 2016
    }
  },
  "victim": {
    "country": [
      "US"
    ],
    "employee_count": "101 to 1000",
    "industry": "522110",
    "locations_affected": 1,
    "region": [
      "019021"
    ],
    "state": "MI",
    "victim_id": "southern Michigan Bank and Trust"
  }
}