{
  "action": {
    "physical": {
      "variety": [
        "Theft"
      ],
      "vector": [
        "Victim work area"
      ]
    }
  },
  "actor": {
    "external": {
      "country": [
        "Unknown"
      ],
      "motive": [
        "Financial"
      ],
      "region": [
        "000000"
      ],
      "variety": [
        "Unknown"
      ]
    }
  },
  "asset": {
    "assets": [
      {
        "variety": "M - Documents"
      }
    ],
    "cloud": [
      "Unknown"
    ]
  },
  "attribute": {
    "availability": {
      "variety": [
        "Loss"
      ]
    },
    "confidentiality": {
      "data": [
        {
          "amount": 661,
          "variety": "Medical"
        }
      ],
      "data_disclosure": "Yes",
      "data_total": 661,
      "data_victim": [
        "Patient"
      ],
      "state": [
        "Stored unencrypted"
      ]
    }
  },
  "discovery_method": {
    "unknown": true
  },
  "impact": {
    "overall_rating": "Unknown"
  },
  "incident_id": "00C84D6A-CDB8-4A5B-A1A6-0D75A65274D7",
  "plus": {
    "analysis_status": "First pass",
    "analyst": "swidup",
    "attribute": {
      "confidentiality": {
        "credit_monitoring": "Unknown"
      }
    },
    "created": "2014-11-21T07:50:00Z",
    "github": "4099",
    "master_id": "00C84D6A-CDB8-4A5B-A1A6-0D75A65274D7",
    "modified": "2014-11-21T07:50:00Z",
    "timeline": {
      "notification": {
        "day": 26,
        "month": 7,
        "year": 2014
      }
    }
  },
  "reference": "http://robertjgraham.com/?p=13819; http://articles.philly.com/2014-07-18/news/51663609_1_data-breach-social-security-numbers-identity-theft",
  "schema_version": "1.3.4",
  "security_incident": "Confirmed",
  "source_id": "vcdb",
  "summary": "Officials at the University of Pennsylvania Health System have notified 661 patients about a data breach that occurred when receipts from Penn Medicine Rittenhouse containing personal health data were stolen last month, the Philadelphia Inquirer reports.     Last week, the health system announced that the receipts had been taken from a locked office. The receipts included patients:  Dates of birth; Names; and The last four digits of their credit card numbers. Susan Phillips, a senior vice president at the health system, said that there had been no arrests and no reported incidents of identity theft related to the incident, which she described as very low risk.  She added that the health system is reviewing internal procedures to make any needed changes to keep patient information confidential (Burling, Philadelphia Inquirer, 7/18). ",
  "timeline": {
    "incident": {
      "month": 6,
      "year": 2014
    }
  },
  "victim": {
    "country": [
      "US"
    ],
    "employee_count": "1001 to 10000",
    "industry": "622110",
    "region": [
      "019021"
    ],
    "state": "PA",
    "victim_id": "University of Pennsylvania Health System"
  }
}