{
  "action": {
    "physical": {
      "variety": [
        "Theft"
      ],
      "vector": [
        "Victim work area"
      ]
    }
  },
  "actor": {
    "external": {
      "country": [
        "Unknown"
      ],
      "motive": [
        "Financial"
      ],
      "notes": "Lewys Martin",
      "region": [
        "019021",
        "150154",
        "142145",
        "150155"
      ],
      "variety": [
        "Unknown"
      ]
    }
  },
  "asset": {
    "assets": [
      {
        "variety": "U - Laptop"
      },
      {
        "variety": "U - Desktop or laptop"
      }
    ],
    "cloud": [
      "Unknown"
    ]
  },
  "attribute": {
    "availability": {
      "variety": [
        "Loss"
      ]
    },
    "confidentiality": {
      "data": [
        {
          "variety": "Personal"
        },
        {
          "variety": "Internal"
        }
      ],
      "data_disclosure": "Potentially",
      "state": [
        "Unknown"
      ]
    }
  },
  "discovery_method": {
    "unknown": true
  },
  "impact": {
    "overall_rating": "Unknown"
  },
  "incident_id": "00E3DF41-F36C-4D4A-A95A-CF5E3163459A",
  "plus": {
    "analysis_status": "First pass",
    "analyst": "jayjacobs",
    "attribute": {
      "confidentiality": {
        "credit_monitoring": "Unknown"
      }
    },
    "created": "2014-08-03T21:51:00Z",
    "github": "3292",
    "master_id": "00E3DF41-F36C-4D4A-A95A-CF5E3163459A",
    "modified": "2014-08-03T21:51:00Z",
    "timeline": {
      "notification": {
        "year": 2013
      }
    }
  },
  "reference": "http://www.thirdsector.co.uk/crematorium-investigation-documents-stolen-scottish-charity/governance/article/1171562",
  "schema_version": "1.3.4",
  "security_incident": "Confirmed",
  "source_id": "vcdb",
  "summary": "stolen laptop with personal information from victim grounds",
  "timeline": {
    "incident": {
      "year": 2013
    }
  },
  "victim": {
    "country": [
      "GB"
    ],
    "employee_count": "1 to 10",
    "industry": "624190",
    "region": [
      "150154"
    ],
    "state": "Scotland",
    "victim_id": "Sands Lothians"
  }
}