{
  "action": {
    "physical": {
      "variety": [
        "Theft"
      ],
      "vector": [
        "Unknown"
      ]
    }
  },
  "actor": {
    "external": {
      "country": [
        "Unknown"
      ],
      "motive": [
        "Unknown"
      ],
      "region": [
        "000000"
      ],
      "variety": [
        "Unknown"
      ]
    }
  },
  "asset": {
    "assets": [
      {
        "variety": "U - Laptop"
      },
      {
        "variety": "U - Desktop or laptop"
      }
    ],
    "cloud": [
      "Unknown"
    ]
  },
  "attribute": {
    "availability": {
      "variety": [
        "Loss"
      ]
    },
    "confidentiality": {
      "data": [
        {
          "amount": 631,
          "variety": "Medical"
        }
      ],
      "data_disclosure": "Potentially",
      "data_total": 631,
      "data_victim": [
        "Patient"
      ],
      "state": [
        "Stored"
      ]
    }
  },
  "discovery_method": {
    "unknown": true
  },
  "impact": {
    "overall_rating": "Unknown"
  },
  "incident_id": "00EB741C-0DFD-453E-9AC2-B00E512897DA",
  "plus": {
    "analysis_status": "First pass",
    "asset": {
      "total": "No"
    },
    "attribute": {
      "confidentiality": {
        "credit_monitoring": "Unknown",
        "data_abuse": "Unknown"
      }
    },
    "created": "2018-11-28T00:11:52Z",
    "github": "469",
    "master_id": "00EB741C-0DFD-453E-9AC2-B00E512897DA",
    "modified": "2014-05-10T00:58:18Z",
    "timeline": {
      "notification": {
        "day": 1,
        "month": 10,
        "year": 2013
      }
    }
  },
  "reference": "http://www.wrex.com/story/23579400/2013/10/01/laptop-stolen-from-st-marys-janesville-hospital",
  "schema_version": "1.3.4",
  "security_incident": "Confirmed",
  "source_id": "vcdb",
  "summary": "A Janesville Hospital warns patients after one of its laptops is stolen from an employee's car over the summer.  It happened August 27th.",
  "timeline": {
    "discovery": {
      "unit": "Unknown"
    },
    "incident": {
      "day": 28,
      "month": 8,
      "year": 2013
    }
  },
  "victim": {
    "country": [
      "US"
    ],
    "employee_count": "Unknown",
    "industry": "622110",
    "region": [
      "019021"
    ],
    "revenue": {
      "amount": 5000000,
      "iso_currency_code": "USD"
    },
    "state": "WI",
    "victim_id": "St. Mary's Janesville Hospital"
  }
}