{
  "action": {
    "error": {
      "variety": [
        "Disposal error"
      ],
      "vector": [
        "Inadequate processes"
      ]
    }
  },
  "actor": {
    "partner": {
      "country": [
        "GB"
      ],
      "industry": "52",
      "motive": [
        "NA"
      ],
      "notes": "Eastern and Coastal Kent Primary Care Trust",
      "region": [
        "150154"
      ]
    }
  },
  "asset": {
    "assets": [
      {
        "variety": "M - Disk media"
      }
    ],
    "cloud": [
      "Unknown"
    ],
    "notes": "Following enumerations present before veris 1.3.3 removed: asset.governance.Personally owned."
  },
  "attribute": {
    "confidentiality": {
      "data": [
        {
          "amount": 1600000,
          "variety": "Personal"
        }
      ],
      "data_disclosure": "Potentially",
      "data_total": 1600000,
      "data_victim": [
        "Patient"
      ],
      "state": [
        "Stored unencrypted"
      ]
    }
  },
  "discovery_method": {
    "external": {
      "variety": [
        "Actor disclosure"
      ]
    }
  },
  "impact": {
    "overall_rating": "Unknown"
  },
  "incident_id": "00EF0132-EE8B-4DD2-8DBF-624D2633F598",
  "plus": {
    "analysis_status": "First pass",
    "analyst": "blackfist",
    "attribute": {
      "confidentiality": {
        "credit_monitoring": "Unknown"
      }
    },
    "created": "2014-02-16T16:36:26Z",
    "github": "1633",
    "master_id": "00EF0132-EE8B-4DD2-8DBF-624D2633F598",
    "modified": "2014-05-10T00:58:18Z",
    "sub_source": "priority",
    "timeline": {
      "notification": {
        "day": 16,
        "month": 9,
        "year": 2011
      }
    }
  },
  "reference": "http://www.independent.co.uk/life-style/health-and-families/health-news/nhs-trust-sends-data-cd-to-landfill-2355834.html (20140216)",
  "schema_version": "1.3.4",
  "security_incident": "Confirmed",
  "source_id": "vcdb",
  "summary": "Partner throws away customer data.",
  "timeline": {
    "incident": {
      "year": 2011
    }
  },
  "victim": {
    "country": [
      "GB"
    ],
    "employee_count": "Over 100000",
    "industry": "524114",
    "region": [
      "150154"
    ],
    "victim_id": "UK National Health Service"
  }
}