{
  "action": {
    "hacking": {
      "result": [
        "Infiltrate",
        "Exfiltrate"
      ],
      "variety": [
        "Unknown"
      ],
      "vector": [
        "Web application"
      ]
    }
  },
  "actor": {
    "external": {
      "country": [
        "US"
      ],
      "motive": [
        "Financial"
      ],
      "region": [
        "019021"
      ],
      "variety": [
        "Unaffiliated"
      ]
    }
  },
  "asset": {
    "assets": [
      {
        "variety": "S - Web application"
      }
    ],
    "cloud": [
      "Unknown"
    ]
  },
  "attribute": {
    "confidentiality": {
      "data": [
        {
          "amount": 57000000,
          "variety": "Personal"
        }
      ],
      "data_disclosure": "Yes",
      "data_total": 57000000,
      "data_victim": [
        "Customer",
        "Employee"
      ],
      "state": [
        "Stored"
      ]
    }
  },
  "confidence": "High",
  "discovery_method": {
    "external": {
      "variety": [
        "Actor disclosure"
      ]
    }
  },
  "impact": {
    "iso_currency_code": "USD",
    "loss": [
      {
        "amount": 100000,
        "rating": "Minor",
        "variety": "Response and recovery"
      }
    ],
    "notes": "Amount paid to hacker to delete the data.",
    "overall_amount": 100000,
    "overall_rating": "Insignificant"
  },
  "incident_id": "4d331ca0-0b73-11e8-827c-bba53cbad290",
  "plus": {
    "analysis_status": "Validated",
    "analyst": "swidup",
    "attribute": {
      "confidentiality": {
        "data_abuse": "Yes"
      }
    },
    "created": "2018-02-07T03:42:30.407Z",
    "dbir_year": 2018,
    "github": "10507",
    "master_id": "011c5034-b0a2-47e6-a9fc-8e725cde01db",
    "modified": "2018-02-07T03:42:30.407Z",
    "sub_source": "priority",
    "timeline": {
      "notification": {
        "day": 21,
        "month": 11,
        "year": 2017
      }
    }
  },
  "reference": "http://katu.com/news/nation-world/report-uber-covered-up-cyber-attack-that-exposed-data-from-57-million-people; https://www.bloomberg.com/news/articles/2017-11-21/uber-concealed-cyberattack-that-exposed-57-million-people-s-data; https://www.reuters.com/article/us-uber-cyber-payment-exclusive/exclusive-uber-paid-20-year-old-florida-man-to-keep-data-breach-secret-sources-idUSKBN1E101C",
  "schema_version": "1.3.4",
  "security_incident": "Confirmed",
  "source_id": "vcdb",
  "summary": "Hackers stole the personal data of 57 million customers and drivers from Uber Technologies Inc., a massive breach that the company concealed for more than a year. This week, the ride-hailing firm ousted its chief security officer and one of his deputies for their roles in keeping the hack under wraps, which included a $100,000 payment to the attackers.  Compromised data from the October 2016 attack included names, email addresses and phone numbers of 50 million Uber riders around the world, the company told Bloomberg on Tuesday. The personal information of about 7 million drivers was accessed as well, including some 600,000 U.S. driver\u2019s license numbers. No Social Security numbers, credit card information, trip location details or other data were taken, Uber said.",
  "targeted": "Unknown",
  "timeline": {
    "incident": {
      "month": 10,
      "year": 2016
    }
  },
  "victim": {
    "country": [
      "US"
    ],
    "employee_count": "10001 to 25000",
    "industry": "485300",
    "region": [
      "019021"
    ],
    "state": "CA",
    "victim_id": "Uber"
  }
}