{
  "action": {
    "error": {
      "variety": [
        "Disposal error"
      ],
      "vector": [
        "Unknown"
      ]
    }
  },
  "actor": {
    "internal": {
      "motive": [
        "NA"
      ],
      "variety": [
        "Unknown"
      ]
    }
  },
  "asset": {
    "assets": [
      {
        "variety": "M - Documents"
      }
    ],
    "cloud": [
      "Unknown"
    ]
  },
  "attribute": {
    "confidentiality": {
      "data": [
        {
          "amount": 606,
          "variety": "Medical"
        }
      ],
      "data_disclosure": "Yes",
      "data_total": 606,
      "data_victim": [
        "Patient"
      ],
      "state": [
        "Stored unencrypted"
      ]
    }
  },
  "discovery_method": {
    "unknown": true
  },
  "impact": {
    "overall_rating": "Unknown"
  },
  "incident_id": "01444861-9D3E-4207-839D-F3B7D1AB4A89",
  "plus": {
    "analysis_status": "First pass",
    "analyst": "swidup",
    "attribute": {
      "confidentiality": {
        "credit_monitoring": "Unknown"
      }
    },
    "created": "2013-11-15T23:06:00Z",
    "master_id": "01444861-9D3E-4207-839D-F3B7D1AB4A89",
    "modified": "2014-05-10T00:58:18Z",
    "timeline": {
      "notification": {
        "day": 13,
        "month": 11,
        "year": 2013
      }
    }
  },
  "reference": "http://www.hhs.gov/ocr/privacy/hipaa/administrative/breachnotificationrule/HealthInfoBreaches.csv; http://www.phiprivacy.net/and-yet-9-more-breaches-added-to-hhss-breach-tool/",
  "schema_version": "1.3.4",
  "security_incident": "Confirmed",
  "source_id": "vcdb",
  "summary": "Improper disposal of paper records exposes 606 patient records.",
  "timeline": {
    "incident": {
      "day": 28,
      "month": 6,
      "year": 2013
    }
  },
  "victim": {
    "country": [
      "US"
    ],
    "employee_count": "1001 to 10000",
    "industry": "622110",
    "region": [
      "019021"
    ],
    "state": "CO",
    "victim_id": "Rose Medical Center"
  }
}