{
  "action": {
    "physical": {
      "notes": "Appears ink and paper log bog was stolen. However, it is not abundantly clear if book was stolen or lost but intimates that it was stolen.",
      "variety": [
        "Theft"
      ],
      "vector": [
        "Victim work area"
      ]
    }
  },
  "actor": {
    "external": {
      "country": [
        "US"
      ],
      "motive": [
        "Unknown"
      ],
      "region": [
        "019021"
      ],
      "variety": [
        "Unknown"
      ]
    },
    "unknown": {
      "notes": "It does not provide enough info, but I am going to assume it was stolen by an external party."
    }
  },
  "asset": {
    "assets": [
      {
        "amount": 1,
        "variety": "M - Documents"
      }
    ],
    "cloud": [
      "Unknown"
    ],
    "total_amount": 1
  },
  "attribute": {
    "availability": {
      "duration": {
        "unit": "Unknown"
      },
      "notes": "Appears to be permanently lost.",
      "variety": [
        "Loss"
      ]
    },
    "confidentiality": {
      "data": [
        {
          "amount": 750,
          "variety": "Medical"
        }
      ],
      "data_disclosure": "Potentially",
      "data_total": 750,
      "data_victim": [
        "Patient"
      ],
      "notes": "actual hard copy book.",
      "state": [
        "Stored"
      ]
    }
  },
  "confidence": "Medium",
  "discovery_method": {
    "internal": {
      "variety": [
        "Unknown"
      ]
    }
  },
  "discovery_notes": "Appears some employee noticed it was missing.",
  "incident_id": "513d84c0-8e55-11e7-a8ae-d30cdd9499d2",
  "plus": {
    "analysis_status": "Validated",
    "analyst": "Hylender",
    "analyst_notes": "First batch using new tool.",
    "created": "2017-10-23T23:48:53.394Z",
    "credit_monitoring": "yes",
    "credit_monitoring_years": 1,
    "dbir_year": 2018,
    "github": "9958",
    "master_id": "014490d4-e3d6-46ab-b1cf-777b3f8fa397",
    "modified": "2017-10-23T23:48:53.394Z",
    "sub_source": "phidbr"
  },
  "reference": "http://www.news-herald.com/general-news/20170814/tripoint-medical-center-lake-health-investigating-missing-obstetrics-records",
  "schema_version": "1.3.4",
  "security_incident": "Suspected",
  "source_id": "vcdb",
  "summary": "Log book containing details about deliveries from the obstetrics department of an Ohio hospital was stolen compromising some medical data on approximately 750 patients. ",
  "targeted": "Unknown",
  "timeline": {
    "compromise": {
      "unit": "Unknown"
    },
    "containment": {
      "unit": "Unknown"
    },
    "discovery": {
      "unit": "Unknown"
    },
    "exfiltration": {
      "unit": "Unknown"
    },
    "incident": {
      "day": 15,
      "month": 6,
      "year": 2017
    }
  },
  "victim": {
    "country": [
      "US"
    ],
    "employee_count": "11 to 100",
    "industry": "622110",
    "locations_affected": 1,
    "region": [
      "019021"
    ],
    "state": "OH"
  }
}