{
  "action": {
    "misuse": {
      "notes": "Hand held skimmers likely used in capturing payment card data.",
      "variety": [
        "Possession abuse",
        "Unapproved hardware"
      ],
      "vector": [
        "Physical access"
      ]
    },
    "social": {
      "notes": "Use of fake documents and assumed identities to obtain employment.",
      "target": [
        "Manager"
      ],
      "variety": [
        "Forgery",
        "Pretexting"
      ],
      "vector": [
        "Documents",
        "In-person"
      ]
    }
  },
  "actor": {
    "internal": {
      "motive": [
        "Financial"
      ],
      "notes": "Actors obtained employment with fake identities and skimmed credit cards. Sought employment right after business opened.",
      "variety": [
        "Cashier"
      ]
    }
  },
  "asset": {
    "assets": [
      {
        "variety": "M - Payment card"
      },
      {
        "variety": "P - Manager"
      }
    ],
    "cloud": [
      "Unknown"
    ]
  },
  "attribute": {
    "confidentiality": {
      "data": [
        {
          "amount": 30,
          "variety": "Payment"
        }
      ],
      "data_disclosure": "Yes",
      "data_total": 30,
      "state": [
        "Unknown"
      ]
    },
    "integrity": {
      "notes": "Threat actors influenced business owner/management to hire them.",
      "variety": [
        "Alter behavior"
      ]
    }
  },
  "discovery_method": {
    "external": {
      "variety": [
        "Fraud detection"
      ]
    }
  },
  "impact": {
    "loss": [
      {
        "rating": "Major",
        "variety": "Brand damage"
      }
    ],
    "overall_rating": "Unknown"
  },
  "incident_id": "0185D70F-AFC9-4354-8C66-0AC8DBD16D28",
  "plus": {
    "analysis_status": "First pass",
    "analyst": "Splitler",
    "asset": {
      "total": "No"
    },
    "attribute": {
      "confidentiality": {
        "credit_monitoring": "Unknown",
        "data_abuse": "Yes"
      }
    },
    "created": "2013-03-14T22:13:16Z",
    "master_id": "0185D70F-AFC9-4354-8C66-0AC8DBD16D28",
    "modified": "2014-05-10T00:58:18Z",
    "timeline": {
      "notification": {
        "month": 5,
        "year": 2012
      }
    }
  },
  "reference": "http://waukee.patch.com/articles/west-des-moines-restaurateur-tracks-down-the-culprits-in-credit-card-fraud-cases http://westdesmoines.patch.com/articles/west-des-moines-police-find-link-in-spate-of-credit-card-fraud-cases http://www.yelp.com/biz/eastern-hibachi-and-sushi-west-des-moines",
  "schema_version": "1.3.4",
  "security_incident": "Confirmed",
  "source_id": "vcdb",
  "summary": "2 employees at restaurant used fake identities to secure jobs for the purpose of skimming customer credit cards. At least 30 cards were used to make fraudulent charges.  Business suffered significant reduction in business post-breach and was forced to close. ",
  "timeline": {
    "compromise": {
      "unit": "NA"
    },
    "containment": {
      "unit": "Weeks"
    },
    "discovery": {
      "unit": "Weeks"
    },
    "exfiltration": {
      "unit": "Seconds"
    },
    "incident": {
      "month": 3,
      "year": 2012
    }
  },
  "victim": {
    "country": [
      "US"
    ],
    "employee_count": "11 to 100",
    "industry": "722",
    "region": [
      "019021"
    ],
    "state": "IA",
    "victim_id": "Eastern Buffet"
  }
}