{
  "action": {
    "hacking": {
      "variety": [
        "Unknown"
      ],
      "vector": [
        "Web application"
      ]
    }
  },
  "actor": {
    "external": {
      "country": [
        "Unknown"
      ],
      "motive": [
        "Ideology"
      ],
      "region": [
        "000000"
      ],
      "variety": [
        "Unknown"
      ]
    }
  },
  "asset": {
    "assets": [
      {
        "variety": "S - Web application"
      }
    ],
    "cloud": [
      "Unknown"
    ]
  },
  "attribute": {
    "confidentiality": {
      "data": [
        {
          "variety": "Unknown"
        }
      ],
      "data_disclosure": "Yes"
    }
  },
  "discovery_method": {
    "unknown": true
  },
  "incident_id": "0199FEF0-3636-4F0F-8A7B-6082E2774DB5",
  "plus": {
    "analysis_status": "First pass",
    "created": "2013-09-10T20:13:32Z",
    "master_id": "0199FEF0-3636-4F0F-8A7B-6082E2774DB5",
    "modified": "2014-04-27T19:37:01Z",
    "timeline": {
      "notification": {
        "day": 30,
        "month": 1,
        "year": 2013
      }
    }
  },
  "reference": "http://www.cnn.com/2013/01/31/tech/china-nyt-hacking/index.html, http://www.nytimes.com/2013/01/31/technology/chinese-hackers-infiltrate-new-york-times-computers.html?partner=rss&emc=rss&_r=0, http://www.zdnet.com/cn/new-york-times-breached-by-chinese-hackers-over-four-months-7000010604/,http://www.nytimes.com/2013/01/31/technology/chinese-hackers-infiltrate-new-york-times-computers.html?hp&_r=1&",
  "schema_version": "1.3.4",
  "security_incident": "Confirmed",
  "source_id": "vcdb",
  "summary": "The New York Times' computer system was hacked after Chinese government officials warned the Times about consequences for investigating the wealth of government family members.  The Times began monitoring its system closely on October 24 and noticed unusual activity on October 25 when an article about the wealth of a Chinese official's family was published.  The breach began on September 13 and was allowed to continue until January so that the hackers' behavior could be studied.  It appears that the passwords of every Times employee were compromised and 53 Times employees had their personal computers accessed.  The 53 employees were located outside of the United States and appear to have been the ones who may have covered the Chinese stories.",
  "timeline": {
    "incident": {
      "month": 1,
      "year": 2013
    }
  },
  "victim": {
    "country": [
      "US"
    ],
    "employee_count": "1001 to 10000",
    "industry": "511110",
    "region": [
      "019021"
    ],
    "secondary": {
      "amount": 1,
      "victim_id": [
        "Wall Street Journal"
      ]
    },
    "state": "NY",
    "victim_id": "New York Times"
  }
}