{
  "action": {
    "misuse": {
      "variety": [
        "Data mishandling"
      ],
      "vector": [
        "Unknown"
      ]
    }
  },
  "actor": {
    "external": {
      "country": [
        "Unknown"
      ],
      "motive": [
        "Unknown",
        "Grudge"
      ],
      "notes": "\"act of revenge\" at the hands of a disgruntled former employee",
      "region": [
        "000000"
      ],
      "variety": [
        "Unknown",
        "Former employee"
      ]
    },
    "internal": {
      "job_change": [
        "Hired"
      ],
      "motive": [
        "Unknown"
      ],
      "variety": [
        "Unknown"
      ]
    }
  },
  "asset": {
    "assets": [
      {
        "variety": "Unknown"
      }
    ],
    "cloud": [
      "Unknown"
    ],
    "notes": "Following enumerations present before veris 1.3.3 removed: asset.governance.Unknown."
  },
  "attribute": {
    "confidentiality": {
      "data": [
        {
          "amount": 112000,
          "variety": "Personal"
        }
      ],
      "data_disclosure": "Yes",
      "data_total": 112000,
      "data_victim": [
        "Employee"
      ],
      "notes": "A data breach has impacted 112,000 French police officers after a file containing home addresses and telephone numbers was uploaded to Google Drive without strong protection.  The investigation into the leak, which took three weeks to uncover, is now underway to find out if anyone accessed the compromised data.",
      "state": [
        "Stored unencrypted"
      ]
    }
  },
  "discovery_method": {
    "unknown": true
  },
  "discovery_notes": "The investigation into the leak, which took three weeks to uncover, is now underway to find out if anyone accessed the compromised data.",
  "impact": {
    "overall_rating": "Unknown"
  },
  "incident_id": "94FB9DA9-CBB3-443F-B273-902C0BCF3360",
  "notes": "The details of the officers, serving and retired, and their families, were uploaded to the Google Drive storage service on 2 June, where they were protected by a password.",
  "plus": {
    "analysis_status": "Finalized",
    "analyst": "anastasia",
    "attribute": {
      "confidentiality": {
        "credit_monitoring": "Unknown",
        "data_abuse": "Yes"
      }
    },
    "created": "2016-08-18T21:27:00Z",
    "dbir_year": 2017,
    "github": "8011",
    "master_id": "01A00ECE-E4DB-4AA1-A5AE-8F326D76A9A5",
    "modified": "2016-08-19T16:56:00Z",
    "sub_source": "priority",
    "timeline": {
      "notification": {
        "day": 27,
        "month": 6,
        "year": 2016
      }
    }
  },
  "reference": "http://www.bbc.com/news/world-europe-36645519; http://www.ibtimes.co.uk/data-breach-exposes-112000-french-police-officers-two-weeks-after-isis-inspired-murder-1567873",
  "schema_version": "1.3.4",
  "security_incident": "Confirmed",
  "source_id": "vcdb",
  "summary": "French police hit by security breach as data put online.  A data breach has impacted 112,000 French police officers after a file containing home addresses and telephone numbers was uploaded to Google Drive without strong protection  roughly two weeks after a police official was murdered in an Isis-inspired attack.",
  "timeline": {
    "discovery": {
      "unit": "Weeks",
      "value": 3.0
    },
    "incident": {
      "day": 2,
      "month": 6,
      "year": 2016
    }
  },
  "victim": {
    "country": [
      "FR"
    ],
    "employee_count": "Unknown",
    "industry": "524210",
    "region": [
      "150155"
    ],
    "victim_id": "Mutuelle Generale de la Police"
  }
}