{
  "action": {
    "error": {
      "variety": [
        "Misdelivery"
      ],
      "vector": [
        "Carelessness"
      ]
    }
  },
  "actor": {
    "internal": {
      "motive": [
        "NA"
      ],
      "variety": [
        "Unknown"
      ]
    }
  },
  "asset": {
    "assets": [
      {
        "variety": "M - Documents"
      }
    ],
    "cloud": [
      "Unknown"
    ]
  },
  "attribute": {
    "confidentiality": {
      "data": [
        {
          "variety": "Unknown"
        }
      ],
      "data_disclosure": "Unknown",
      "data_total": 23
    }
  },
  "discovery_method": {
    "unknown": true
  },
  "incident_id": "01BC967E-5674-4624-8361-61174C72FE31",
  "plus": {
    "analysis_status": "First pass",
    "analyst": "swidup",
    "created": "2014-07-30T19:04:07Z",
    "dbir_year": 2014,
    "master_id": "01BC967E-5674-4624-8361-61174C72FE31",
    "modified": "2015-02-13T16:50:35Z"
  },
  "reference": "http://vcdb.org/pdf/va-security.pdf",
  "schema_version": "1.3.4",
  "security_incident": "Confirmed",
  "source_id": "vcdb",
  "summary": "Patient A reported that they received the OR schedule for 7/15/10 in with papers received for their pre-op clinic on 7/15. Patient A was in for surgery today and shared this information with the staff. Patient A stated the information will be mailed back to the facility. The schedule contained 23 Veteran's names and social security numbers.",
  "timeline": {
    "incident": {
      "day": 21,
      "month": 7,
      "year": 2010
    }
  },
  "victim": {
    "country": [
      "US"
    ],
    "employee_count": "Over 100000",
    "industry": "923140",
    "region": [
      "019021"
    ],
    "state": "AR",
    "victim_id": "United States Department of Veterans Affairs"
  }
}