{
  "action": {
    "error": {
      "variety": [
        "Misdelivery"
      ],
      "vector": [
        "Carelessness"
      ]
    }
  },
  "actor": {
    "internal": {
      "motive": [
        "NA"
      ],
      "variety": [
        "Unknown"
      ]
    }
  },
  "asset": {
    "assets": [
      {
        "variety": "M - Documents"
      }
    ],
    "cloud": [
      "Unknown"
    ]
  },
  "attribute": {
    "confidentiality": {
      "data": [
        {
          "variety": "Unknown"
        }
      ],
      "data_disclosure": "Yes",
      "data_total": 2
    }
  },
  "discovery_method": {
    "unknown": true
  },
  "incident_id": "01C432FA-4671-4E79-96EA-50EA358082A6",
  "plus": {
    "analysis_status": "First pass",
    "analyst": "swidup",
    "created": "2014-02-21T04:07:15Z",
    "master_id": "01C432FA-4671-4E79-96EA-50EA358082A6",
    "modified": "2014-07-30T19:07:17Z"
  },
  "reference": "http://vcdb.org/pdf/va-security.pdf",
  "schema_version": "1.3.4",
  "security_incident": "Confirmed",
  "source_id": "vcdb",
  "summary": "Two Veterans were given each other's information. The documents contained the Veterans' full name, full SSN and address. The mistake was noted a few minutes afterwards while the two were still at the clinic.",
  "timeline": {
    "incident": {
      "day": 16,
      "month": 3,
      "year": 2012
    }
  },
  "victim": {
    "country": [
      "US"
    ],
    "employee_count": "Over 100000",
    "industry": "923140",
    "region": [
      "019021"
    ],
    "state": "TX",
    "victim_id": "United States Department of Veterans Affairs"
  }
}