{
  "action": {
    "misuse": {
      "variety": [
        "Possession abuse"
      ],
      "vector": [
        "Physical access"
      ]
    }
  },
  "actor": {
    "external": {
      "country": [
        "Unknown"
      ],
      "motive": [
        "Unknown"
      ],
      "region": [
        "000000"
      ],
      "variety": [
        "Former employee"
      ]
    }
  },
  "asset": {
    "assets": [
      {
        "variety": "M - Documents"
      }
    ],
    "cloud": [
      "Unknown"
    ]
  },
  "attribute": {
    "confidentiality": {
      "data": [
        {
          "amount": 164,
          "variety": "Medical"
        }
      ],
      "data_disclosure": "Yes",
      "data_total": 164,
      "data_victim": [
        "Patient"
      ],
      "state": [
        "Stored"
      ]
    }
  },
  "discovery_method": {
    "unknown": true
  },
  "impact": {
    "overall_rating": "Unknown"
  },
  "incident_id": "01E748E8-23CA-43BB-9413-9D357C53997B",
  "plus": {
    "analysis_status": "First pass",
    "analyst": "dhylender",
    "attribute": {
      "confidentiality": {
        "credit_monitoring": "Yes"
      }
    },
    "created": "2013-12-17T16:17:00Z",
    "github": "1063",
    "master_id": "01E748E8-23CA-43BB-9413-9D357C53997B",
    "modified": "2014-05-10T00:58:18Z",
    "timeline": {
      "notification": {
        "day": 11,
        "month": 12,
        "year": 2013
      }
    }
  },
  "reference": "http://www.heraldonline.com/2013/12/11/5495494/uconn-employee-breached-privacy.html ; http://healthitsecurity.com/2013/12/12/uconn-health-center-investigating-second-2013-data-breach/",
  "schema_version": "1.3.4",
  "security_incident": "Confirmed",
  "source_id": "vcdb",
  "summary": "An employee of the UConn Health Center inappropriately accessed personal information in the medical records of 164 patients, the university said Wednesday. ",
  "timeline": {
    "incident": {
      "year": 2013
    }
  },
  "victim": {
    "country": [
      "US"
    ],
    "employee_count": "1 to 10",
    "industry": "621111",
    "region": [
      "019021"
    ],
    "state": "CT",
    "victim_id": "UConn Health Center"
  }
}