{
  "action": {
    "unknown": {}
  },
  "actor": {
    "unknown": {}
  },
  "asset": {
    "assets": [
      {
        "variety": "M - Documents"
      }
    ],
    "cloud": [
      "Unknown"
    ]
  },
  "attribute": {
    "confidentiality": {
      "data": [
        {
          "amount": 950,
          "variety": "Medical"
        }
      ],
      "data_disclosure": "Potentially",
      "data_total": 950
    }
  },
  "discovery_method": {
    "unknown": true
  },
  "impact": {
    "overall_rating": "Unknown"
  },
  "incident_id": "01E81B3F-A5D4-426A-8671-0021B3B6E626",
  "plus": {
    "analysis_status": "First pass",
    "created": "2013-04-12T22:29:56Z",
    "master_id": "01E81B3F-A5D4-426A-8671-0021B3B6E626",
    "modified": "2014-04-27T19:37:01Z"
  },
  "schema_version": "1.3.4",
  "security_incident": "Confirmed",
  "source_id": "vcdb",
  "timeline": {
    "discovery": {
      "unit": "Unknown"
    },
    "incident": {
      "day": 1,
      "month": 4,
      "year": 2011
    }
  },
  "victim": {
    "country": [
      "US"
    ],
    "employee_count": "101 to 1000",
    "industry": "621498",
    "region": [
      "019021"
    ],
    "state": "WV",
    "victim_id": "New River Health Association"
  }
}