{
  "action": {
    "error": {
      "notes": " [through Web]",
      "variety": [
        "Publishing error"
      ],
      "vector": [
        "Unknown"
      ]
    }
  },
  "actor": {
    "internal": {
      "motive": [
        "Other"
      ],
      "variety": [
        "Unknown"
      ]
    }
  },
  "asset": {
    "assets": [
      {
        "variety": "S - File"
      }
    ],
    "cloud": [
      "Unknown"
    ]
  },
  "attribute": {
    "confidentiality": {
      "data": [
        {
          "amount": 20000000,
          "variety": "Personal"
        }
      ],
      "data_disclosure": "Yes",
      "data_total": 20000000,
      "data_victim": [
        "Customer"
      ],
      "state": [
        "Stored unencrypted"
      ]
    }
  },
  "discovery_method": {
    "other": true
  },
  "impact": {
    "overall_rating": "Unknown"
  },
  "incident_id": "02037087-0829-49A3-BAD2-99A2C5E9A3E5",
  "plus": {
    "analysis_status": "First pass",
    "analyst": "swidup",
    "asset": {
      "total": "No"
    },
    "attribute": {
      "confidentiality": {
        "credit_monitoring": "Unknown",
        "data_abuse": "Unknown"
      }
    },
    "created": "2013-07-25T20:17:14Z",
    "master_id": "02037087-0829-49A3-BAD2-99A2C5E9A3E5",
    "modified": "2014-05-10T00:58:18Z",
    "timeline": {
      "notification": {
        "day": 6,
        "month": 8,
        "year": 2006
      }
    }
  },
  "reference": "http://techcrunch.com/2006/08/06/aol-proudly-releases-massive-amounts-of-user-search-data/",
  "schema_version": "1.3.4",
  "security_incident": "Confirmed",
  "source_id": "vcdb",
  "summary": "AOL voluntarily releases data including 20 million web queries from 650,000 AOL users.  Data included all searches from those users within a three month period, as well as whether they clicked on a result, and what that result was/where it appeared on the result page.",
  "timeline": {
    "incident": {
      "month": 8,
      "year": 2006
    }
  },
  "victim": {
    "country": [
      "US"
    ],
    "employee_count": "1001 to 10000",
    "industry": "519130",
    "region": [
      "019021"
    ],
    "revenue": {
      "amount": 2190000000,
      "iso_currency_code": "USD"
    },
    "state": "NY",
    "victim_id": "America OnLine (AOL)"
  }
}