{
  "action": {
    "error": {
      "notes": "Unknown",
      "variety": [
        "Loss"
      ],
      "vector": [
        "Carelessness"
      ]
    }
  },
  "actor": {
    "internal": {
      "motive": [
        "NA"
      ],
      "variety": [
        "Unknown"
      ]
    }
  },
  "asset": {
    "assets": [
      {
        "variety": "M - Flash drive"
      }
    ],
    "cloud": [
      "Unknown"
    ]
  },
  "attribute": {
    "availability": {
      "variety": [
        "Loss"
      ]
    },
    "confidentiality": {
      "data": [
        {
          "amount": 5000,
          "variety": "Personal"
        }
      ],
      "data_disclosure": "Yes",
      "data_total": 5000,
      "data_victim": [
        "Customer"
      ],
      "state": [
        "Stored unencrypted"
      ]
    }
  },
  "discovery_method": {
    "internal": {
      "variety": [
        "Reported by employee"
      ]
    }
  },
  "impact": {
    "overall_rating": "Unknown"
  },
  "incident_id": "021BDDC2-7CD6-42FE-B307-51051F7E6690",
  "plus": {
    "analysis_status": "First pass",
    "analyst": "swidup",
    "asset": {
      "total": "No"
    },
    "attribute": {
      "confidentiality": {
        "credit_monitoring": "Unknown",
        "data_abuse": "Unknown"
      }
    },
    "created": "2013-02-23T03:08:58Z",
    "master_id": "021BDDC2-7CD6-42FE-B307-51051F7E6690",
    "modified": "2014-05-10T00:58:18Z",
    "timeline": {
      "notification": {
        "day": 1,
        "month": 1,
        "year": 2013
      }
    }
  },
  "reference": "http://www.thestar.com/news/gta/article/1308440--concern-mounts-among-those-affected-by-federal-government-privacy-breach, http://www.sunnewsnetwork.ca/sunnews/canada/archives/2013/01/20130101-175145.html ",
  "schema_version": "1.3.4",
  "security_incident": "Confirmed",
  "source_id": "vcdb",
  "summary": "The massive federal department responsible for Canada's employment, training and pension programs faces a formal investigation into a possible breach of the nation's privacy law after the government misplaced a USB key containing the personal information of 5,000 Canadians.  An employee of Human Resources and Skills Development Canada (HRSDC) lost the flash drive containing the Social Insurance Numbers and other sensitive information, QMI Agency first reported last week.",
  "timeline": {
    "incident": {
      "day": 17,
      "month": 11,
      "year": 2012
    }
  },
  "victim": {
    "country": [
      "CA"
    ],
    "employee_count": "Unknown",
    "industry": "561311",
    "region": [
      "019021"
    ],
    "victim_id": "Human Resources and Skills Development Canada"
  }
}