{
  "action": {
    "hacking": {
      "variety": [
        "Abuse of functionality",
        "Exploit vuln"
      ],
      "vector": [
        "Web application"
      ]
    }
  },
  "actor": {
    "external": {
      "country": [
        "Unknown"
      ],
      "motive": [
        "Unknown"
      ],
      "region": [
        "000000"
      ],
      "variety": [
        "Unknown"
      ]
    }
  },
  "asset": {
    "assets": [
      {
        "variety": "S - Web application"
      },
      {
        "variety": "S - Database"
      }
    ],
    "cloud": [
      "Unknown"
    ]
  },
  "attribute": {
    "confidentiality": {
      "data": [
        {
          "amount": 4600000,
          "variety": "Personal"
        }
      ],
      "data_disclosure": "Yes",
      "data_total": 4600000,
      "data_victim": [
        "Customer"
      ],
      "state": [
        "Stored unencrypted"
      ]
    }
  },
  "discovery_method": {
    "external": {
      "variety": [
        "Actor disclosure"
      ]
    }
  },
  "impact": {
    "overall_rating": "Unknown"
  },
  "incident_id": "02973E91-8604-4813-9506-089E0E053F2F",
  "plus": {
    "analysis_status": "First pass",
    "analyst": "blackfist",
    "attribute": {
      "confidentiality": {
        "credit_monitoring": "Unknown"
      }
    },
    "created": "2014-06-05T14:26:00Z",
    "github": "1202",
    "master_id": "02973E91-8604-4813-9506-089E0E053F2F",
    "modified": "2014-06-05T14:26:00Z",
    "sub_source": "priority",
    "timeline": {
      "notification": {
        "day": 2,
        "month": 1,
        "year": 2014
      }
    }
  },
  "reference": "http://www.journalgazette.net/article/20140103/BIZ/301039976/1031/BIZ (20140605);http://arstechnica.com/security/2014/01/greyhats-expose-4-5-million-snapchat-phone-numbers-using-theoretical-hack/ (20140605);http://blog.snapchat.com/post/72013106599/find-friends-abuse (20140605);http://timesofindia.indiatimes.com/tech/tech-news/Snapchat-database-hacked-4-6m-user-IDs-phone-nos-leaked/articleshow/28234201.cms? (20140605);http://gigaom.com/2013/12/31/snapchat-hacked-4-6-million-usernames-and-phone-numbers-lifted/ (20140605)",
  "schema_version": "1.3.4",
  "security_incident": "Confirmed",
  "source_id": "vcdb",
  "summary": "Attackers misuse the functionality built into snapchat to enumerate personal information of 4.6 million users.",
  "timeline": {
    "incident": {
      "day": 31,
      "month": 12,
      "year": 2013
    }
  },
  "victim": {
    "country": [
      "US"
    ],
    "employee_count": "Unknown",
    "industry": "51",
    "region": [
      "019021"
    ],
    "state": "CA",
    "victim_id": "Snapchat"
  }
}