{
  "action": {
    "malware": {
      "variety": [
        "Unknown"
      ],
      "vector": [
        "Unknown"
      ]
    }
  },
  "actor": {
    "external": {
      "country": [
        "Unknown"
      ],
      "motive": [
        "Financial"
      ],
      "region": [
        "000000"
      ],
      "variety": [
        "Unknown"
      ]
    }
  },
  "asset": {
    "assets": [
      {
        "variety": "U - POS terminal"
      }
    ],
    "cloud": [
      "Unknown"
    ],
    "management": [
      "External"
    ]
  },
  "attribute": {
    "confidentiality": {
      "data": [
        {
          "amount": 3200000,
          "variety": "Bank"
        }
      ],
      "data_disclosure": "Yes",
      "data_total": 3200000,
      "data_victim": [
        "Customer"
      ],
      "state": [
        "Unknown"
      ]
    },
    "integrity": {
      "variety": [
        "Software installation"
      ]
    }
  },
  "discovery_method": {
    "unknown": true
  },
  "impact": {
    "overall_rating": "Unknown"
  },
  "incident_id": "8265990C-BBC0-417C-9573-E94A3BF0F887",
  "plus": {
    "analysis_status": "Finalized",
    "analyst": "swidup",
    "attribute": {
      "confidentiality": {
        "credit_monitoring": "Unknown",
        "data_abuse": "Yes"
      }
    },
    "created": "2017-01-27T22:56:00Z",
    "dbir_year": 2017,
    "github": "8670",
    "master_id": "02AE014F-BED2-47F9-9D68-F4055A93760A",
    "modified": "2017-01-27T23:02:00Z",
    "sub_source": "priority",
    "timeline": {
      "notification": {
        "day": 20,
        "month": 10,
        "year": 2016
      }
    }
  },
  "reference": "http://www.zdnet.com/article/india-experiences-catastrophic-cyberattack-with-theft-of-3-2-million-debit-cards-account-details/; http://economictimes.indiatimes.com/industry/banking/finance/banking/3-2-million-debit-cards-compromised-sbi-hdfc-bank-icici-yes-bank-and-axis-worst-hit/articleshow/54945561.cms",
  "schema_version": "1.3.4",
  "security_incident": "Confirmed",
  "source_id": "vcdb",
  "summary": "India is dealing with one of the worst data breaches ever to hit the country with as many as 3.2 million debit card details stolen from multiple banks and financial platforms.  On Thursday, the Economic Times reported that malware was used to compromise the Hitachi Payment Services platform, used to power India's ATM, point-of-sale (PoS) systems and other financial transactions.  This infection then affected the State Bank of India (SBI), ICICI, Yes, Axis and HDFC, which are said to be the hardest hit. The Visa and Mastercard networks are also allegedly affected by the data breach -- which took roughly six weeks to detect.  Little is known beyond feedback from several victims who claim that their cards are being used fraudulently in China.",
  "timeline": {
    "incident": {
      "year": 2016
    }
  },
  "victim": {
    "country": [
      "IN"
    ],
    "employee_count": "1001 to 10000",
    "industry": "423430",
    "region": [
      "142034"
    ],
    "victim_id": "Hitachi Payment Services"
  }
}