{
  "action": {
    "misuse": {
      "variety": [
        "Privilege abuse"
      ],
      "vector": [
        "LAN access"
      ]
    }
  },
  "actor": {
    "internal": {
      "motive": [
        "Fun"
      ],
      "variety": [
        "Unknown",
        "End-user"
      ]
    }
  },
  "asset": {
    "assets": [
      {
        "variety": "S - Database"
      }
    ],
    "cloud": [
      "Unknown"
    ]
  },
  "attribute": {
    "confidentiality": {
      "data": [
        {
          "variety": "Medical"
        }
      ],
      "data_disclosure": "Yes",
      "data_victim": [
        "Patient"
      ],
      "state": [
        "Unknown"
      ]
    }
  },
  "discovery_method": {
    "unknown": true
  },
  "impact": {
    "overall_rating": "Unknown"
  },
  "incident_id": "02BD1AF4-6473-4DCB-A586-6C267EFF993A",
  "plus": {
    "analysis_status": "First pass",
    "analyst": "swidup",
    "attribute": {
      "confidentiality": {
        "credit_monitoring": "Unknown"
      }
    },
    "created": "2014-12-13T00:43:23Z",
    "github": "4854",
    "master_id": "02BD1AF4-6473-4DCB-A586-6C267EFF993A",
    "modified": "2014-12-13T00:43:23Z",
    "timeline": {
      "notification": {
        "year": 2011
      }
    }
  },
  "reference": "http://www.kentonline.co.uk/kent/news/hospital-faxes-patients-records-to-27296/",
  "schema_version": "1.3.4",
  "security_incident": "Confirmed",
  "source_id": "vcdb",
  "summary": "A member of staff has been dismissed for accessing patient records without good reason.",
  "timeline": {
    "incident": {
      "year": 2011
    }
  },
  "victim": {
    "country": [
      "GB"
    ],
    "employee_count": "1001 to 10000",
    "industry": "622110",
    "region": [
      "150154"
    ],
    "victim_id": "Medway Maritime Hospital"
  }
}