{
  "action": {
    "error": {
      "variety": [
        "Disposal error"
      ],
      "vector": [
        "Unknown"
      ]
    }
  },
  "actor": {
    "partner": {
      "country": [
        "US"
      ],
      "industry": "561720",
      "motive": [
        "NA"
      ],
      "notes": " a janitorial service for Eureka Internal Medicine, was mixing paper recycling containing patient information with the regular trash at night, instead of moving it to the locked shredding bin, where it belonged.",
      "region": [
        "019021"
      ]
    }
  },
  "asset": {
    "assets": [
      {
        "variety": "M - Documents"
      }
    ],
    "cloud": [
      "Unknown"
    ],
    "notes": "Following enumerations present before veris 1.3.3 removed: asset.governance.Personally owned."
  },
  "attribute": {
    "confidentiality": {
      "data": [
        {
          "variety": "Medical"
        },
        {
          "variety": "Personal"
        }
      ],
      "data_disclosure": "Potentially",
      "data_victim": [
        "Patient"
      ],
      "state": [
        "Stored encrypted"
      ]
    }
  },
  "discovery_method": {
    "unknown": true
  },
  "impact": {
    "overall_rating": "Unknown"
  },
  "incident_id": "030C8356-8DE6-46BC-94B6-F4BD8535CEE6",
  "plus": {
    "analysis_status": "First pass",
    "analyst": "blackfist",
    "attribute": {
      "confidentiality": {
        "credit_monitoring": "Unknown"
      }
    },
    "created": "2014-04-27T18:23:00Z",
    "github": "2071",
    "master_id": "030C8356-8DE6-46BC-94B6-F4BD8535CEE6",
    "modified": "2014-04-27T18:23:00Z",
    "timeline": {
      "notification": {
        "year": 2014
      }
    }
  },
  "reference": "http://oag.ca.gov/system/files/PDF%20version%20of%20proposed%20breach%20notification%20for%20client%20approval%20%2800778853%29_0.PDF (20140427);http://www.phiprivacy.net/eureka-internal-medicine-notifies-patients-of-potential-disclosure-of-their-information/ (20140427)",
  "schema_version": "1.3.4",
  "security_incident": "Confirmed",
  "source_id": "vcdb",
  "summary": "cleaning contractor throws patient information away in the regular trash rather than properly disposing.",
  "timeline": {
    "discovery": {
      "unit": "Months",
      "value": 1
    },
    "incident": {
      "day": 25,
      "month": 9,
      "year": 2013
    }
  },
  "victim": {
    "country": [
      "US"
    ],
    "employee_count": "11 to 100",
    "industry": "621111",
    "region": [
      "019021"
    ],
    "state": "CA",
    "victim_id": "Eureka Internal Medicine"
  }
}