{
  "action": {
    "misuse": {
      "variety": [
        "Possession abuse"
      ],
      "vector": [
        "Physical access"
      ]
    }
  },
  "actor": {
    "internal": {
      "motive": [
        "Fun",
        "Unknown"
      ],
      "variety": [
        "Unknown"
      ]
    }
  },
  "asset": {
    "assets": [
      {
        "variety": "S - Database"
      }
    ],
    "cloud": [
      "Unknown"
    ]
  },
  "attribute": {
    "confidentiality": {
      "data": [
        {
          "variety": "Medical"
        }
      ],
      "data_disclosure": "Yes",
      "data_victim": [
        "Patient"
      ],
      "state": [
        "Unknown"
      ]
    }
  },
  "discovery_method": {
    "unknown": true
  },
  "impact": {
    "overall_rating": "Unknown"
  },
  "incident_id": "B3226320-E79B-4748-8B1E-74B2B415A714",
  "plus": {
    "analysis_status": "Finalized",
    "analyst": "DaveyBaby",
    "attribute": {
      "confidentiality": {
        "credit_monitoring": "Unknown"
      }
    },
    "created": "2016-09-13T13:38:00Z",
    "dbir_year": 2017,
    "github": "6608",
    "master_id": "03296B10-EBAE-490C-826F-FBE4E99A1101",
    "modified": "2016-09-13T13:48:00Z",
    "sub_source": "phidbr",
    "timeline": {
      "notification": {
        "day": 14,
        "month": 11,
        "year": 2015
      }
    }
  },
  "reference": "http://www.odt.co.nz/news/dunedin/363170/least-7-privacy-breaches",
  "schema_version": "1.3.4",
  "security_incident": "Confirmed",
  "source_id": "vcdb",
  "summary": "A worker at the hospital viewed family and friends test results. ",
  "timeline": {
    "incident": {
      "year": 2015
    }
  },
  "victim": {
    "country": [
      "NZ"
    ],
    "employee_count": "Unknown",
    "industry": "620111",
    "region": [
      "009053"
    ],
    "victim_id": "Southern District Health Board"
  }
}