{
  "action": {
    "misuse": {
      "variety": [
        "Privilege abuse"
      ],
      "vector": [
        "LAN access"
      ]
    }
  },
  "actor": {
    "internal": {
      "motive": [
        "Unknown",
        "Financial"
      ],
      "variety": [
        "End-user"
      ]
    }
  },
  "asset": {
    "assets": [
      {
        "variety": "S - Database"
      }
    ],
    "cloud": [
      "Unknown"
    ]
  },
  "attribute": {
    "confidentiality": {
      "data": [
        {
          "amount": 11,
          "variety": "Payment"
        }
      ],
      "data_disclosure": "Yes",
      "data_total": 11,
      "data_victim": [
        "Patient"
      ],
      "state": [
        "Stored"
      ]
    }
  },
  "discovery_method": {
    "unknown": true
  },
  "impact": {
    "overall_rating": "Unknown"
  },
  "incident_id": "5721601B-A48C-48BF-91F9-F8B44A1DE07F",
  "plus": {
    "analysis_status": "Finalized",
    "analyst": "Spitler",
    "attribute": {
      "confidentiality": {
        "credit_monitoring": "Unknown"
      }
    },
    "created": "2016-09-06T18:56:00Z",
    "dbir_year": 2016,
    "github": "6319",
    "master_id": "0333B577-FEA5-41D4-9BF9-353057CE4033",
    "modified": "2016-09-06T19:06:00Z",
    "sub_source": "phidbr",
    "timeline": {
      "notification": {
        "day": 21,
        "month": 8,
        "year": 2015
      }
    }
  },
  "reference": "http://www.newsday.com/long-island/nassau/winthrop-university-hospital-worker-charged-with-stealing-patients-personal-information-cops-say-1.10762842",
  "schema_version": "1.3.4",
  "security_incident": "Confirmed",
  "source_id": "vcdb",
  "summary": "Account rep at medical center stole 11 patients' identities. ",
  "timeline": {
    "compromise": {
      "unit": "NA"
    },
    "exfiltration": {
      "unit": "NA"
    },
    "incident": {
      "year": 2015
    }
  },
  "victim": {
    "country": [
      "US"
    ],
    "employee_count": "Unknown",
    "industry": "622110",
    "region": [
      "019021"
    ],
    "state": "GA",
    "victim_id": "Winthrop-University Hospital"
  }
}