{
  "action": {
    "error": {
      "variety": [
        "Malfunction"
      ],
      "vector": [
        "Unknown"
      ]
    }
  },
  "actor": {
    "internal": {
      "motive": [
        "NA"
      ],
      "variety": [
        "Unknown"
      ]
    }
  },
  "asset": {
    "assets": [
      {
        "variety": "S - Unknown"
      }
    ],
    "cloud": [
      "Unknown"
    ],
    "notes": "Routine test of a backup system caused outage, however the affected assets were production servers of some variety.Following enumerations present before veris 1.3.3 removed: asset.governance.Personally owned."
  },
  "attribute": {
    "availability": {
      "duration": {
        "unit": "Days",
        "value": 1
      },
      "variety": [
        "Interruption"
      ]
    }
  },
  "discovery_method": {
    "unknown": true
  },
  "impact": {
    "overall_rating": "Unknown"
  },
  "incident_id": "0385F25B-DDEF-4838-AAA4-8539F6462DBE",
  "notes": "Outage led to backup plan that allowed no limit usage of the EBT cards. Unsure of who the Actor responsible for the error is in the fraudulent transactions. Modeling the availability component only.",
  "plus": {
    "analysis_status": "First pass",
    "analyst": "Spitler",
    "created": "2013-11-06T17:30:00Z",
    "github": "570",
    "master_id": "0385F25B-DDEF-4838-AAA4-8539F6462DBE",
    "modified": "2014-05-10T19:23:22Z",
    "timeline": {
      "notification": {
        "day": 14,
        "month": 10,
        "year": 2013
      }
    }
  },
  "reference": "http://www.cruxialcio.com/xerox-restores-food-stamp-system-after-weekend-outage-2178; http://www.huffingtonpost.com/2013/10/15/walmart-xerox_n_4099207.html",
  "schema_version": "1.3.4",
  "security_incident": "Confirmed",
  "source_id": "vcdb",
  "summary": "EBT access went down in 17 states after a failure in a system check. ",
  "timeline": {
    "compromise": {
      "unit": "NA"
    },
    "containment": {
      "unit": "Days",
      "value": 1
    },
    "exfiltration": {
      "unit": "NA"
    },
    "incident": {
      "day": 12,
      "month": 10,
      "year": 2013
    }
  },
  "victim": {
    "country": [
      "US"
    ],
    "employee_count": "Over 100000",
    "industry": "561499",
    "region": [
      "019021"
    ],
    "state": "CT",
    "victim_id": "Xerox Corporation"
  }
}