{
  "action": {
    "hacking": {
      "variety": [
        "Unknown"
      ],
      "vector": [
        "Unknown"
      ]
    }
  },
  "actor": {
    "external": {
      "country": [
        "Unknown"
      ],
      "motive": [
        "Unknown"
      ],
      "region": [
        "142145",
        "019021",
        "150155"
      ],
      "variety": [
        "Unknown"
      ]
    }
  },
  "asset": {
    "assets": [
      {
        "variety": "Unknown"
      }
    ],
    "cloud": [
      "Unknown"
    ]
  },
  "attribute": {
    "availability": {
      "variety": [
        "Loss"
      ]
    },
    "confidentiality": {
      "data": [
        {
          "amount": 400000,
          "variety": "Credentials"
        }
      ],
      "data_disclosure": "Potentially",
      "data_total": 400000,
      "data_victim": [
        "Customer"
      ],
      "state": [
        "Stored encrypted"
      ]
    }
  },
  "discovery_method": {
    "unknown": true
  },
  "impact": {
    "overall_rating": "Unknown"
  },
  "incident_id": "03A13012-9A09-4160-B446-3771EA3E76FB",
  "plus": {
    "analysis_status": "First pass",
    "analyst": "blackfist",
    "attribute": {
      "confidentiality": {
        "credit_monitoring": "Unknown"
      }
    },
    "created": "2014-07-21T15:07:00Z",
    "github": "2785",
    "master_id": "03A13012-9A09-4160-B446-3771EA3E76FB",
    "modified": "2014-07-21T15:07:00Z",
    "timeline": {
      "notification": {
        "day": 19,
        "month": 5,
        "year": 2013
      }
    }
  },
  "reference": "http://thenextweb.com/asia/2013/05/28/groupon-taiwan-resets-user-passwords-after-hack-but-credit-card-details-not-leaked/;http://www.groupon.com.tw/docloader.php?id=publicannounce;http://www.inside.com.tw/2013/05/28/groupon-taiwan-was-under-attack-on-5-19-2013",
  "schema_version": "1.3.4",
  "security_incident": "Confirmed",
  "source_id": "vcdb",
  "summary": "Someone hacked into Groupon Taiwan and stole user names and encrypted passwords.",
  "timeline": {
    "incident": {
      "day": 19,
      "month": 5,
      "year": 2013
    }
  },
  "victim": {
    "country": [
      "TW"
    ],
    "employee_count": "Unknown",
    "industry": "541810",
    "region": [
      "142030"
    ],
    "victim_id": "Groupon Taiwan"
  }
}