{
  "action": {
    "error": {
      "variety": [
        "Misconfiguration"
      ],
      "vector": [
        "Unknown"
      ]
    }
  },
  "actor": {
    "external": {
      "country": [
        "GB"
      ],
      "motive": [
        "NA"
      ],
      "region": [
        "150154"
      ],
      "variety": [
        "Customer"
      ]
    }
  },
  "asset": {
    "assets": [
      {
        "amount": 1,
        "variety": "S - Database"
      }
    ],
    "cloud": [
      "Unknown"
    ],
    "country": [
      "GB"
    ],
    "management": [
      "Internal"
    ],
    "total_amount": 1
  },
  "attribute": {
    "confidentiality": {
      "data": [
        {
          "amount": 18,
          "variety": "Personal"
        }
      ],
      "data_disclosure": "Yes",
      "data_total": 18,
      "data_victim": [
        "Customer"
      ],
      "state": [
        "Stored"
      ]
    }
  },
  "confidence": "High",
  "discovery_method": {
    "external": {
      "variety": [
        "Customer"
      ]
    }
  },
  "incident_id": "5075a9c0-9997-11e8-bb21-7f662dc72866",
  "plus": {
    "analysis_status": "First pass",
    "analyst": "jasoncmiller79",
    "created": "2018-08-06T20:50:30.060Z",
    "dbir_year": 2019,
    "event_chain": [
      {
        "action": "err",
        "actor": "ext",
        "asset": "srv",
        "attribute": "cp",
        "summary": "Accessed user account information"
      }
    ],
    "master_id": "03a3aef0-60e1-472f-903a-223a4d91a236",
    "modified": "2018-08-28T18:44:05.695Z"
  },
  "reference": "http://www.dailymail.co.uk/news/article-6001527/Im-not-tech-savvy-person-63-year-old-Telstra-user-managed-access-customer-details.html",
  "schema_version": "1.3.4",
  "security_incident": "Confirmed",
  "source_id": "vcdb",
  "targeted": "NA",
  "timeline": {
    "incident": {
      "month": 7,
      "year": 2018
    }
  },
  "victim": {
    "country": [
      "GB"
    ],
    "employee_count": "25001 to 50000",
    "industry": "517",
    "region": [
      "150154"
    ],
    "victim_id": "Telstra"
  }
}