{
  "action": {
    "physical": {
      "variety": [
        "Theft"
      ],
      "vector": [
        "Victim work area"
      ]
    }
  },
  "actor": {
    "unknown": {}
  },
  "asset": {
    "assets": [
      {
        "variety": "U - Unknown"
      }
    ],
    "cloud": [
      "Unknown"
    ]
  },
  "attribute": {
    "availability": {
      "variety": [
        "Loss"
      ]
    },
    "confidentiality": {
      "data": [
        {
          "amount": 100000,
          "variety": "Personal"
        }
      ],
      "data_disclosure": "Yes",
      "data_total": 100000,
      "state": [
        "Stored unencrypted"
      ]
    }
  },
  "discovery_method": {
    "internal": {
      "variety": [
        "Reported by employee"
      ]
    }
  },
  "impact": {
    "overall_rating": "Unknown"
  },
  "incident_id": "03B93032-4056-4E98-81D5-7E10FFB47FD1",
  "notes": "No information provided on device other than it is a \"mobile device\"",
  "plus": {
    "analysis_status": "First pass",
    "analyst": "Spitler",
    "attribute": {
      "confidentiality": {
        "credit_monitoring": "Unknown"
      }
    },
    "created": "2014-09-03T17:49:00Z",
    "github": "3786",
    "master_id": "03B93032-4056-4E98-81D5-7E10FFB47FD1",
    "modified": "2014-09-03T17:49:00Z",
    "timeline": {
      "notification": {
        "day": 11,
        "month": 1,
        "year": 2013
      }
    }
  },
  "reference": "http://www.palmbeachpost.com/news/news/crime-law/state-investigates-security-breach-at-department-o/nTtQB/",
  "schema_version": "1.3.4",
  "security_incident": "Confirmed",
  "source_id": "vcdb",
  "summary": "Stolen mobile device places PII for over 100,000 people at risk. Device was not encrypted and did not have password protection.",
  "timeline": {
    "incident": {
      "day": 2,
      "month": 1,
      "year": 2013
    }
  },
  "victim": {
    "country": [
      "US"
    ],
    "employee_count": "1001 to 10000",
    "industry": "922140",
    "region": [
      "019021"
    ],
    "state": "FL",
    "victim_id": "Florida Department of Juvenile Justice"
  }
}