{
  "action": {
    "misuse": {
      "variety": [
        "Privilege abuse"
      ],
      "vector": [
        "Unknown"
      ]
    }
  },
  "actor": {
    "internal": {
      "motive": [
        "Financial"
      ],
      "variety": [
        "Unknown"
      ]
    }
  },
  "asset": {
    "assets": [
      {
        "variety": "Unknown"
      }
    ],
    "cloud": [
      "Unknown"
    ]
  },
  "attribute": {
    "confidentiality": {
      "data": [
        {
          "variety": "Personal"
        },
        {
          "variety": "Medical"
        }
      ],
      "data_disclosure": "Yes",
      "data_total": 80
    }
  },
  "discovery_method": {
    "unknown": true
  },
  "incident_id": "03E9CA75-28A0-43FE-936B-DABC775D0D8B",
  "plus": {
    "analysis_status": "First pass",
    "created": "2013-09-10T20:13:32Z",
    "master_id": "03E9CA75-28A0-43FE-936B-DABC775D0D8B",
    "modified": "2014-04-27T19:37:01Z",
    "timeline": {
      "notification": {
        "day": 18,
        "month": 7,
        "year": 2013
      }
    }
  },
  "reference": "http://www.nydailynews.com/new-york/fairy-tale-ends-lovebird-identity-crooks-article-1.1401447?localLinksEnabled=false, http://www.dailymail.co.uk/news/article-2368011/Nurse-Amanda-Zieminski-Clyde-Forteau-busted-stealing-675-000-elderly-patients.html, http://www.theepochtimes.com/n3/185457-bonnie-and-clyde-of-identity-theft-arrested-in-nyc/",
  "schema_version": "1.3.4",
  "security_incident": "Confirmed",
  "source_id": "vcdb",
  "summary": "A dishonest nurse and three co-conspirators were linked to medical identity fraud after she posted details about the fraud on a social media account.  The ring had been active since 2004 and had brought in $675,000 over the past five years.  The nurse had been fired from South Shore Physicians after falsifying her work hours.  The co-conspirators face at least 64 counts related to fraud, falsifying records, and theft.",
  "timeline": {
    "incident": {
      "year": 2008
    }
  },
  "victim": {
    "country": [
      "US"
    ],
    "employee_count": "11 to 100",
    "industry": "621111",
    "region": [
      "019021"
    ],
    "state": "NY",
    "victim_id": "South Shore Physicians, PC"
  }
}