{
  "action": {
    "social": {
      "result": [
        "Infiltrate"
      ],
      "target": [
        "Unknown"
      ],
      "variety": [
        "Phishing"
      ],
      "vector": [
        "Email"
      ]
    }
  },
  "actor": {
    "external": {
      "country": [
        "Unknown"
      ],
      "motive": [
        "Unknown"
      ],
      "region": [
        "000000"
      ],
      "variety": [
        "Unaffiliated"
      ]
    }
  },
  "asset": {
    "assets": [
      {
        "variety": "S - Unknown"
      },
      {
        "variety": "P - Unknown"
      }
    ],
    "cloud": [
      "Unknown"
    ]
  },
  "attribute": {
    "confidentiality": {
      "data": [
        {
          "amount": 500000,
          "variety": "Personal"
        },
        {
          "variety": "Credentials"
        }
      ],
      "data_disclosure": "Yes",
      "data_total": 500000,
      "data_victim": [
        "Student"
      ],
      "state": [
        "Stored"
      ]
    },
    "integrity": {
      "variety": [
        "Alter behavior"
      ]
    }
  },
  "confidence": "High",
  "discovery_method": {
    "unknown": true
  },
  "incident_id": "3d709d80-143a-11e9-9b0e-db2459a65ffe",
  "plus": {
    "analysis_status": "Validated",
    "analyst": "swidup",
    "created": "2019-01-10T02:28:56.740Z",
    "dbir_year": 2019,
    "event_chain": [
      {
        "action": "soc",
        "actor": "ext",
        "asset": "srv",
        "attribute": "ia",
        "summary": "Employee falls for phishing email"
      }
    ],
    "github": "12775",
    "master_id": "03f18d62-b663-4f84-9366-2a7abde26d05",
    "modified": "2019-01-10T02:28:56.740Z",
    "sub_source": "priority"
  },
  "reference": "https://www.kusi.com/san-diego-unified-school-district-data-breach-could-impact-500000-students/; https://www.sandiegounified.org/datasafety",
  "schema_version": "1.3.4",
  "security_incident": "Confirmed",
  "source_id": "vcdb",
  "summary": "The San Diego Unified School District said they have alerted employees and families to an incident involving the security of their personal data on the district\u2019s information systems.  According to the district they have reason to believe some employee and student personal data may have been compromised through the access or use by an unauthorized individual.  Roughly 50 staff members whose accounts were compromised had the security on their accounts reset immediately upon discovery. Families of students whose data may have been accessed have been contacted by the district. The breach is believed to date back to January 2018 and could impact as many as 500,000 students who were enrolled in the district between the 2008-09 and 2018-19 school years, according to district officials.  SDUSD Information Technology staff discovered an unauthorized user was gathering network access log-in information from staff and using that information to log into the district\u2019s network services, including the district student database. This happened through \u201cphishing,\u201d a scam technique where a person creates phony emails that appear to be from a legitimate source and contain harmful links. Unfortunately, this type of scam has become widespread throughout the world.",
  "targeted": "Unknown",
  "timeline": {
    "discovery": {
      "unit": "Months",
      "value": 11
    },
    "incident": {
      "month": 1,
      "year": 2018
    }
  },
  "victim": {
    "country": [
      "US"
    ],
    "employee_count": "10001 to 25000",
    "industry": "611110",
    "region": [
      "019021"
    ],
    "state": "CA",
    "victim_id": "San Diego Unified School District"
  }
}