{
  "action": {
    "malware": {
      "variety": [
        "Ransomware"
      ],
      "vector": [
        "Unknown"
      ]
    }
  },
  "actor": {
    "external": {
      "country": [
        "Unknown"
      ],
      "motive": [
        "Financial"
      ],
      "region": [
        "000000"
      ],
      "variety": [
        "Organized crime"
      ]
    }
  },
  "asset": {
    "assets": [
      {
        "variety": "Unknown"
      }
    ],
    "cloud": [
      "Unknown"
    ]
  },
  "attribute": {
    "availability": {
      "duration": {
        "unit": "Unknown"
      },
      "variety": [
        "Obscuration"
      ]
    },
    "confidentiality": {
      "data": [
        {
          "amount": 10200,
          "variety": "Medical"
        }
      ],
      "data_disclosure": "Potentially",
      "data_total": 10200,
      "data_victim": [
        "Patient"
      ],
      "state": [
        "Stored"
      ]
    },
    "integrity": {
      "variety": [
        "Software installation"
      ]
    }
  },
  "confidence": "Medium",
  "discovery_method": {
    "unknown": true
  },
  "incident_id": "2d4f2510-7c57-11e7-8ec0-e369e9638092",
  "plus": {
    "analysis_status": "Validated",
    "analyst": "Spitler",
    "attack_difficulty_initial": "Low",
    "attack_difficulty_legacy": "Low",
    "attack_difficulty_subsequent": "Low",
    "created": "2017-10-26T14:33:48Z",
    "credit_monitoring": "Yes",
    "credit_monitoring_years": 1,
    "dbir_year": 2018,
    "event_chain": [
      {
        "action": "mal",
        "actor": "ext",
        "attribute": "ia"
      },
      {
        "action": "mal",
        "actor": "ext",
        "attribute": "au"
      },
      {
        "action": "mal",
        "actor": "ext",
        "attribute": "cp"
      }
    ],
    "github": "9860",
    "master_id": "041a81aa-4b04-4dfc-b5d8-d9f8d0698166",
    "modified": "2017-10-26T14:33:48Z",
    "sub_source": "phidbr"
  },
  "reference": "https://www.databreaches.net/plastic-surgery-associates-of-south-dakota-notifies-10200-after-ransomware-attack/",
  "schema_version": "1.3.4",
  "security_incident": "Confirmed",
  "source_id": "vcdb",
  "targeted": "Unknown",
  "timeline": {
    "compromise": {
      "unit": "Unknown"
    },
    "discovery": {
      "unit": "Hours"
    },
    "exfiltration": {
      "unit": "Unknown"
    },
    "incident": {
      "day": 12,
      "month": 2,
      "year": 2017
    }
  },
  "victim": {
    "country": [
      "US"
    ],
    "employee_count": "Small",
    "industry": "621111",
    "locations_affected": 1,
    "region": [
      "019021"
    ],
    "state": "SD",
    "victim_id": "Plastic Surgery Associates of South Dakota"
  }
}