{
  "action": {
    "error": {
      "variety": [
        "Publishing error"
      ],
      "vector": [
        "Unknown"
      ]
    }
  },
  "actor": {
    "internal": {
      "motive": [
        "NA"
      ],
      "variety": [
        "System admin"
      ]
    }
  },
  "asset": {
    "assets": [
      {
        "amount": 1,
        "variety": "S - Web application"
      }
    ],
    "cloud": [
      "Unknown"
    ],
    "country": [
      "US"
    ],
    "management": [
      "Internal"
    ],
    "total_amount": 1
  },
  "attribute": {
    "confidentiality": {
      "data": [
        {
          "amount": 3700,
          "variety": "Personal"
        }
      ],
      "data_disclosure": "Yes",
      "data_total": 3700,
      "data_victim": [
        "Customer"
      ]
    }
  },
  "confidence": "High",
  "discovery_method": {
    "unknown": true
  },
  "incident_id": "7ef61b00-ad5a-11e8-9e5a-c1f99505e93a",
  "plus": {
    "analysis_status": "Validated",
    "analyst": "jasoncmiller79",
    "created": "2018-09-01T00:22:11.591Z",
    "dbir_year": 2019,
    "event_chain": [
      {
        "action": "err",
        "actor": "int",
        "asset": "srv",
        "attribute": "cp",
        "summary": "Publishing error"
      }
    ],
    "master_id": "043c35d7-29a4-4f84-b1ff-f9fd709e9eb4",
    "modified": "2018-09-11T23:28:35.141Z"
  },
  "reference": "http://www.arceriecounty.org/about/compliance/information-regarding-data-security-incident-updated-392018-447/;  https://healthitsecurity.com/news/samba-mailing-error-creates-data-security-concern-for-13.9k",
  "schema_version": "1.3.4",
  "security_incident": "Confirmed",
  "source_id": "vcdb",
  "summary": "The Arc Erie County New York (The Arc) was recently made aware that certain information contained on two spreadsheets stored on its database was publicly available on the internet between approximately July 2015 and February 15, 2018 due to a problem with a link on The Arc\u2019s website",
  "targeted": "NA",
  "timeline": {
    "discovery": {
      "unit": "Years",
      "value": 3
    },
    "incident": {
      "month": 7,
      "year": 2015
    }
  },
  "victim": {
    "country": [
      "US"
    ],
    "employee_count": "Small",
    "industry": "624120",
    "region": [
      "019021"
    ],
    "state": "NY",
    "victim_id": "Arc Erie County New York\u2019s"
  }
}