{
  "action": {
    "misuse": {
      "variety": [
        "Privilege abuse"
      ],
      "vector": [
        "LAN access"
      ]
    }
  },
  "actor": {
    "internal": {
      "motive": [
        "Fun"
      ],
      "variety": [
        "Unknown"
      ]
    }
  },
  "asset": {
    "assets": [
      {
        "variety": "S - Database"
      }
    ],
    "cloud": [
      "Unknown"
    ]
  },
  "attribute": {
    "confidentiality": {
      "data": [
        {
          "variety": "Unknown"
        }
      ],
      "data_disclosure": "Yes",
      "data_total": 14
    }
  },
  "discovery_method": {
    "unknown": true
  },
  "incident_id": "043ED164-6730-459A-B7D9-D6CBF4C37754",
  "plus": {
    "analysis_status": "First pass",
    "analyst": "swidup",
    "created": "2014-05-29T20:01:01Z",
    "master_id": "043ED164-6730-459A-B7D9-D6CBF4C37754",
    "modified": "2014-07-30T19:07:17Z"
  },
  "reference": "http://vcdb.org/pdf/va-security.pdf",
  "schema_version": "1.3.4",
  "security_incident": "Confirmed",
  "source_id": "vcdb",
  "summary": "A VA employee accessed two Veteran/Employees' medical records without authorization to do so. The employee was not a part of either Veteran/Employee's \ndirect or indirect care.",
  "timeline": {
    "incident": {
      "day": 20,
      "month": 11,
      "year": 2012
    }
  },
  "victim": {
    "country": [
      "US"
    ],
    "employee_count": "Over 100000",
    "industry": "923140",
    "region": [
      "019021"
    ],
    "state": "GA",
    "victim_id": "United States Department of Veterans Affairs"
  }
}