{
  "action": {
    "hacking": {
      "variety": [
        "Unknown"
      ],
      "vector": [
        "Web application"
      ]
    }
  },
  "actor": {
    "external": {
      "country": [
        "NZ"
      ],
      "motive": [
        "Ideology"
      ],
      "region": [
        "009053"
      ],
      "variety": [
        "Activist"
      ]
    }
  },
  "asset": {
    "assets": [
      {
        "variety": "S - Web application"
      }
    ],
    "cloud": [
      "Unknown"
    ],
    "notes": "Following enumerations present before veris 1.3.3 removed: asset.governance.Personally owned."
  },
  "attribute": {
    "confidentiality": {
      "data": [
        {
          "variety": "Unknown"
        }
      ],
      "data_disclosure": "Potentially",
      "notes": "The data that resides in the encrypted files is unknown at this time. ",
      "state": [
        "Unknown"
      ]
    }
  },
  "discovery_method": {
    "external": {
      "variety": [
        "Actor disclosure"
      ]
    }
  },
  "impact": {
    "overall_rating": "Unknown"
  },
  "incident_id": "04490A97-BE49-4880-A1BE-63069237ABD6",
  "notes": "Giving the activist group the benefit of the doubt on this one. It could be nothing more than a bluff.",
  "plus": {
    "analysis_status": "First pass",
    "analyst": "Spitler",
    "attribute": {
      "confidentiality": {
        "credit_monitoring": "Unknown"
      }
    },
    "created": "2013-09-20T16:49:00Z",
    "github": "325",
    "master_id": "04490A97-BE49-4880-A1BE-63069237ABD6",
    "modified": "2014-04-27T19:37:01Z",
    "timeline": {
      "notification": {
        "day": 20,
        "month": 9,
        "year": 2013
      }
    }
  },
  "reference": "http://news.softpedia.com/news/Anonymous-Publishes-Encrypted-Files-Containing-NZ-Government-Data-Video-384772.shtml",
  "schema_version": "1.3.4",
  "security_incident": "Suspected",
  "source_id": "vcdb",
  "summary": "Anonymous publishes five encrypted files that purportedly contain classified information. Activist group is threatening to publish the encryption keys.",
  "timeline": {
    "incident": {
      "month": 9,
      "year": 2013
    }
  },
  "victim": {
    "country": [
      "NZ"
    ],
    "employee_count": "Unknown",
    "industry": "92",
    "region": [
      "009053"
    ],
    "victim_id": "NZ Government of New Zealand"
  }
}