{
  "action": {
    "hacking": {
      "variety": [
        "Abuse of functionality",
        "Exploit vuln"
      ],
      "vector": [
        "Web application"
      ]
    }
  },
  "actor": {
    "external": {
      "country": [
        "Unknown"
      ],
      "motive": [
        "Fun"
      ],
      "region": [
        "000000"
      ],
      "variety": [
        "Unaffiliated"
      ]
    }
  },
  "asset": {
    "assets": [
      {
        "variety": "S - Database"
      },
      {
        "variety": "S - Web application"
      }
    ],
    "cloud": [
      "Unknown"
    ]
  },
  "attribute": {
    "confidentiality": {
      "data": [
        {
          "amount": 3178,
          "variety": "Credentials"
        }
      ],
      "data_disclosure": "Yes",
      "data_total": 3178,
      "data_victim": [
        "Customer"
      ],
      "state": [
        "Stored unencrypted"
      ]
    }
  },
  "discovery_method": {
    "external": {
      "variety": [
        "Actor disclosure"
      ]
    }
  },
  "impact": {
    "overall_rating": "Unknown"
  },
  "incident_id": "045B7E23-5876-4DD1-A332-769286B20F27",
  "plus": {
    "analysis_status": "First pass",
    "analyst": "Splitler",
    "asset": {
      "total": "No"
    },
    "attribute": {
      "confidentiality": {
        "credit_monitoring": "Unknown",
        "data_abuse": "Yes"
      }
    },
    "created": "2013-02-27T19:15:15Z",
    "master_id": "045B7E23-5876-4DD1-A332-769286B20F27",
    "modified": "2015-02-13T16:50:35Z",
    "timeline": {
      "notification": {
        "day": 16,
        "month": 5,
        "year": 2012
      }
    }
  },
  "reference": "https://www.surveygizmo.com/s3/1134048/veris",
  "schema_version": "1.3.4",
  "security_incident": "Confirmed",
  "source_id": "vcdb",
  "summary": "Gaming website compromised via undisclosed method. User information in the form of usernames and passwords posted to pastebin.com",
  "timeline": {
    "compromise": {
      "unit": "Unknown"
    },
    "containment": {
      "unit": "Unknown"
    },
    "discovery": {
      "unit": "Unknown"
    },
    "exfiltration": {
      "unit": "Unknown"
    },
    "incident": {
      "month": 5,
      "year": 2012
    }
  },
  "victim": {
    "country": [
      "CA"
    ],
    "employee_count": "1 to 10",
    "industry": "51913",
    "region": [
      "019021"
    ],
    "revenue": {
      "amount": 100000,
      "iso_currency_code": "USD"
    },
    "victim_id": "DJArts"
  }
}