{
  "action": {
    "hacking": {
      "notes": "Syrian Electronic Army",
      "variety": [
        "Unknown"
      ],
      "vector": [
        "Web application"
      ]
    }
  },
  "actor": {
    "external": {
      "country": [
        "Unknown"
      ],
      "motive": [
        "Ideology"
      ],
      "region": [
        "000000"
      ],
      "variety": [
        "Activist"
      ]
    }
  },
  "asset": {
    "assets": [
      {
        "variety": "S - Web application"
      }
    ],
    "cloud": [
      "Unknown"
    ]
  },
  "attribute": {
    "confidentiality": {
      "data": [
        {
          "variety": "Personal"
        }
      ],
      "data_disclosure": "Yes",
      "data_victim": [
        "Partner"
      ],
      "state": [
        "Stored"
      ]
    },
    "integrity": {
      "variety": [
        "Modify data",
        "Defacement"
      ]
    }
  },
  "discovery_method": {
    "unknown": true
  },
  "impact": {
    "overall_rating": "Unknown"
  },
  "incident_id": "045FF4EE-B45F-4520-B24A-2058CDE39116",
  "plus": {
    "analysis_status": "First pass",
    "analyst": "swidup",
    "asset": {
      "total": "No"
    },
    "attribute": {
      "confidentiality": {
        "credit_monitoring": "Unknown",
        "data_abuse": "Yes"
      }
    },
    "created": "2013-08-25T21:30:27Z",
    "master_id": "045FF4EE-B45F-4520-B24A-2058CDE39116",
    "modified": "2014-05-18T15:34:56Z",
    "timeline": {
      "notification": {
        "day": 23,
        "month": 7,
        "year": 2013
      }
    }
  },
  "reference": "http://www.ehackingnews.com/2013/07/exclusive-viber-support-page-hacked-by.html",
  "schema_version": "1.3.4",
  "security_incident": "Confirmed",
  "source_id": "vcdb",
  "summary": " Viber is the latest App developer organization who fall victim to the Syrian Electronic Army's hacking attack.  Today, the Syrian Electronic Army(SEA) hacked into Viber Support Page and left the site defaced.  Hackers also leaked list of name, Phone numbers and email address belong to Viber administrators in the defacement page. They also said that they have successfully downloaded some backups.  They also leaked a big screenshot that contains phone number, UDID, country, IP Address, Registration date and other details.",
  "timeline": {
    "incident": {
      "year": 2013
    }
  },
  "victim": {
    "country": [
      "IL"
    ],
    "employee_count": "Small",
    "industry": "511210",
    "region": [
      "142145"
    ],
    "victim_id": "Viber"
  }
}