{
  "action": {
    "hacking": {
      "variety": [
        "Unknown"
      ],
      "vector": [
        "Web application"
      ]
    }
  },
  "actor": {
    "external": {
      "country": [
        "Unknown"
      ],
      "motive": [
        "Fun"
      ],
      "region": [
        "000000"
      ],
      "variety": [
        "Activist"
      ]
    }
  },
  "asset": {
    "assets": [
      {
        "variety": "S - Web application"
      }
    ],
    "cloud": [
      "Unknown"
    ]
  },
  "attribute": {
    "integrity": {
      "variety": [
        "Modify configuration"
      ]
    }
  },
  "discovery_method": {
    "unknown": true
  },
  "impact": {
    "loss": [
      {
        "rating": "Minor",
        "variety": "Asset and fraud"
      },
      {
        "rating": "Minor",
        "variety": "Brand damage"
      },
      {
        "rating": "Minor",
        "variety": "Business disruption"
      },
      {
        "rating": "Minor",
        "variety": "Operating costs"
      },
      {
        "rating": "Minor",
        "variety": "Legal and regulatory"
      },
      {
        "rating": "Minor",
        "variety": "Competitive advantage"
      },
      {
        "rating": "Minor",
        "variety": "Response and recovery"
      }
    ],
    "overall_rating": "Unknown"
  },
  "incident_id": "04762B87-8100-4D71-9270-ED44B84170EB",
  "plus": {
    "analysis_status": "First pass",
    "analyst": "blackfist",
    "asset": {
      "total": "No"
    },
    "created": "2013-08-20T15:09:38Z",
    "master_id": "04762B87-8100-4D71-9270-ED44B84170EB",
    "modified": "2014-05-10T19:23:22Z",
    "timeline": {
      "notification": {
        "day": 17,
        "month": 8,
        "year": 2013
      }
    }
  },
  "reference": "http://news.softpedia.com/news/Kenya-s-National-Registration-Bureau-Hacked-by-Indonesian-Hacker-Team-376525.shtml (20130820)",
  "schema_version": "1.3.4",
  "security_incident": "Confirmed",
  "source_id": "vcdb",
  "summary": "Kenya\u2019s National Registration Bureau Hacked by Indonesian Hacker Team",
  "timeline": {
    "compromise": {
      "unit": "Unknown"
    },
    "containment": {
      "unit": "Unknown"
    },
    "discovery": {
      "unit": "Hours"
    },
    "exfiltration": {
      "unit": "NA"
    },
    "incident": {
      "day": 17,
      "month": 8,
      "year": 2013
    }
  },
  "victim": {
    "country": [
      "KE"
    ],
    "employee_count": "Unknown",
    "industry": "921",
    "region": [
      "002014"
    ],
    "victim_id": "Kenya National Registration Bureau"
  }
}