{
  "action": {
    "error": {
      "variety": [
        "Other"
      ],
      "vector": [
        "Carelessness"
      ]
    }
  },
  "actor": {
    "internal": {
      "motive": [
        "NA"
      ],
      "variety": [
        "Unknown"
      ]
    }
  },
  "asset": {
    "assets": [
      {
        "variety": "M - Documents"
      }
    ],
    "cloud": [
      "Unknown"
    ]
  },
  "attribute": {
    "confidentiality": {
      "data": [
        {
          "variety": "Unknown"
        }
      ],
      "data_disclosure": "Yes",
      "data_total": 55
    }
  },
  "discovery_method": {
    "unknown": true
  },
  "incident_id": "0479EB69-D1BA-40D1-BD58-A32291839A2F",
  "plus": {
    "analysis_status": "First pass",
    "analyst": "swidup",
    "created": "2014-11-24T16:59:31Z",
    "master_id": "0479EB69-D1BA-40D1-BD58-A32291839A2F",
    "modified": "2014-11-24T16:59:31Z"
  },
  "reference": "http://vcdb.org/pdf/va-security-oct-2014.pdf",
  "schema_version": "1.3.4",
  "security_incident": "Confirmed",
  "source_id": "vcdb",
  "summary": "A Community Based Outpatient Clinic (CBOC) had a table at the Maui County Fair and materials were laid out to educate Veterans on services. When an employee had returned to the booth the following morning, she had found PII/PHI reports from VistA that contained the full name and social security numbers of Veterans on the bottom of one of the magazine holders that they had brought with them.",
  "timeline": {
    "incident": {
      "day": 6,
      "month": 10,
      "year": 2014
    }
  },
  "victim": {
    "country": [
      "US"
    ],
    "employee_count": "Over 100000",
    "industry": "923140",
    "region": [
      "019021"
    ],
    "state": "HI",
    "victim_id": "United States Department of Veterans Affairs"
  }
}