{
  "action": {
    "error": {
      "variety": [
        "Misdelivery"
      ],
      "vector": [
        "Carelessness"
      ]
    }
  },
  "actor": {
    "internal": {
      "motive": [
        "NA"
      ],
      "variety": [
        "Unknown"
      ]
    }
  },
  "asset": {
    "assets": [
      {
        "variety": "M - Documents"
      }
    ],
    "cloud": [
      "Unknown"
    ]
  },
  "attribute": {
    "confidentiality": {
      "data": [
        {
          "variety": "Unknown"
        }
      ],
      "data_disclosure": "Yes",
      "data_total": 1
    }
  },
  "discovery_method": {
    "unknown": true
  },
  "incident_id": "0489AA96-3810-4F15-9BA2-FBF20598FFBA",
  "plus": {
    "analysis_status": "First pass",
    "analyst": "swidup",
    "created": "2014-11-24T16:59:31Z",
    "master_id": "0489AA96-3810-4F15-9BA2-FBF20598FFBA",
    "modified": "2014-11-24T16:59:31Z"
  },
  "reference": "http://vcdb.org/pdf/va-security.pdf",
  "schema_version": "1.3.4",
  "security_incident": "Confirmed",
  "source_id": "vcdb",
  "summary": "A temporary address was to be updated in the system for Patient A, but the Clerk mistakenly put the update under Patient B, with the same name. Shortly after (12/29/09) a letter for Patient B was printed with his lab values and mailed to Patient A because of the error in the address. Patient A mailed the letter back to the VA. The letter contained Patient A's name and medical information.",
  "timeline": {
    "incident": {
      "day": 15,
      "month": 1,
      "year": 2010
    }
  },
  "victim": {
    "country": [
      "US"
    ],
    "employee_count": "Over 100000",
    "industry": "923140",
    "region": [
      "019021"
    ],
    "state": "NE",
    "victim_id": "United States Department of Veterans Affairs"
  }
}