{
  "action": {
    "physical": {
      "variety": [
        "Theft"
      ],
      "vector": [
        "Victim work area"
      ]
    }
  },
  "actor": {
    "external": {
      "country": [
        "Unknown"
      ],
      "motive": [
        "Financial"
      ],
      "region": [
        "000000"
      ],
      "variety": [
        "Unknown"
      ]
    }
  },
  "asset": {
    "assets": [
      {
        "variety": "M - Documents"
      }
    ],
    "cloud": [
      "Unknown"
    ]
  },
  "attribute": {
    "availability": {
      "variety": [
        "Loss"
      ]
    },
    "confidentiality": {
      "data": [
        {
          "amount": 1300,
          "variety": "Medical"
        }
      ],
      "data_disclosure": "Yes",
      "data_total": 1300,
      "data_victim": [
        "Patient"
      ],
      "state": [
        "Stored unencrypted"
      ]
    }
  },
  "discovery_method": {
    "internal": {
      "variety": [
        "Reported by employee"
      ]
    }
  },
  "impact": {
    "overall_rating": "Unknown"
  },
  "incident_id": "9B81BD6B-A784-4FDB-8A1F-80D6EB150F7F",
  "plus": {
    "analysis_status": "Finalized",
    "analyst": "swidup",
    "attribute": {
      "confidentiality": {
        "credit_monitoring": "Unknown"
      }
    },
    "created": "2016-07-12T00:12:00Z",
    "dbir_year": 2017,
    "github": "7072",
    "master_id": "04A71139-A1EB-4225-8AEE-8D00B2AD8DEC",
    "modified": "2016-07-12T04:10:00Z",
    "sub_source": "phidbr",
    "timeline": {
      "notification": {
        "day": 28,
        "month": 12,
        "year": 2015
      }
    }
  },
  "reference": "http://www.databreaches.net/california-hematologist-notifies-patients-after-thief-stole-paper-records-with-protected-health-information/; https://ocrportal.hhs.gov/ocr/breach/breach_report.jsf",
  "schema_version": "1.3.4",
  "security_incident": "Confirmed",
  "source_id": "vcdb",
  "summary": "Michael S. Benjamin, M.D. wants to alert his patients that in November 2015 thieves stole a small number of patient paper charts. The police were called immediately upon discovery of the theft. A suspect was identified and taken into custody, and the police recovered many stolen documents. The documents in the paper charts potentially accessed by thieves, though we do not have confirmation, included the following information: the patients' names, addresses, phone numbers, birth dates, marital statuses, spouses' names, Social Security numbers, referring physicians, insurance information, lab values, and height, weight, and blood pressure for each office visit. Please be advised that there is minimal medical information contained in the paper charts as our office uses a secure electronic medical record system that was undisturbed to store patient private medical information. We urge our patients to monitor closely all accounts and credit information. ",
  "timeline": {
    "incident": {
      "month": 11,
      "year": 2015
    }
  },
  "victim": {
    "country": [
      "US"
    ],
    "employee_count": "Unknown",
    "industry": "621111",
    "region": [
      "019021"
    ],
    "state": "CA",
    "victim_id": "Michael S. Benjamin, M.D."
  }
}