{
  "action": {
    "misuse": {
      "variety": [
        "Privilege abuse"
      ],
      "vector": [
        "LAN access"
      ]
    },
    "social": {
      "target": [
        "End-user or employee"
      ],
      "variety": [
        "Bribery"
      ],
      "vector": [
        "In-person"
      ]
    }
  },
  "actor": {
    "external": {
      "country": [
        "Unknown"
      ],
      "motive": [
        "Financial"
      ],
      "region": [
        "000000"
      ],
      "variety": [
        "Unknown"
      ]
    },
    "internal": {
      "motive": [
        "Unknown",
        "Financial"
      ],
      "variety": [
        "End-user"
      ]
    }
  },
  "asset": {
    "assets": [
      {
        "variety": "S - Database"
      },
      {
        "variety": "P - End-user"
      }
    ],
    "cloud": [
      "Unknown"
    ],
    "notes": "Following enumerations present before veris 1.3.3 removed: asset.governance.Unknown."
  },
  "attribute": {
    "confidentiality": {
      "data": [
        {
          "variety": "Medical"
        },
        {
          "variety": "Personal"
        }
      ],
      "data_disclosure": "Yes",
      "data_victim": [
        "Patient"
      ],
      "state": [
        "Unknown"
      ]
    },
    "integrity": {
      "variety": [
        "Alter behavior"
      ]
    }
  },
  "discovery_method": {
    "unknown": true
  },
  "impact": {
    "overall_rating": "Unknown"
  },
  "incident_id": "CC7657F7-2192-412D-99D9-F1BE6E0991F1",
  "plus": {
    "analysis_status": "Finalized",
    "analyst": "swidup",
    "attribute": {
      "confidentiality": {
        "credit_monitoring": "Unknown",
        "data_abuse": "Yes"
      }
    },
    "created": "2016-08-24T21:35:00Z",
    "dbir_year": 2016,
    "github": "7362",
    "master_id": "04B39CD7-77CD-4B42-B95F-FD806877987B",
    "modified": "2016-08-24T22:01:00Z",
    "sub_source": "phidbr",
    "timeline": {
      "notification": {
        "year": 2015
      }
    }
  },
  "reference": "http://www.databreaches.net/former-healthcare-employee-indicted-for-involvement-in-stolen-identity-tax-refund-fraud-scheme-and-unauthorized-disclosure-of-patient-information/; https://www.justice.gov/opa/file/831851/download",
  "schema_version": "1.3.4",
  "security_incident": "Confirmed",
  "source_id": "vcdb",
  "summary": "A Montgomery, Alabama resident self-surrendered earlier today after she was indicted March 3 on one count of multi-object conspiracy to commit identity theft and wire fraud, two counts of possessing 15 or more unauthorized access devices, two counts of aggravated identity theft and one count of wrongful disclosure of personally identifiable health information, announced Acting Assistant Attorney General Caroline D. Ciraolo of the Justice Department's Tax Division and U.S. Attorney George L. Beck Jr., of the Middle District of Alabama.  According to court documents, Alana Wells worked at a healthcare company from June 2011 through August 2013, where she had access to patient information protected from disclosure under the Health Insurance Portability and Accountability Act of 1996.  She is alleged to have stolen the names, dates of birth and social security numbers of patients from her employer's database and provided these identities to Fredrick Hill. Hill then provided the stolen personal identification information to Christopher Davis, who, along with others, used it to file fraudulent federal tax returns with the Internal Revenue Service (IRS) requesting tax refunds.  If convicted, Wells faces a statutory maximum sentence of five years in prison on the conspiracy charge, 10 years in prison for each count of access device fraud, one year in prison for the charge of wrongful disclosure of personally identifiable health information, and a mandatory minimum sentence of two years in prison for each count of aggravated identity theft, which will be in addition to any other term of imprisonment she receives.  She also faces substantial monetary penalties and restitution.",
  "timeline": {
    "discovery": {
      "unit": "Years",
      "value": 2.0
    },
    "incident": {
      "month": 6,
      "year": 2011
    }
  },
  "victim": {
    "country": [
      "US"
    ],
    "employee_count": "Unknown",
    "industry": "62111",
    "region": [
      "019021"
    ],
    "state": "AL"
  }
}