{
  "action": {
    "hacking": {
      "variety": [
        "Unknown"
      ],
      "vector": [
        "Web application"
      ]
    }
  },
  "actor": {
    "external": {
      "country": [
        "UA"
      ],
      "motive": [
        "Ideology"
      ],
      "notes": "Anonymous Peru",
      "region": [
        "150151"
      ],
      "variety": [
        "Activist"
      ]
    }
  },
  "asset": {
    "assets": [
      {
        "variety": "S - Web application"
      }
    ],
    "cloud": [
      "Unknown"
    ]
  },
  "attribute": {
    "availability": {
      "variety": [
        "Loss"
      ]
    },
    "integrity": {
      "notes": "Some hackers breached them and defaced them with an image that read, Website has been suspended. Security policy of the website does not meet the requirements of NATO Cooperative Cyber Defence Centre of Excellence. Steadfast Jazz 2013.\"",
      "variety": [
        "Modify data"
      ]
    }
  },
  "discovery_method": {
    "external": {
      "variety": [
        "Actor disclosure"
      ]
    }
  },
  "impact": {
    "overall_rating": "Unknown"
  },
  "incident_id": "04C7A582-954B-486C-A8B9-49A244142485",
  "plus": {
    "analysis_status": "First pass",
    "analyst": "dhylender",
    "created": "2013-11-10T01:55:00Z",
    "github": "794",
    "master_id": "04C7A582-954B-486C-A8B9-49A244142485",
    "modified": "2014-05-10T19:23:22Z",
    "timeline": {
      "notification": {
        "day": 7,
        "month": 11,
        "year": 2013
      }
    }
  },
  "reference": "http://news.softpedia.com/news/Anonymous-Ukraine-Launches-DDOS-Attack-on-NATO-s-CCDCOE-Website-398063.shtml",
  "schema_version": "1.3.4",
  "security_incident": "Confirmed",
  "source_id": "vcdb",
  "summary": "Anonymous Ukraine has disrupted the official website of NATOs Cooperative Cyber Defence Centre of Excellence (CCDCOE). The hackers kept the website offline for close to two hours in response to NATO hacking a number of Ukrainian government websites. ",
  "timeline": {
    "discovery": {
      "unit": "Hours"
    },
    "incident": {
      "month": 11,
      "year": 2013
    }
  },
  "victim": {
    "country": [
      "EE"
    ],
    "employee_count": "11 to 100",
    "industry": "813940",
    "locations_affected": 1,
    "region": [
      "150154"
    ],
    "victim_id": "NATO Cooperative Cyber Defence Centre of Excellence"
  }
}