{
  "action": {
    "hacking": {
      "variety": [
        "Unknown"
      ],
      "vector": [
        "Unknown"
      ]
    }
  },
  "actor": {
    "external": {
      "country": [
        "Unknown"
      ],
      "motive": [
        "Unknown"
      ],
      "region": [
        "000000"
      ],
      "variety": [
        "Unknown"
      ]
    }
  },
  "asset": {
    "assets": [
      {
        "variety": "S - Web application"
      }
    ],
    "cloud": [
      "Unknown"
    ]
  },
  "attribute": {
    "availability": {
      "variety": [
        "Loss"
      ]
    },
    "confidentiality": {
      "data": [
        {
          "amount": 4230,
          "variety": "Payment"
        }
      ],
      "data_disclosure": "Yes",
      "data_total": 4230,
      "data_victim": [
        "Customer"
      ],
      "state": [
        "Stored unencrypted"
      ]
    }
  },
  "discovery_method": {
    "unknown": true
  },
  "impact": {
    "overall_rating": "Unknown"
  },
  "incident_id": "04C930EE-9C0B-4E0F-8074-3AA47E2E1D95",
  "plus": {
    "analysis_status": "First pass",
    "analyst": "swidup",
    "attribute": {
      "confidentiality": {
        "credit_monitoring": "Yes",
        "credit_monitoring_years": 1
      }
    },
    "created": "2014-05-03T01:00:00Z",
    "master_id": "04C930EE-9C0B-4E0F-8074-3AA47E2E1D95",
    "modified": "2014-05-03T01:00:00Z",
    "timeline": {
      "notification": {
        "day": 2,
        "month": 1,
        "year": 2014
      }
    }
  },
  "reference": "http://www.atg.state.vt.us/assets/files/2014%2001%2002%20Edgepark%20ltrt%20Consumer%20re%20Security%20Breach%20.pdf; http://www.phiprivacy.net/edgepark-medical-supplies-notifies-patients-after-malware-may-have-compromised-their-personal-information/; https://ocrportal.hhs.gov/ocr/breach/breach_report.jsf",
  "schema_version": "1.3.4",
  "security_incident": "Confirmed",
  "source_id": "vcdb",
  "summary": "  Edgepark Medical Supplies in Ohio (RGH Enterprises) is notifying some patients that their personal information, including full credit card number in approximately 126 cases, may have been acquired in March 2013 due to a malware infection that evaded detection by their anti-virus software until December 2013. Upon discovery, the malware was removed and patients passwords were re-set.  The breach may have exposed patients names, postal, billing, shipping and email addresses, dates of birth, health insurance policy numbers, primary diagnoses, credit card numbers with expiration dates (but not CVV codes), Edgepark account usernames, passwords, and account numbers, and order histories.  The firm says they have no evidence of, nor any reports of any misuse of information, but is offering hose affected one year of AllClear ID service.  A copy of their template notification letter is available on the web site of Vermonts Attorney General. UPDATE: HHS lists the record count at 4230.  Updated amounts to reflect this. ",
  "timeline": {
    "incident": {
      "day": 12,
      "month": 12,
      "year": 2013
    }
  },
  "victim": {
    "country": [
      "US"
    ],
    "employee_count": "1 to 10",
    "industry": "423450",
    "region": [
      "019021"
    ],
    "state": "IL",
    "victim_id": "Edgepark Medical Supplies"
  }
}