{
  "action": {
    "error": {
      "variety": [
        "Disposal error"
      ],
      "vector": [
        "Carelessness"
      ]
    }
  },
  "actor": {
    "internal": {
      "motive": [
        "Convenience"
      ],
      "variety": [
        "Unknown"
      ]
    }
  },
  "asset": {
    "assets": [
      {
        "variety": "M - Documents"
      }
    ],
    "cloud": [
      "Unknown"
    ]
  },
  "attribute": {
    "confidentiality": {
      "data": [
        {
          "variety": "Medical"
        }
      ],
      "data_disclosure": "Yes",
      "data_victim": [
        "Patient"
      ],
      "state": [
        "Printed"
      ]
    }
  },
  "confidence": "High",
  "discovery_method": {
    "external": {
      "variety": [
        "Found documents"
      ]
    }
  },
  "incident_id": "c947a200-d57e-11e7-af4f-6b5d4514198e",
  "plus": {
    "analysis_status": "Validated",
    "analyst": "swidup",
    "created": "2017-11-30T11:39:57.004Z",
    "dbir_year": 2018,
    "github": "8685",
    "master_id": "04ce96d2-d951-4b3e-99d2-e1d38482ef02",
    "modified": "2017-11-30T11:39:57.004Z",
    "sub_source": "phidbr"
  },
  "reference": "https://www.databreaches.net/medical-marijuana-patients-personal-information-found-in-trash-pile/; http://www.fox10phoenix.com/news/arizona-news/medical-marijuana-patients-personal-information-found-in-trash-pile",
  "schema_version": "1.3.4",
  "security_incident": "Confirmed",
  "source_id": "vcdb",
  "summary": "A medical marijuana dispensary is conducting an investigation into how sensitive patient information ended up in a pile of trash on a public sidewalk.",
  "targeted": "NA",
  "timeline": {
    "incident": {
      "month": 10,
      "year": 2016
    }
  },
  "victim": {
    "country": [
      "US"
    ],
    "employee_count": "Small",
    "industry": "446110",
    "region": [
      "019021"
    ],
    "state": "AZ",
    "victim_id": "Horizon THC"
  }
}