{
  "action": {
    "misuse": {
      "variety": [
        "Privilege abuse"
      ],
      "vector": [
        "LAN access"
      ]
    }
  },
  "actor": {
    "internal": {
      "job_change": [
        "Resigned"
      ],
      "motive": [
        "Espionage"
      ],
      "variety": [
        "Unknown",
        "End-user"
      ]
    }
  },
  "asset": {
    "assets": [
      {
        "variety": "Unknown"
      }
    ],
    "cloud": [
      "Unknown"
    ]
  },
  "attribute": {
    "confidentiality": {
      "data": [
        {
          "variety": "Secrets"
        }
      ],
      "data_disclosure": "Yes",
      "state": [
        "Unknown"
      ]
    }
  },
  "discovery_method": {
    "unknown": true
  },
  "impact": {
    "overall_rating": "Unknown"
  },
  "incident_id": "9BBEE166-123E-4B7C-B3E6-35CDC29A4F2A",
  "plus": {
    "analysis_status": "Finalized",
    "analyst": "Robert-Topper",
    "attribute": {
      "confidentiality": {
        "credit_monitoring": "Unknown"
      }
    },
    "created": "2016-09-19T16:59:00Z",
    "dbir_year": 2017,
    "github": "7965",
    "master_id": "04D8D3EE-9BA8-4547-BDEC-76DB105BC132",
    "modified": "2016-11-11T14:24:00Z",
    "timeline": {
      "notification": {
        "day": 21,
        "month": 6,
        "year": 2016
      }
    }
  },
  "reference": "http://www.prnewswire.com/news-releases/university-bank-of-ann-arbor-liable-for-willful-and-malicious-trade-secret-misappropriation-300288118.html",
  "schema_version": "1.3.4",
  "security_incident": "Confirmed",
  "source_id": "vcdb",
  "summary": "theft of trade secrets ",
  "timeline": {
    "incident": {
      "year": 2016
    }
  },
  "victim": {
    "country": [
      "US"
    ],
    "employee_count": "101 to 1000",
    "industry": "522110",
    "locations_affected": 1,
    "region": [
      "019021"
    ],
    "state": "MI",
    "victim_id": "Guidance Residential"
  }
}