{
  "action": {
    "error": {
      "variety": [
        "Disposal error"
      ],
      "vector": [
        "Carelessness"
      ]
    }
  },
  "actor": {
    "partner": {
      "country": [
        "US"
      ],
      "industry": "56",
      "motive": [
        "NA"
      ],
      "region": [
        "019021"
      ]
    }
  },
  "asset": {
    "assets": [
      {
        "variety": "M - Documents"
      }
    ],
    "cloud": [
      "Unknown"
    ],
    "hosting": [
      "External - unknown environment"
    ],
    "management": [
      "External"
    ]
  },
  "attribute": {
    "confidentiality": {
      "data": [
        {
          "amount": 15,
          "variety": "Medical"
        }
      ],
      "data_disclosure": "Yes",
      "data_total": 15,
      "data_victim": [
        "Patient"
      ],
      "state": [
        "Stored unencrypted"
      ]
    }
  },
  "discovery_method": {
    "unknown": true
  },
  "impact": {
    "overall_rating": "Unknown"
  },
  "incident_id": "0522392F-DDB4-4976-B3F5-2D6E48F3B8C6",
  "plus": {
    "analysis_status": "First pass",
    "analyst": "swidup",
    "asset": {
      "total": "No"
    },
    "attribute": {
      "confidentiality": {
        "credit_monitoring": "Unknown",
        "data_abuse": "Unknown"
      }
    },
    "created": "2013-06-06T18:55:56Z",
    "master_id": "0522392F-DDB4-4976-B3F5-2D6E48F3B8C6",
    "modified": "2014-05-10T00:58:18Z",
    "timeline": {
      "notification": {
        "year": 2010
      }
    }
  },
  "reference": "http://www.leaderpost.com/health/RQRHA+adequately+protect+health+information/8066232/story.html",
  "schema_version": "1.3.4",
  "security_incident": "Confirmed",
  "source_id": "vcdb",
  "summary": "The Regina Qu'Appelle Regional Health Authority (RQRHA) failed to follow provisions of the Health Information Protection Act (HIPA) in a 2010 privacy breach, according to Saskatchewan's Information and Privacy Commissioner.  Gary Dickson's office began an investigation into the Regina breach after 15 addressograph cards - blue cards attached to patients' charts when they go to a hospital for tests or admissions - were found on the ground near two facilities belonging to a document destruction company on May 20, 2010.  The cards contained personal information of patients who had been treated at the Pasqua and Regina General hospitals.  The privacy breach occurred when an employee of a document destruction company was transferring the cards in a container with a lid between two facilities. The container's lid was not secured and the cards flew out. They were discovered two days later by a member of the public. ",
  "timeline": {
    "incident": {
      "day": 20,
      "month": 5,
      "year": 2010
    }
  },
  "victim": {
    "country": [
      "CA"
    ],
    "employee_count": "Unknown",
    "industry": "62",
    "region": [
      "019021"
    ],
    "victim_id": "Regina Qu'Appelle Regional Health Authority"
  }
}