{
  "action": {
    "error": {
      "variety": [
        "Misdelivery"
      ],
      "vector": [
        "Carelessness"
      ]
    }
  },
  "actor": {
    "internal": {
      "motive": [
        "NA"
      ],
      "variety": [
        "Unknown"
      ]
    }
  },
  "asset": {
    "assets": [
      {
        "variety": "M - Documents"
      }
    ],
    "cloud": [
      "Unknown"
    ]
  },
  "attribute": {
    "confidentiality": {
      "data": [
        {
          "variety": "Unknown"
        }
      ],
      "data_disclosure": "Yes",
      "data_total": 199
    }
  },
  "discovery_method": {
    "unknown": true
  },
  "incident_id": "05291685-2980-48B9-9C99-8C03F9E56035",
  "plus": {
    "analysis_status": "First pass",
    "analyst": "swidup",
    "created": "2014-07-30T19:04:07Z",
    "dbir_year": 2014,
    "master_id": "05291685-2980-48B9-9C99-8C03F9E56035",
    "modified": "2015-02-13T16:50:35Z"
  },
  "reference": "http://vcdb.org/pdf/va-security-apr-2014.pdf",
  "schema_version": "1.3.4",
  "security_incident": "Confirmed",
  "source_id": "vcdb",
  "summary": "Veteran A entered the Veteran Service Organization with documents belonging to Veteran B. Veteran A stated the documents belonging to Veteran B were attached to his VA correspondence letter. The Veteran Service Organization mailed the copies back to the Regional Office. Veteran B's name, address, and full SSN were compromised.  This is informational for Mis-Mailed incidents and is the representative ticket. There were a total of 199 Mis-Mailed incidents this reporting period. Because of repetition, the other 198 are not included in this report, but are included in the \"Mis-Mailed Incidents\" count at the end of this report. In all incidents, Veterans will receive a notification letter and/or credit monitoring will be offered if appropriate.",
  "timeline": {
    "incident": {
      "day": 31,
      "month": 3,
      "year": 2014
    }
  },
  "victim": {
    "country": [
      "US"
    ],
    "employee_count": "Over 100000",
    "industry": "923140",
    "region": [
      "019021"
    ],
    "state": "GA",
    "victim_id": "United States Department of Veterans Affairs"
  }
}