{
  "action": {
    "error": {
      "variety": [
        "Malfunction"
      ],
      "vector": [
        "Unknown"
      ]
    }
  },
  "actor": {
    "internal": {
      "motive": [
        "NA"
      ],
      "variety": [
        "Developer"
      ]
    }
  },
  "asset": {
    "assets": [
      {
        "amount": 1,
        "variety": "S - Database"
      }
    ],
    "cloud": [
      "Unknown"
    ],
    "total_amount": 1
  },
  "attribute": {
    "confidentiality": {
      "data": [
        {
          "amount": 1126,
          "variety": "Medical"
        }
      ],
      "data_disclosure": "Yes",
      "data_total": 1126,
      "data_victim": [
        "Patient"
      ],
      "state": [
        "Printed"
      ]
    }
  },
  "confidence": "High",
  "discovery_method": {
    "unknown": true
  },
  "incident_id": "919fde00-e37d-11e7-8742-2bc46bd10713",
  "plus": {
    "analysis_status": "Validated",
    "analyst": "swidup",
    "created": "2017-12-18T11:01:08.967Z",
    "dbir_year": 2018,
    "github": "9034",
    "master_id": "053b6e58-d51b-41b9-b34e-c93338e280d8",
    "modified": "2017-12-18T11:01:24.861Z",
    "sub_source": "phidbr",
    "timeline": {
      "notification": {
        "day": 20,
        "month": 1,
        "year": 2017
      }
    }
  },
  "reference": "https://www.databreaches.net/trihealth-notifies-1126-patients-after-software-glitch-sends-statements-to-old-addresses/",
  "schema_version": "1.3.4",
  "security_incident": "Confirmed",
  "source_id": "vcdb",
  "summary": "In late November of 2016, TriHealth discovered a software glitch inadvertently replaced the current mailing addresses of 1,126 TriHealth patients with a previous address we had on file for them. This caused TriHealth billing statements and other correspondence to be sent to the former address of those people impacted by this error. Since TriHealth is unable to determine if the billing statements and other correspondence reached patients at their current address, we are notifying affected patients of this incident.",
  "targeted": "NA",
  "timeline": {
    "containment": {
      "unit": "Months",
      "value": 3
    },
    "discovery": {
      "unit": "Years",
      "value": 1
    },
    "incident": {
      "month": 11,
      "year": 2015
    }
  },
  "victim": {
    "country": [
      "US"
    ],
    "employee_count": "10001 to 25000",
    "industry": "621111",
    "region": [
      "019021"
    ],
    "state": "OH",
    "victim_id": "TriHealth"
  }
}