{
  "action": {
    "hacking": {
      "variety": [
        "Unknown"
      ],
      "vector": [
        "Unknown"
      ]
    },
    "physical": {
      "variety": [
        "Theft"
      ],
      "vector": [
        "Unknown"
      ]
    }
  },
  "actor": {
    "external": {
      "country": [
        "Unknown",
        "JP"
      ],
      "motive": [
        "Financial"
      ],
      "region": [
        "142030"
      ],
      "variety": [
        "Organized crime",
        "Unknown"
      ]
    }
  },
  "asset": {
    "assets": [
      {
        "variety": "T - ATM"
      },
      {
        "variety": "S - Database"
      }
    ],
    "cloud": [
      "Unknown"
    ]
  },
  "attribute": {
    "availability": {
      "variety": [
        "Loss"
      ]
    },
    "confidentiality": {
      "data": [
        {
          "amount": 3000,
          "variety": "Payment"
        }
      ],
      "data_disclosure": "Yes",
      "data_total": 3000,
      "data_victim": [
        "Customer"
      ],
      "state": [
        "Unknown"
      ]
    },
    "integrity": {
      "variety": [
        "Fraudulent transaction"
      ]
    }
  },
  "discovery_method": {
    "external": {
      "variety": [
        "Law enforcement"
      ]
    }
  },
  "impact": {
    "overall_amount": 12700000,
    "overall_rating": "Unknown"
  },
  "incident_id": "35686FFA-7E43-43EF-AC97-3E0214C2D79F",
  "plus": {
    "analysis_status": "Finalized",
    "analyst": "Robert-Topper",
    "attribute": {
      "confidentiality": {
        "credit_monitoring": "Unknown",
        "data_abuse": "Yes"
      }
    },
    "created": "2016-11-01T15:09:00Z",
    "dbir_year": 2017,
    "github": "7934",
    "master_id": "0549C5DE-B319-4C4E-B190-4C74527B268E",
    "modified": "2016-11-01T15:20:00Z",
    "timeline": {
      "notification": {
        "day": 25,
        "month": 5,
        "year": 2016
      }
    }
  },
  "reference": "https://asiancorrespondent.com/2016/05/japan-13million-atm-hacking/;  http://mainichi.jp/english/articles/20160522/p2g/00m/0dm/044000c; http://www.computerworld.com/article/3074117/security/100-thieves-stole-127-million-from-atms-in-25-hours.html;  http://businesstech.co.za/news/banking/128602/standard-bank-computer-was-hacked-in-r300-million-atm-fraud-hit/ ",
  "schema_version": "1.3.4",
  "security_incident": "Confirmed",
  "source_id": "vcdb",
  "summary": "each person on average withdrew the maximum of 100,000 yen (US$913) from the 14,000 transactions involving 1,600 credit cards. The group mainly targeted ATM cash machines in 7-11 convenience stores as they accept foreign credit cards",
  "timeline": {
    "discovery": {
      "unit": "Hours",
      "value": 3.0
    },
    "incident": {
      "day": 15,
      "month": 5,
      "year": 2016
    }
  },
  "victim": {
    "country": [
      "ZA"
    ],
    "employee_count": "1001 to 10000",
    "industry": "522110",
    "locations_affected": 14000,
    "region": [
      "002018"
    ],
    "victim_id": "South African Standard Bank"
  }
}