{
  "action": {
    "hacking": {
      "cve": "CVE-2008-4250",
      "variety": [
        "Brute force",
        "Use of stolen creds",
        "Use of backdoor or C2"
      ],
      "vector": [
        "Backdoor or C2"
      ]
    },
    "malware": {
      "cve": "CVE-2009-3129, CVE-2010-3333, CVE-2012-0158, CVE-2011-3544",
      "name": "Rocra",
      "variety": [
        "C2",
        "Capture stored data",
        "Scan network",
        "Exploit vuln",
        "Backdoor",
        "Downloader",
        "Export data",
        "Spyware/Keylogger",
        "Brute force"
      ],
      "vector": [
        "Email attachment"
      ]
    },
    "social": {
      "target": [
        "Unknown"
      ],
      "variety": [
        "Phishing"
      ],
      "vector": [
        "Email"
      ]
    }
  },
  "actor": {
    "external": {
      "country": [
        "RU"
      ],
      "motive": [
        "Espionage"
      ],
      "notes": "Basing on registration data of C&C servers and numerous artifacts left in executables of the malware, we strongly believe that the attackers have Russian-speaking origins. Current attackers and executables developed by them have been unknown until recently, they have never related to any other targeted cyberattacks.",
      "region": [
        "150151"
      ],
      "variety": [
        "State-affiliated"
      ]
    }
  },
  "asset": {
    "assets": [
      {
        "variety": "U - Desktop"
      },
      {
        "variety": "U - Mobile phone"
      },
      {
        "variety": "N - Router or switch"
      },
      {
        "variety": "S - Unknown"
      },
      {
        "variety": "P - Unknown"
      },
      {
        "variety": "U - Desktop or laptop"
      }
    ],
    "cloud": [
      "Unknown"
    ]
  },
  "attribute": {
    "confidentiality": {
      "data": [
        {
          "variety": "Classified"
        },
        {
          "variety": "Internal"
        },
        {
          "variety": "Credentials"
        },
        {
          "variety": "Secrets"
        },
        {
          "variety": "System"
        }
      ],
      "data_disclosure": "Yes"
    },
    "integrity": {
      "variety": [
        "Software installation",
        "Modify configuration",
        "Alter behavior"
      ]
    }
  },
  "campaign_id": "CBAA666B-8213-4F6B-B6AC-29896A9C1455",
  "discovery_method": {
    "external": {
      "variety": [
        "Suspicious traffic"
      ]
    }
  },
  "incident_id": "05638263-849F-4E8D-9074-05314DAB7F40",
  "plus": {
    "analyst": "wbaker",
    "analyst_notes": "Compiled from public and private info from source",
    "created": "2014-02-17T20:39:13Z",
    "master_id": "05638263-849F-4E8D-9074-05314DAB7F40",
    "modified": "2014-06-25T20:35:20Z"
  },
  "reference": "http://www.kaspersky.com/about/news/virus/2013/Kaspersky_Lab_Identifies_Operation_Red_October_an_Advanced_Cyber_Espionage_Campaign_Targeting_Diplomatic_and_Government_Institutions_Worldwide ; https://www.securelist.com/en/analysis/204792262/Red_October_Diplomatic_Cyber_Attacks_Investigation ; https://www.securelist.com/en/analysis/204792265/Red_October_Detailed_Malware_Description_1_First_Stage_of_Attack ; https://www.securelist.com/en/images/pictures/klblog/208194085.png",
  "schema_version": "1.3.4",
  "security_incident": "Confirmed",
  "source_id": "vcdb",
  "summary": "Incident associated with Red October campaign. Phishing email with malware attachment leading to infection, C2, credential compromise, and lateral movement through network. Goal to steal classified info and secrets.",
  "timeline": {
    "incident": {
      "year": 2012
    }
  },
  "victim": {
    "country": [
      "KZ"
    ],
    "employee_count": "Unknown",
    "industry": "3364",
    "region": [
      "142143"
    ]
  }
}