{
  "action": {
    "hacking": {
      "variety": [
        "DoS"
      ],
      "vector": [
        "Web application"
      ]
    }
  },
  "actor": {
    "external": {
      "country": [
        "US"
      ],
      "motive": [
        "Unknown"
      ],
      "region": [
        "019021"
      ],
      "variety": [
        "Unknown"
      ]
    }
  },
  "asset": {
    "assets": [
      {
        "variety": "Unknown"
      },
      {
        "variety": "S - Web application"
      }
    ],
    "cloud": [
      "Unknown"
    ]
  },
  "attribute": {
    "availability": {
      "variety": [
        "Interruption"
      ]
    }
  },
  "discovery_method": {
    "unknown": true
  },
  "incident_id": "058F2F26-43D1-4B74-B280-5E456FD11D24",
  "plus": {
    "analysis_status": "First pass",
    "analyst": "Riinow",
    "created": "2014-05-07T04:06:42.248Z",
    "github": "906",
    "master_id": "058F2F26-43D1-4B74-B280-5E456FD11D24",
    "modified": "2015-02-13T16:50:35Z"
  },
  "reference": "http://www.scmagazine.com/battlefield-4-pc-servers-experience-ddos-attack/article/321506/ (2014-05-07T04:06:42.248Z);",
  "schema_version": "1.3.4",
  "security_incident": "Confirmed",
  "source_id": "vcdb",
  "summary": "Denial of service attack",
  "timeline": {
    "incident": {
      "day": 18,
      "month": 11,
      "year": 2013
    }
  },
  "victim": {
    "country": [
      "Unknown"
    ],
    "employee_count": "Unknown",
    "industry": "000",
    "region": [
      "000000"
    ],
    "victim_id": "Battlefield"
  }
}