{
  "action": {
    "hacking": {
      "cve": "",
      "variety": [
        "Unknown"
      ],
      "vector": [
        "Unknown"
      ]
    }
  },
  "actor": {
    "external": {
      "country": [
        "Unknown"
      ],
      "motive": [
        "Financial"
      ],
      "region": [
        "000000"
      ],
      "variety": [
        "Unknown"
      ]
    }
  },
  "asset": {
    "assets": [
      {
        "variety": "S - Database"
      }
    ],
    "cloud": [
      "Unknown"
    ],
    "hosting": [
      "External - unknown environment"
    ],
    "management": [
      "External"
    ]
  },
  "attribute": {
    "confidentiality": {
      "data": [
        {
          "variety": "Bank"
        },
        {
          "variety": "Personal"
        }
      ],
      "data_disclosure": "Yes",
      "data_victim": [
        "Customer"
      ],
      "state": [
        "Stored"
      ]
    }
  },
  "discovery_method": {
    "unknown": true
  },
  "impact": {
    "overall_rating": "Unknown"
  },
  "incident_id": "05902E48-26E8-482A-BA13-B74423DE38F3",
  "plus": {
    "analysis_status": "First pass",
    "analyst": "swidup",
    "asset": {
      "total": "No"
    },
    "attribute": {
      "confidentiality": {
        "credit_monitoring": "Yes",
        "data_abuse": "Unknown"
      }
    },
    "created": "2013-04-29T21:09:30Z",
    "master_id": "05902E48-26E8-482A-BA13-B74423DE38F3",
    "modified": "2014-05-10T00:58:18Z",
    "timeline": {
      "notification": {
        "day": 18,
        "month": 1,
        "year": 2013
      }
    }
  },
  "reference": "https://oag.ca.gov/system/files/Network%20Intrusion_Breach%20Notification%20on_0.pdf, http://www.databreaches.net/?p=27468",
  "schema_version": "1.3.4",
  "security_incident": "Confirmed",
  "source_id": "vcdb",
  "summary": "We recently learned that one of our service providers, was the victim of an illegal and unauthorized intrusion into its network (\u201cNetwork Intrusion\u201d) during the first quarter of 2011.  Given the size and complexity of the issues, they have continued to investigate the scope and extent of the Network Intrusion. As a result, the service provider recently notified us that they have determined that an unauthorized person had access to files which contain some or all of the following information about you: name, address, birthdate, phone number, drivers license number, passport number, and Social Security Number.",
  "timeline": {
    "incident": {
      "day": 1,
      "month": 1,
      "year": 2011
    }
  },
  "victim": {
    "country": [
      "US"
    ],
    "employee_count": "101 to 1000",
    "industry": "522120",
    "region": [
      "019021"
    ],
    "revenue": {
      "amount": 1350000000,
      "iso_currency_code": "USD"
    },
    "state": "CA",
    "victim_id": "OneWest Bank FSB"
  }
}