{
  "action": {
    "hacking": {
      "variety": [
        "Unknown"
      ],
      "vector": [
        "Web application"
      ]
    }
  },
  "actor": {
    "external": {
      "country": [
        "Unknown"
      ],
      "motive": [
        "Ideology"
      ],
      "region": [
        "000000"
      ],
      "variety": [
        "Activist"
      ]
    }
  },
  "asset": {
    "assets": [
      {
        "variety": "S - Web application"
      }
    ],
    "cloud": [
      "Unknown"
    ]
  },
  "attribute": {
    "integrity": {
      "variety": [
        "Modify data",
        "Repurpose"
      ]
    }
  },
  "discovery_method": {
    "external": {
      "variety": [
        "Actor disclosure"
      ]
    }
  },
  "incident_id": "05919830-028D-4BF3-A061-1B7DDDED4BF8",
  "plus": {
    "analysis_status": "First pass",
    "analyst": "blackfist",
    "created": "2014-01-02T20:19:21Z",
    "github": "688",
    "master_id": "05919830-028D-4BF3-A061-1B7DDDED4BF8",
    "modified": "2014-04-27T19:37:01Z",
    "timeline": {
      "notification": {
        "day": 28,
        "month": 10,
        "year": 2013
      }
    }
  },
  "reference": "http://news.softpedia.com/news/Turkish-Group-Hacks-Website-of-Alexza-Pharmaceuticals-394726.shtml (20140102)",
  "schema_version": "1.3.4",
  "security_incident": "Confirmed",
  "source_id": "vcdb",
  "summary": "The website of Alexza Pharmaceuticals (alexza.com)  a Mountain View-based company that focuses on the research, development and commercialization of products for the treatment of central nervous systems conditions  has been hacked. Hackers of Ayyldz Tim, a group from Turkey, have taken credit for the attack. All of Alexzas webpages have been defaced with a message of protest against those who insult Islam.",
  "timeline": {
    "incident": {
      "year": 2013
    }
  },
  "victim": {
    "country": [
      "US"
    ],
    "employee_count": "11 to 100",
    "industry": "325412",
    "region": [
      "019021"
    ],
    "victim_id": "Alexza Pharmaceuticals"
  }
}