{
  "action": {
    "hacking": {
      "result": [
        "Exfiltrate"
      ],
      "variety": [
        "Unknown"
      ],
      "vector": [
        "Unknown"
      ]
    }
  },
  "actor": {
    "external": {
      "country": [
        "Unknown"
      ],
      "motive": [
        "Financial"
      ],
      "region": [
        "000000"
      ],
      "variety": [
        "Unaffiliated"
      ]
    }
  },
  "asset": {
    "assets": [
      {
        "variety": "S - Unknown"
      }
    ],
    "cloud": [
      "Unknown"
    ]
  },
  "attribute": {
    "confidentiality": {
      "data": [
        {
          "amount": 1300000,
          "variety": "Personal"
        }
      ],
      "data_disclosure": "Yes",
      "data_total": 1300000,
      "data_victim": [
        "Customer"
      ],
      "state": [
        "Stored unencrypted"
      ]
    }
  },
  "confidence": "High",
  "discovery_method": {
    "unknown": true
  },
  "incident_id": "ff72eef0-0848-11e8-8ccf-e3865b9fabe5",
  "plus": {
    "analysis_status": "Validated",
    "analyst": "swidup",
    "attribute": {
      "confidentiality": {
        "credit_monitoring": "Yes",
        "credit_monitoring_years": 2
      }
    },
    "created": "2018-02-03T02:50:16.520Z",
    "dbir_year": 2018,
    "github": "10712",
    "master_id": "059667e7-4df8-4178-9c78-5a16f79242af",
    "modified": "2018-02-03T02:50:16.520Z",
    "sub_source": "priority"
  },
  "reference": "https://www.ctvnews.ca/autos/nissan-canada-informs-financing-customers-of-possible-data-breach-1.3731485; http://www.marketwired.com/press-release/nissan-canada-finance-informs-customers-of-possible-data-breach-2243755.htm; https://securityboulevard.com/2017/12/nissan-canada-notifies-1-1-million-customers-of-data-breach/",
  "schema_version": "1.3.4",
  "security_incident": "Confirmed",
  "source_id": "vcdb",
  "summary": "Nissan Canada is in the process of notifying 1.13 million customers of a data breach that might have exposed their information.  On 11 December, the automobile manufacturer\u2019s Canadian headquarters discovered that both Nissan Canada Finance and INFINITI Financial Services Canada had suffered a data security incident.    As disclosed in a press release published by Marketwired, customers who financed the purchase of their vehicles through those two business arms might be affected by the breach, an event which is believed to have exposed their name, address, vehicle make and model, vehicle identification number (VIN), credit score, loan amount, and monthly payment. Nissan Canada has not found any evidence indicating the exposure of customers\u2019 payment card information.",
  "targeted": "Unknown",
  "timeline": {
    "incident": {
      "month": 12,
      "year": 2017
    }
  },
  "victim": {
    "country": [
      "CA"
    ],
    "employee_count": "1001 to 10000",
    "industry": "522220",
    "region": [
      "019021"
    ],
    "victim_id": "Nissan Canada Finance"
  }
}