{
  "action": {
    "hacking": {
      "variety": [
        "Unknown"
      ],
      "vector": [
        "Web application"
      ]
    }
  },
  "actor": {
    "external": {
      "country": [
        "Unknown"
      ],
      "motive": [
        "Fun"
      ],
      "region": [
        "000000"
      ],
      "variety": [
        "Unknown"
      ]
    }
  },
  "asset": {
    "assets": [
      {
        "variety": "S - Web application"
      }
    ],
    "cloud": [
      "Unknown"
    ]
  },
  "attribute": {
    "confidentiality": {
      "data": [
        {
          "variety": "Credentials"
        },
        {
          "variety": "Personal"
        }
      ],
      "data_disclosure": "Yes",
      "data_victim": [
        "Student"
      ],
      "state": [
        "Stored"
      ]
    }
  },
  "discovery_method": {
    "external": {
      "variety": [
        "Actor disclosure"
      ]
    }
  },
  "impact": {
    "overall_rating": "Unknown"
  },
  "incident_id": "05CFF863-9618-41D5-A500-40B3F290D243",
  "plus": {
    "analysis_status": "First pass",
    "analyst": "swidup",
    "asset": {
      "total": "No"
    },
    "attribute": {
      "confidentiality": {
        "credit_monitoring": "Unknown",
        "data_abuse": "Unknown"
      }
    },
    "created": "2013-02-13T17:42:43Z",
    "master_id": "05CFF863-9618-41D5-A500-40B3F290D243",
    "modified": "2014-05-10T00:58:18Z",
    "timeline": {
      "notification": {
        "day": 25,
        "month": 2,
        "year": 2012
      }
    }
  },
  "reference": "http://www.databreaches.net/?p=23354",
  "schema_version": "1.3.4",
  "security_incident": "Confirmed",
  "source_id": "vcdb",
  "summary": "Valley View University in Ghana is a private chartered university.  According to Wikipedia, it is part of a worldwide system of over 100 tertiary institutions operated by the Seventh-day Adventist Church. And according to Virtual SEPO, it was hacked. The data dump includes entries consisting of e-mail address, plaintext passwords, and full names.",
  "timeline": {
    "incident": {
      "year": 2012
    }
  },
  "victim": {
    "country": [
      "GH"
    ],
    "employee_count": "Unknown",
    "industry": "6113",
    "region": [
      "002011"
    ],
    "victim_id": "Valley View University"
  }
}