{
  "action": {
    "hacking": {
      "variety": [
        "Unknown"
      ],
      "vector": [
        "Web application"
      ]
    }
  },
  "actor": {
    "external": {
      "country": [
        "Unknown"
      ],
      "motive": [
        "Ideology"
      ],
      "notes": "Phantom Squad",
      "region": [
        "142034",
        "019021"
      ],
      "variety": [
        "Activist"
      ]
    }
  },
  "asset": {
    "assets": [
      {
        "variety": "S - Web application"
      }
    ],
    "cloud": [
      "Unknown"
    ]
  },
  "attribute": {
    "availability": {
      "variety": [
        "Loss"
      ]
    },
    "confidentiality": {
      "data": [
        {
          "variety": "Unknown"
        }
      ],
      "data_disclosure": "No",
      "state": [
        "Unknown"
      ]
    },
    "integrity": {
      "variety": [
        "Defacement"
      ]
    }
  },
  "discovery_method": {
    "external": {
      "variety": [
        "Actor disclosure"
      ]
    }
  },
  "impact": {
    "overall_rating": "Unknown"
  },
  "incident_id": "05E59C0D-6CCD-4823-816A-44F680CF753E",
  "plus": {
    "analysis_status": "Finalized",
    "analyst": "Spitler",
    "attribute": {
      "confidentiality": {
        "credit_monitoring": "Unknown"
      }
    },
    "created": "2016-02-02T21:15:00Z",
    "dbir_year": 2016,
    "github": "6578",
    "master_id": "05E59C0D-6CCD-4823-816A-44F680CF753E",
    "modified": "2016-02-02T21:15:00Z",
    "timeline": {
      "notification": {
        "day": 4,
        "month": 11,
        "year": 2015
      }
    }
  },
  "reference": "http://timesofindia.indiatimes.com/city/aurangabad/3rd-attack-on-divnl-commissionerates-website-in-7-days/articleshow/49651323.cms",
  "schema_version": "1.3.4",
  "security_incident": "Confirmed",
  "source_id": "vcdb",
  "summary": "Website defacement",
  "timeline": {
    "incident": {
      "year": 2015
    }
  },
  "victim": {
    "country": [
      "IN"
    ],
    "employee_count": "Unknown",
    "industry": "92",
    "region": [
      "142034"
    ],
    "victim_id": "Aurangabad divisional Commissionerate"
  }
}