{
  "action": {
    "hacking": {
      "variety": [
        "Unknown"
      ],
      "vector": [
        "Unknown"
      ]
    }
  },
  "actor": {
    "external": {
      "country": [
        "Unknown"
      ],
      "motive": [
        "Unknown"
      ],
      "region": [
        "000000"
      ],
      "variety": [
        "Unknown"
      ]
    }
  },
  "asset": {
    "assets": [
      {
        "variety": "S - Database"
      }
    ],
    "cloud": [
      "Unknown"
    ]
  },
  "attribute": {
    "availability": {
      "variety": [
        "Loss"
      ]
    },
    "confidentiality": {
      "data": [
        {
          "amount": 42000000,
          "variety": "Credentials"
        },
        {
          "amount": 42000000,
          "variety": "Personal"
        }
      ],
      "data_disclosure": "Yes",
      "data_total": 42000000,
      "data_victim": [
        "Customer"
      ],
      "state": [
        "Unknown"
      ]
    }
  },
  "discovery_method": {
    "unknown": true
  },
  "impact": {
    "overall_rating": "Unknown"
  },
  "incident_id": "05E8DB48-D7D4-4118-9880-B6749D7507B3",
  "plus": {
    "analysis_status": "First pass",
    "analyst": "swidup",
    "attribute": {
      "confidentiality": {
        "credit_monitoring": "Unknown"
      }
    },
    "created": "2014-02-11T03:58:08Z",
    "master_id": "05E8DB48-D7D4-4118-9880-B6749D7507B3",
    "modified": "2014-05-10T00:58:18Z",
    "timeline": {
      "notification": {
        "month": 11,
        "year": 2013
      }
    }
  },
  "reference": "http://krebsonsecurity.com/2013/11/cupid-media-hack-exposed-42m-passwords/",
  "schema_version": "1.3.4",
  "security_incident": "Confirmed",
  "source_id": "vcdb",
  "summary": "An intrusion at online dating service Cupid Media earlier this year exposed more than 42 million consumer records, including names, email addresses, unencrypted passwords and birthdays, according to information obtained by KrebsOnSecurity.  The data stolen from Southport, Australia-based niche dating service Cupid Media was found on the same server where hackers had amassed tens of millions of records stolen from Adobe, PR Newswire and the National White Collar Crime Center (NW3C), among others.  The purloined database contains more than 42 million entries in the format shown in the redacted image below. I reached out to Cupid Media on Nov. 8. Six days later, I heard back from Andrew Bolton, the companys managing director. Bolton said the information appears to be related to a breach that occurred in January 2013.  In January we detected suspicious activity on our network and based upon the information that we had available at the time, we took what we believed to be appropriate actions to notify affected customers and reset passwords for a particular group of user accounts, Bolton said. We are currently in the process of double-checking that all affected accounts have had their passwords reset and have received an email notification.",
  "timeline": {
    "incident": {
      "month": 1,
      "year": 2013
    }
  },
  "victim": {
    "country": [
      "AU"
    ],
    "employee_count": "11 to 100",
    "industry": "812990",
    "region": [
      "009053"
    ],
    "victim_id": "Cupid Media"
  }
}