{
  "action": {
    "error": {
      "variety": [
        "Misdelivery"
      ],
      "vector": [
        "Unknown"
      ]
    }
  },
  "actor": {
    "internal": {
      "motive": [
        "NA"
      ],
      "variety": [
        "Other"
      ]
    }
  },
  "asset": {
    "assets": [
      {
        "variety": "S - Database"
      }
    ],
    "cloud": [
      "Unknown"
    ]
  },
  "attribute": {
    "confidentiality": {
      "data": [
        {
          "amount": 1581,
          "variety": "Personal"
        }
      ],
      "data_disclosure": "Yes",
      "data_total": 1581,
      "data_victim": [
        "Student"
      ],
      "state": [
        "Stored"
      ]
    }
  },
  "confidence": "High",
  "discovery_method": {
    "internal": {
      "variety": [
        "Reported by employee"
      ]
    }
  },
  "incident_id": "31d58050-a774-11e7-ae18-bd2df8850f54",
  "plus": {
    "analysis_status": "Validated",
    "analyst": "Breland",
    "created": "2017-10-23T23:52:36.173Z",
    "dbir_year": 2018,
    "github": "10238",
    "master_id": "060382f3-6169-4d00-a184-350f733d36e3",
    "modified": "2017-10-23T23:52:36.173Z"
  },
  "reference": "http://myfox8.com/2017/09/28/some-nc-at-students-personal-information-leaked-in-security-incident/",
  "schema_version": "1.3.4",
  "security_incident": "Confirmed",
  "source_id": "vcdb",
  "summary": "North Carolina A&T State University students\u2019 personal information leaked in \u2018security incident\u2019",
  "targeted": "NA",
  "timeline": {
    "compromise": {
      "unit": "Seconds"
    },
    "containment": {
      "unit": "Hours"
    },
    "discovery": {
      "unit": "Minutes"
    },
    "incident": {
      "day": 27,
      "month": 9,
      "year": 2017
    }
  },
  "victim": {
    "country": [
      "US"
    ],
    "employee_count": "101 to 1000",
    "industry": "611310",
    "locations_affected": 1,
    "region": [
      "019021"
    ],
    "state": "NC",
    "victim_id": "NC A&T University "
  }
}