{
  "action": {
    "hacking": {
      "variety": [
        "Unknown"
      ],
      "vector": [
        "Unknown"
      ]
    },
    "malware": {
      "variety": [
        "Unknown"
      ],
      "vector": [
        "Unknown"
      ]
    }
  },
  "actor": {
    "external": {
      "country": [
        "Unknown"
      ],
      "motive": [
        "Financial"
      ],
      "region": [
        "000000"
      ],
      "variety": [
        "Unknown"
      ]
    }
  },
  "asset": {
    "assets": [
      {
        "variety": "U - POS terminal"
      }
    ],
    "cloud": [
      "Unknown"
    ]
  },
  "attribute": {
    "confidentiality": {
      "data": [
        {
          "variety": "Payment"
        }
      ],
      "data_disclosure": "Yes",
      "data_victim": [
        "Customer"
      ],
      "state": [
        "Unknown"
      ]
    },
    "integrity": {
      "variety": [
        "Software installation"
      ]
    }
  },
  "discovery_method": {
    "external": {
      "variety": [
        "Law enforcement"
      ]
    }
  },
  "discovery_notes": "The resort was first notified of a problem by law enforcement in September, 2015, but was not able to confirm the breach until January, 2016",
  "impact": {
    "overall_rating": "Unknown"
  },
  "incident_id": "72B82612-2DC6-447B-BD42-6DDFBBE2E2BD",
  "plus": {
    "analysis_status": "Finalized",
    "analyst": "Robert-Topper",
    "attribute": {
      "confidentiality": {
        "credit_monitoring": "Unknown",
        "data_abuse": "Yes"
      }
    },
    "created": "2016-09-14T18:14:00Z",
    "dbir_year": 2017,
    "github": "7623",
    "master_id": "0619432F-37BD-47F2-B4B2-604D5B295F94",
    "modified": "2016-09-14T18:21:00Z",
    "timeline": {
      "notification": {
        "day": 11,
        "month": 1,
        "year": 2016
      }
    }
  },
  "reference": "http://www.databreaches.net/grand-sierra-resort-guest-payment-cards-breached-in-2014-and-again-in-2015/",
  "schema_version": "1.3.4",
  "security_incident": "Confirmed",
  "source_id": "vcdb",
  "summary": "Grand Sierra Resort ",
  "timeline": {
    "containment": {
      "unit": "Months",
      "value": 3.0
    },
    "incident": {
      "day": 19,
      "month": 2,
      "year": 2014
    }
  },
  "victim": {
    "country": [
      "US"
    ],
    "employee_count": "1001 to 10000",
    "industry": "721110",
    "locations_affected": 1,
    "region": [
      "019021"
    ],
    "state": "NV",
    "victim_id": "Grand Sierra Resort"
  }
}