{
  "action": {
    "error": {
      "variety": [
        "Misconfiguration"
      ],
      "vector": [
        "Carelessness"
      ]
    }
  },
  "actor": {
    "internal": {
      "motive": [
        "NA"
      ],
      "variety": [
        "Unknown"
      ]
    }
  },
  "asset": {
    "assets": [
      {
        "amount": 1,
        "variety": "S - Web application"
      }
    ],
    "cloud": [
      "Unknown"
    ],
    "total_amount": 1
  },
  "attribute": {
    "confidentiality": {
      "data": [
        {
          "amount": 3000,
          "variety": "Medical"
        }
      ],
      "data_disclosure": "Yes",
      "data_total": 3000,
      "data_victim": [
        "Customer"
      ],
      "state": [
        "Stored unencrypted"
      ]
    }
  },
  "confidence": "High",
  "discovery_method": {
    "external": {
      "variety": [
        "Customer"
      ]
    }
  },
  "impact": {
    "iso_currency_code": "EUR",
    "loss": [
      {
        "amount": 70000,
        "rating": "Moderate",
        "variety": "Legal and regulatory"
      }
    ],
    "overall_amount": 70000,
    "overall_rating": "Distracting"
  },
  "incident_id": "23cf5870-ec41-11e7-b683-c1703914e4a4",
  "plus": {
    "analysis_status": "Validated",
    "analyst": "swidup",
    "created": "2017-12-29T10:43:04.758Z",
    "dbir_year": 2018,
    "github": "10078",
    "master_id": "0625024d-97d6-4dc8-bd6e-ea0081ecd5ad",
    "modified": "2017-12-29T10:43:04.758Z",
    "sub_source": "phidbr"
  },
  "reference": "https://www.databreaches.net/uk-nottinghamshire-county-council-fined-70000-for-data-protection-breach/",
  "schema_version": "1.3.4",
  "security_incident": "Confirmed",
  "source_id": "vcdb",
  "summary": "Nottinghamshire County Council posted the gender, addresses, postcodes and care requirements of elderly and disabled people in an online directory which didn\u2019t have basic security or access restrictions such as a username or password.",
  "targeted": "NA",
  "timeline": {
    "discovery": {
      "unit": "Years",
      "value": 5
    },
    "incident": {
      "year": 2011
    }
  },
  "victim": {
    "country": [
      "GB"
    ],
    "employee_count": "1001 to 10000",
    "industry": "923",
    "locations_affected": 1,
    "region": [
      "150154"
    ],
    "victim_id": "Nottinghamshire County Council"
  }
}