{
  "action": {
    "hacking": {
      "variety": [
        "Unknown"
      ],
      "vector": [
        "Web application"
      ]
    }
  },
  "actor": {
    "external": {
      "country": [
        "JO"
      ],
      "motive": [
        "Ideology"
      ],
      "notes": "RedHack",
      "region": [
        "142145"
      ],
      "variety": [
        "Activist"
      ]
    }
  },
  "asset": {
    "assets": [
      {
        "variety": "S - Web application"
      }
    ],
    "cloud": [
      "Unknown"
    ]
  },
  "attribute": {
    "availability": {
      "variety": [
        "Loss"
      ]
    },
    "integrity": {
      "variety": [
        "Modify data"
      ]
    }
  },
  "discovery_method": {
    "unknown": true
  },
  "impact": {
    "overall_rating": "Unknown"
  },
  "incident_id": "063F033E-D5F0-4A4D-8EE6-4B9A9908812A",
  "plus": {
    "analysis_status": "First pass",
    "analyst": "dhylender",
    "created": "2013-10-07T10:23:00Z",
    "github": "388",
    "master_id": "063F033E-D5F0-4A4D-8EE6-4B9A9908812A",
    "modified": "2014-05-10T19:23:22Z",
    "timeline": {
      "notification": {
        "day": 22,
        "month": 9,
        "year": 2013
      }
    }
  },
  "reference": "http://hackread.com/palestine-justice-ministry-hacked/",
  "schema_version": "1.3.4",
  "security_incident": "Confirmed",
  "source_id": "vcdb",
  "summary": "A Jordanian hacker going with the handle of Evil-Jo has hacked and defaced the official website of Palestine Ministry of Justice.",
  "timeline": {
    "incident": {
      "day": 21,
      "month": 9,
      "year": 2013
    }
  },
  "victim": {
    "country": [
      "PS"
    ],
    "employee_count": "Unknown",
    "industry": "921110",
    "region": [
      "142145"
    ],
    "victim_id": "PS Palestine Ministry of Justice"
  }
}