{
  "action": {
    "hacking": {
      "variety": [
        "Unknown",
        "Use of backdoor or C2"
      ],
      "vector": [
        "Web application"
      ]
    },
    "malware": {
      "name": "nbc.exe",
      "variety": [
        "Backdoor",
        "Capture app data"
      ],
      "vector": [
        "Unknown"
      ]
    }
  },
  "actor": {
    "external": {
      "country": [
        "Unknown"
      ],
      "motive": [
        "Financial"
      ],
      "region": [
        "000000"
      ],
      "variety": [
        "Organized crime"
      ]
    }
  },
  "asset": {
    "assets": [
      {
        "variety": "S - Web application"
      }
    ],
    "cloud": [
      "Unknown"
    ],
    "notes": "Following enumerations present before veris 1.3.3 removed: asset.governance.Personally owned."
  },
  "attribute": {
    "confidentiality": {
      "data": [
        {
          "variety": "Secrets"
        }
      ],
      "data_disclosure": "Yes",
      "data_victim": [
        "Other"
      ],
      "state": [
        "Unknown"
      ]
    },
    "integrity": {
      "variety": [
        "Software installation"
      ]
    }
  },
  "discovery_method": {
    "external": {
      "variety": [
        "Unknown"
      ]
    }
  },
  "impact": {
    "overall_rating": "Unknown"
  },
  "incident_id": "064F5887-C2DA-4139-B3AA-D55906F8C30A",
  "plus": {
    "analysis_status": "First pass",
    "analyst": "blackfist",
    "attribute": {
      "confidentiality": {
        "credit_monitoring": "Unknown",
        "data_abuse": "Yes"
      }
    },
    "created": "2013-09-25T15:11:00Z",
    "github": "365",
    "master_id": "064F5887-C2DA-4139-B3AA-D55906F8C30A",
    "modified": "2014-05-10T17:32:28Z",
    "timeline": {
      "notification": {
        "day": 24,
        "month": 9,
        "year": 2013
      }
    }
  },
  "reference": "http://krebsonsecurity.com/2013/09/data-broker-giants-hacked-by-id-theft-service/ (20130925)",
  "schema_version": "1.3.4",
  "security_incident": "Confirmed",
  "source_id": "vcdb",
  "summary": "An identity theft service that sells Social Security numbers, birth records, credit and background reports on millions of Americans has infiltrated computers at some of Americas largest consumer and business data aggregators, according to a seven-month investigation by KrebsOnSecurity.",
  "timeline": {
    "discovery": {
      "unit": "Months",
      "value": 4
    },
    "incident": {
      "day": 10,
      "month": 4,
      "year": 2013
    }
  },
  "victim": {
    "country": [
      "US"
    ],
    "employee_count": "1001 to 10000",
    "industry": "519190",
    "region": [
      "019021"
    ],
    "victim_id": "LexisNexis"
  }
}