{
  "action": {
    "hacking": {
      "variety": [
        "Unknown"
      ],
      "vector": [
        "Unknown"
      ]
    }
  },
  "actor": {
    "external": {
      "country": [
        "Unknown",
        "AZ"
      ],
      "motive": [
        "Unknown",
        "Grudge"
      ],
      "name": [
        "Anti-Armenia Team"
      ],
      "notes": "Azerbaijani hackers going by the handle of Anti-Armenia Team who claim to have hacked Armenian government servers including ",
      "region": [
        "142145"
      ],
      "variety": [
        "Unknown",
        "Activist"
      ]
    }
  },
  "asset": {
    "assets": [
      {
        "variety": "S - Database"
      }
    ],
    "cloud": [
      "Unknown"
    ]
  },
  "attribute": {
    "confidentiality": {
      "data": [
        {
          "variety": "Personal"
        }
      ],
      "data_disclosure": "Yes",
      "data_victim": [
        "Unknown"
      ],
      "state": [
        "Unknown"
      ]
    }
  },
  "discovery_method": {
    "external": {
      "variety": [
        "Actor disclosure"
      ]
    }
  },
  "impact": {
    "overall_rating": "Unknown"
  },
  "incident_id": "B92EBD0F-07E6-41FE-9C2D-C07AAEBF0268",
  "plus": {
    "analysis_status": "Finalized",
    "analyst": "Robert-Topper",
    "attribute": {
      "confidentiality": {
        "credit_monitoring": "Unknown",
        "data_abuse": "Yes"
      }
    },
    "created": "2016-09-07T13:16:00Z",
    "dbir_year": 2017,
    "github": "8406",
    "master_id": "0663A1BD-CB39-4A11-9D3E-6ED428032F92",
    "modified": "2016-09-07T13:30:00Z",
    "timeline": {
      "notification": {
        "month": 8,
        "year": 2016
      }
    }
  },
  "reference": "https://www.hackread.com/azerbaijani-hackers-leak-secret-armenian-data/",
  "schema_version": "1.3.4",
  "security_incident": "Confirmed",
  "source_id": "vcdb",
  "summary": "Azerbaijani hackers going by the handle of Anti-Armenia Team who claim to have hacked Armenian government servers ",
  "timeline": {
    "incident": {
      "month": 8,
      "year": 2016
    }
  },
  "victim": {
    "country": [
      "AM"
    ],
    "employee_count": "Large",
    "industry": "928110",
    "locations_affected": 1,
    "region": [
      "142145"
    ],
    "victim_id": "Armenian national security ministry"
  }
}