{
  "action": {
    "physical": {
      "variety": [
        "Tampering",
        "Disabled controls"
      ],
      "vector": [
        "Victim public area"
      ]
    }
  },
  "actor": {
    "external": {
      "country": [
        "Unknown"
      ],
      "motive": [
        "Financial"
      ],
      "region": [
        "000000"
      ],
      "variety": [
        "Unknown"
      ]
    }
  },
  "asset": {
    "assets": [
      {
        "variety": "T - Gas terminal"
      }
    ],
    "cloud": [
      "Unknown"
    ]
  },
  "attribute": {
    "confidentiality": {
      "data": [
        {
          "variety": "Payment"
        }
      ],
      "data_disclosure": "Potentially",
      "data_victim": [
        "Customer"
      ],
      "state": [
        "Unknown"
      ]
    },
    "integrity": {
      "variety": [
        "Hardware tampering"
      ]
    }
  },
  "discovery_method": {
    "unknown": true
  },
  "impact": {
    "overall_rating": "Unknown"
  },
  "incident_id": "95D29905-BE56-49C7-8461-6F44BF113DAA",
  "plus": {
    "analysis_status": "Finalized",
    "analyst": "Robert-Topper",
    "attribute": {
      "confidentiality": {
        "credit_monitoring": "Unknown"
      }
    },
    "created": "2016-10-13T14:26:00Z",
    "dbir_year": 2017,
    "github": "7219",
    "master_id": "06810BA5-06E2-4F8D-8DE4-BCD90EF27F06",
    "modified": "2016-10-13T14:29:00Z",
    "timeline": {
      "notification": {
        "day": 12,
        "month": 2,
        "year": 2016
      }
    }
  },
  "reference": "http://boston.cbslocal.com/2016/02/12/credit-card-skimmer-quincy-gas-pump/",
  "schema_version": "1.3.4",
  "security_incident": "Confirmed",
  "source_id": "vcdb",
  "summary": "gas pump skimmer",
  "timeline": {
    "incident": {
      "day": 12,
      "month": 2,
      "year": 2016
    }
  },
  "victim": {
    "country": [
      "US"
    ],
    "employee_count": "11 to 100",
    "industry": "447110",
    "locations_affected": 1,
    "region": [
      "019021"
    ],
    "state": "MA",
    "victim_id": "Shell Gas Station"
  }
}