{
  "action": {
    "unknown": {
      "notes": "auto-filled Unknown"
    }
  },
  "actor": {
    "internal": {
      "motive": [
        "NA"
      ],
      "variety": [
        "Unknown"
      ]
    }
  },
  "asset": {
    "assets": [
      {
        "variety": "Unknown"
      }
    ],
    "cloud": [
      "Unknown"
    ]
  },
  "attribute": {
    "confidentiality": {
      "data": [
        {
          "variety": "Unknown"
        }
      ],
      "data_disclosure": "Yes",
      "data_total": 114
    }
  },
  "discovery_method": {
    "unknown": true
  },
  "incident_id": "06B58D91-96BE-44F1-9AF9-9D7DF681EA47",
  "plus": {
    "analysis_status": "First pass",
    "analyst": "swidup",
    "created": "2014-07-30T19:04:08Z",
    "dbir_year": 2014,
    "master_id": "06B58D91-96BE-44F1-9AF9-9D7DF681EA47",
    "modified": "2015-02-13T16:50:35Z"
  },
  "reference": "http://vcdb.org/pdf/va-security.pdf",
  "schema_version": "1.3.4",
  "security_incident": "Confirmed",
  "source_id": "vcdb",
  "summary": "A Dartmouth owned thin client device located in the Gastro-Intestinal (GI) Department at the VA Medical Center allowed for anonymous log on with no password. When the GI residents would use the anonymous log on, a document was viewable that contained Veteran and Dartmouth patient information. The document contained a list of both VA and Dartmouth patients identified by last name, last 4 of SSN, clinical diagnosis, and comments.",
  "timeline": {
    "incident": {
      "day": 23,
      "month": 12,
      "year": 2010
    }
  },
  "victim": {
    "country": [
      "US"
    ],
    "employee_count": "Over 100000",
    "industry": "923140",
    "region": [
      "019021"
    ],
    "state": "VT",
    "victim_id": "United States Department of Veterans Affairs"
  }
}