{
  "action": {
    "physical": {
      "variety": [
        "Skimmer"
      ],
      "vector": [
        "Victim public area"
      ]
    }
  },
  "actor": {
    "external": {
      "country": [
        "Unknown"
      ],
      "motive": [
        "Financial"
      ],
      "region": [
        "000000"
      ],
      "variety": [
        "Organized crime",
        "Unknown"
      ]
    }
  },
  "asset": {
    "assets": [
      {
        "variety": "T - ATM"
      }
    ],
    "cloud": [
      "Unknown"
    ]
  },
  "attribute": {
    "confidentiality": {
      "data": [
        {
          "variety": "Payment"
        }
      ],
      "data_disclosure": "Yes",
      "data_victim": [
        "Customer"
      ],
      "state": [
        "Processed"
      ]
    },
    "integrity": {
      "variety": [
        "Hardware tampering"
      ]
    }
  },
  "discovery_method": {
    "unknown": true
  },
  "impact": {
    "overall_rating": "Unknown"
  },
  "incident_id": "8D7B9A12-21F7-4164-BC8D-DE01D9FF7E8C",
  "plus": {
    "analysis_status": "Finalized",
    "analyst": "Spitler",
    "attribute": {
      "confidentiality": {
        "credit_monitoring": "Unknown"
      }
    },
    "created": "2017-01-26T01:44:00Z",
    "dbir_year": 2017,
    "github": "8255",
    "master_id": "06BEDAC6-602A-45C6-B7F9-83CB6C52F9DA",
    "modified": "2017-01-26T01:55:00Z",
    "timeline": {
      "notification": {
        "day": 11,
        "month": 8,
        "year": 2016
      }
    }
  },
  "reference": "http://patch.com/new-york/wantagh/skimming-device-found-nefcu-atm-wantagh",
  "schema_version": "1.3.4",
  "security_incident": "Confirmed",
  "source_id": "vcdb",
  "summary": "Skimming  ",
  "timeline": {
    "compromise": {
      "unit": "Minutes"
    },
    "exfiltration": {
      "unit": "Minutes"
    },
    "incident": {
      "month": 8,
      "year": 2016
    }
  },
  "victim": {
    "country": [
      "US"
    ],
    "employee_count": "Small",
    "industry": "522130",
    "region": [
      "019021"
    ],
    "state": "MA",
    "victim_id": "New England Federal Credit Union"
  }
}