{
  "action": {
    "error": {
      "variety": [
        "Misdelivery"
      ],
      "vector": [
        "Unknown"
      ]
    }
  },
  "actor": {
    "internal": {
      "motive": [
        "NA"
      ],
      "variety": [
        "Other"
      ]
    }
  },
  "asset": {
    "assets": [
      {
        "variety": "U - Desktop"
      },
      {
        "variety": "U - Desktop or laptop"
      }
    ],
    "cloud": [
      "Unknown"
    ]
  },
  "attribute": {
    "confidentiality": {
      "data": [
        {
          "amount": 242,
          "variety": "Bank"
        },
        {
          "amount": 242,
          "variety": "Personal"
        }
      ],
      "data_disclosure": "Yes",
      "data_total": 242,
      "data_victim": [
        "Employee"
      ],
      "notes": "it is not believed that any fraud occurred. ",
      "state": [
        "Transmitted unencrypted"
      ]
    }
  },
  "discovery_method": {
    "unknown": true
  },
  "impact": {
    "overall_rating": "Unknown"
  },
  "incident_id": "06CDBA93-88CE-4B7A-A4A3-C9418E2766A6",
  "plus": {
    "analysis_status": "First pass",
    "analyst": "dhylender",
    "attribute": {
      "confidentiality": {
        "credit_monitoring": "Yes",
        "credit_monitoring_years": 2
      }
    },
    "created": "2014-01-05T21:41:00Z",
    "github": "1237",
    "master_id": "06CDBA93-88CE-4B7A-A4A3-C9418E2766A6",
    "modified": "2014-05-10T00:58:18Z",
    "timeline": {
      "notification": {
        "day": 11,
        "month": 10,
        "year": 2013
      }
    }
  },
  "reference": "http://www.oag.state.md.us/idtheft/Breach%20Notices/itu-234933.pdf",
  "schema_version": "1.3.4",
  "security_incident": "Confirmed",
  "source_id": "vcdb",
  "summary": "University employee accidentally emailed confidential student information to another university employee who would not normally have that type of information.",
  "timeline": {
    "incident": {
      "year": 2013
    }
  },
  "victim": {
    "country": [
      "US"
    ],
    "employee_count": "101 to 1000",
    "industry": "611310",
    "locations_affected": 1,
    "region": [
      "019021"
    ],
    "state": "CT",
    "victim_id": "University of New Haven"
  }
}