{
  "action": {
    "error": {
      "variety": [
        "Publishing error"
      ],
      "vector": [
        "Unknown"
      ]
    }
  },
  "actor": {
    "internal": {
      "motive": [
        "NA"
      ],
      "variety": [
        "System admin"
      ]
    }
  },
  "asset": {
    "assets": [
      {
        "variety": "S - Web application"
      }
    ],
    "cloud": [
      "Unknown"
    ],
    "notes": "Following enumerations present before veris 1.3.3 removed: asset.governance.Personally owned."
  },
  "attribute": {
    "confidentiality": {
      "data": [
        {
          "amount": 1600,
          "variety": "Personal"
        }
      ],
      "data_disclosure": "Yes",
      "data_total": 1600,
      "data_victim": [
        "Other"
      ],
      "state": [
        "Stored unencrypted"
      ]
    }
  },
  "discovery_method": {
    "unknown": true
  },
  "impact": {
    "overall_rating": "Unknown"
  },
  "incident_id": "06D577CD-5519-45E2-BF14-8560BFBEBDDF",
  "notes": "Victim is a department of the UK that deals with immigration called 'The Home Office'. ",
  "plus": {
    "analysis_status": "First pass",
    "analyst": "Spitler",
    "attribute": {
      "confidentiality": {
        "credit_monitoring": "Unknown"
      }
    },
    "created": "2014-01-06T14:05:00Z",
    "github": "1070",
    "master_id": "06D577CD-5519-45E2-BF14-8560BFBEBDDF",
    "modified": "2014-05-10T00:58:18Z",
    "timeline": {
      "notification": {
        "day": 12,
        "month": 12,
        "year": 2013
      }
    }
  },
  "reference": "http://www.dailymail.co.uk/news/article-2522676/Personal-details-1-600-illegal-immigrants-published-Home-Office-website.html#ixzz2nK3t1tGy",
  "schema_version": "1.3.4",
  "security_incident": "Confirmed",
  "source_id": "vcdb",
  "summary": "PII disclosed on government website for ~ 1600 people due to publishing error.",
  "timeline": {
    "compromise": {
      "unit": "NA"
    },
    "containment": {
      "unit": "Hours"
    },
    "discovery": {
      "unit": "Days",
      "value": 13
    },
    "exfiltration": {
      "unit": "NA"
    },
    "incident": {
      "day": 15,
      "month": 10,
      "year": 2013
    }
  },
  "victim": {
    "country": [
      "GB"
    ],
    "employee_count": "Unknown",
    "industry": "928120",
    "region": [
      "150154"
    ],
    "victim_id": "Home Office (Govt. of the United Kingdom)"
  }
}