{
  "action": {
    "physical": {
      "variety": [
        "Theft"
      ],
      "vector": [
        "Victim work area"
      ]
    }
  },
  "actor": {
    "external": {
      "country": [
        "Unknown"
      ],
      "motive": [
        "Financial"
      ],
      "region": [
        "000000"
      ],
      "variety": [
        "Unknown"
      ]
    }
  },
  "asset": {
    "assets": [
      {
        "variety": "U - Laptop"
      },
      {
        "variety": "U - Desktop or laptop"
      }
    ],
    "cloud": [
      "Unknown"
    ]
  },
  "attribute": {
    "availability": {
      "variety": [
        "Loss"
      ]
    },
    "confidentiality": {
      "data": [
        {
          "variety": "Medical"
        }
      ],
      "data_disclosure": "Potentially",
      "data_victim": [
        "Patient"
      ],
      "state": [
        "Stored unencrypted"
      ]
    }
  },
  "discovery_method": {
    "internal": {
      "variety": [
        "Reported by employee"
      ]
    }
  },
  "impact": {
    "overall_rating": "Unknown"
  },
  "incident_id": "06EA73EE-C9A1-4E53-84FA-021CD45F1591",
  "plus": {
    "analysis_status": "First pass",
    "analyst": "swidup",
    "attribute": {
      "confidentiality": {
        "credit_monitoring": "Unknown"
      }
    },
    "created": "2015-03-10T04:16:19Z",
    "github": "2404",
    "master_id": "06EA73EE-C9A1-4E53-84FA-021CD45F1591",
    "modified": "2015-03-10T04:16:19Z",
    "timeline": {
      "notification": {
        "day": 31,
        "month": 7,
        "year": 2013
      }
    }
  },
  "reference": "http://www.esecurityplanet.com/network-security/retinal-consultants-medical-group-admits-security-breach.html; https://oag.ca.gov/system/files/00071883_0.PDF?",
  "schema_version": "1.3.4",
  "security_incident": "Confirmed",
  "source_id": "vcdb",
  "summary": "California's Retinal Consultants Medical Group recently began notifying patients that a laptop computer, a component of a diagnostic imaging machine, was stolen from the medical group's offices on June 5 or 6, 2013 (h/t PHIprivacy.net).  The laptop contained patients' names, birthdates, genders, races and optical coherence tomography (OCT) images. The medical group says no Social Security numbers, driver's license numbers or addresses were stored on the laptop.  \"In an attempt to prevent further breaches of PHI, we are increasing the physical security of imaging and other equipment stored at our offices, increasing the interior and exterior security of our offices, and requiring additional information when confirming a patient's identity on the phone,\" Retinal Consultants Medical Group privacy official Chris Mentink wrote in the notification letter [PDF].",
  "timeline": {
    "incident": {
      "day": 7,
      "month": 6,
      "year": 2013
    }
  },
  "victim": {
    "country": [
      "US"
    ],
    "employee_count": "Unknown",
    "industry": "621111",
    "region": [
      "019021"
    ],
    "state": "CA",
    "victim_id": "Retinal Consultant Medical Group"
  }
}