{
  "action": {
    "unknown": {}
  },
  "actor": {
    "unknown": {}
  },
  "asset": {
    "assets": [
      {
        "variety": "M - Documents"
      }
    ],
    "cloud": [
      "Unknown"
    ]
  },
  "attribute": {
    "confidentiality": {
      "data": [
        {
          "amount": 1287,
          "variety": "Medical"
        }
      ],
      "data_disclosure": "Potentially",
      "data_total": 1287
    }
  },
  "discovery_method": {
    "unknown": true
  },
  "impact": {
    "overall_rating": "Unknown"
  },
  "incident_id": "06EB298D-2912-4980-B58C-07AC2ABD856F",
  "plus": {
    "analysis_status": "First pass",
    "created": "2013-04-12T22:29:56Z",
    "master_id": "06EB298D-2912-4980-B58C-07AC2ABD856F",
    "modified": "2014-04-27T19:37:01Z",
    "timeline": {
      "notification": {}
    }
  },
  "schema_version": "1.3.4",
  "security_incident": "Confirmed",
  "source_id": "vcdb",
  "timeline": {
    "discovery": {
      "unit": "Months",
      "value": 4
    },
    "incident": {
      "day": 19,
      "month": 3,
      "year": 2012
    }
  },
  "victim": {
    "country": [
      "US"
    ],
    "employee_count": "10001 to 25000",
    "industry": "424210",
    "region": [
      "019021"
    ],
    "state": "NJ",
    "victim_id": "Medco Health Solutions, Inc."
  }
}