{
  "action": {
    "hacking": {
      "notes": " \"unauthorised access\" to its email server using \"a legitimate user account\" ",
      "variety": [
        "Use of stolen creds"
      ],
      "vector": [
        "Unknown"
      ]
    },
    "social": {
      "notes": "Recipients have reported receiving invoices demanding up to $3000 to be paid this week.",
      "target": [
        "Customer"
      ],
      "variety": [
        "Spam"
      ],
      "vector": [
        "Email"
      ]
    }
  },
  "actor": {
    "external": {
      "country": [
        "Unknown"
      ],
      "motive": [
        "Financial"
      ],
      "region": [
        "000000"
      ],
      "variety": [
        "Unknown",
        "Unaffiliated"
      ]
    }
  },
  "asset": {
    "assets": [
      {
        "variety": "S - Mail"
      },
      {
        "variety": "P - Customer"
      }
    ],
    "cloud": [
      "Unknown"
    ],
    "hosting": [
      "External - unknown environment"
    ],
    "management": [
      "External"
    ]
  },
  "attribute": {
    "confidentiality": {
      "data": [
        {
          "amount": 1,
          "variety": "Credentials"
        },
        {
          "amount": 144575,
          "variety": "Personal"
        }
      ],
      "data_disclosure": "Yes",
      "data_total": 144575,
      "data_victim": [
        "Customer"
      ],
      "notes": "email addresses, names, gender, postcodes and dates of birth of recipients.",
      "state": [
        "Stored"
      ]
    },
    "integrity": {
      "notes": "sent spam",
      "variety": [
        "Repurpose",
        "Alter behavior"
      ]
    }
  },
  "discovery_method": {
    "internal": {
      "variety": [
        "Unknown"
      ]
    }
  },
  "impact": {
    "overall_rating": "Unknown"
  },
  "incident_id": "86414951-4D02-496A-9364-CF464B3EB59B",
  "plus": {
    "analysis_status": "Finalized",
    "analyst": "anastasia",
    "attribute": {
      "confidentiality": {
        "credit_monitoring": "Unknown"
      }
    },
    "created": "2017-01-27T20:22:00Z",
    "dbir_year": 2017,
    "github": "8629",
    "master_id": "06ED2DCF-B3F7-4CA8-8F11-A70A38808D14",
    "modified": "2017-01-27T22:51:00Z",
    "sub_source": "priority",
    "timeline": {
      "notification": {
        "day": 12,
        "month": 10,
        "year": 2016
      }
    }
  },
  "reference": "http://www.news.com.au/technology/online/hacking/sydney-running-festival-participants-hit-in-mass-email-hack/news-story/4e6683ea9de76ccd6d20ae8d2458e8f8",
  "schema_version": "1.3.4",
  "security_incident": "Confirmed",
  "source_id": "vcdb",
  "summary": "Sydney Running Festival participants hit in mass email hack - Pont3",
  "timeline": {
    "containment": {
      "unit": "Weeks",
      "value": 1.0
    },
    "discovery": {
      "unit": "Hours"
    },
    "incident": {
      "day": 6,
      "month": 10,
      "year": 2016
    }
  },
  "victim": {
    "country": [
      "AU"
    ],
    "employee_count": "11 to 100",
    "industry": "711310",
    "locations_affected": 1,
    "region": [
      "009053"
    ],
    "victim_id": "Pont3"
  }
}