{
  "action": {
    "hacking": {
      "variety": [
        "Use of backdoor or C2"
      ],
      "vector": [
        "Backdoor or C2"
      ]
    },
    "malware": {
      "variety": [
        "C2"
      ],
      "vector": [
        "Unknown"
      ]
    }
  },
  "actor": {
    "external": {
      "country": [
        "Unknown"
      ],
      "motive": [
        "Unknown"
      ],
      "region": [
        "000000"
      ],
      "variety": [
        "Organized crime",
        "Unknown"
      ]
    }
  },
  "asset": {
    "assets": [
      {
        "variety": "S - Web application"
      }
    ],
    "cloud": [
      "Unknown"
    ]
  },
  "attribute": {
    "confidentiality": {
      "data": [
        {
          "variety": "Medical"
        }
      ],
      "data_disclosure": "Potentially",
      "state": [
        "Unknown"
      ]
    },
    "integrity": {
      "variety": [
        "Repurpose",
        "Software installation"
      ]
    }
  },
  "discovery_method": {
    "external": {
      "variety": [
        "Suspicious traffic"
      ]
    }
  },
  "impact": {
    "overall_rating": "Unknown"
  },
  "incident_id": "07296FDE-43C0-4772-AAD5-244B1D4C5549",
  "plus": {
    "analysis_status": "Finalized",
    "analyst": "Spitler",
    "attribute": {
      "confidentiality": {
        "credit_monitoring": "Unknown"
      }
    },
    "created": "2016-02-01T14:31:00Z",
    "dbir_year": 2016,
    "github": "6370",
    "master_id": "07296FDE-43C0-4772-AAD5-244B1D4C5549",
    "modified": "2016-02-01T14:31:00Z",
    "timeline": {
      "notification": {
        "day": 31,
        "month": 8,
        "year": 2015
      }
    }
  },
  "reference": "http://healthitsecurity.com/news/health-data-breaches-stem-from-hacking-employee-theft",
  "schema_version": "1.3.4",
  "security_incident": "Confirmed",
  "source_id": "vcdb",
  "summary": "Boston University server was compromised and used to launch other attacks.",
  "timeline": {
    "incident": {
      "month": 5,
      "year": 2015
    }
  },
  "victim": {
    "country": [
      "US"
    ],
    "employee_count": "1001 to 10000",
    "industry": "611310",
    "region": [
      "019021"
    ],
    "state": "MA",
    "victim_id": "Boston University"
  }
}