{
  "action": {
    "malware": {
      "variety": [
        "Ransomware"
      ],
      "vector": [
        "Unknown"
      ]
    }
  },
  "actor": {
    "external": {
      "country": [
        "Unknown"
      ],
      "motive": [
        "Financial"
      ],
      "region": [
        "000000"
      ],
      "variety": [
        "Organized crime"
      ]
    }
  },
  "asset": {
    "assets": [
      {
        "variety": "E - Telemetry"
      },
      {
        "amount": 1,
        "variety": "N - PLC"
      }
    ],
    "cloud": [
      "Unknown"
    ]
  },
  "attribute": {
    "availability": {
      "variety": [
        "Obscuration"
      ]
    },
    "confidentiality": {
      "data": [
        {
          "variety": "Unknown"
        }
      ],
      "data_disclosure": "No"
    },
    "integrity": {
      "variety": [
        "Software installation"
      ]
    }
  },
  "confidence": "Low",
  "discovery_method": {
    "internal": {
      "variety": [
        "Reported by employee"
      ]
    }
  },
  "incident_id": "9d0e3940-7c5c-11e7-8ec0-e369e9638092",
  "plus": {
    "analysis_status": "Validated",
    "analyst": "Spitler",
    "asset_os": [
      "Windows"
    ],
    "attack_difficulty_initial": "Unknown",
    "attack_difficulty_legacy": "Unknown",
    "attack_difficulty_subsequent": "Unknown",
    "created": "2017-10-26T14:33:48Z",
    "dbir_year": 2018,
    "event_chain": [
      {
        "action": "mal",
        "actor": "ext",
        "attribute": "ia"
      },
      {
        "action": "mal",
        "actor": "ext",
        "attribute": "au"
      },
      {
        "action": "mal",
        "actor": "ext",
        "asset": "net",
        "attribute": "ia"
      },
      {
        "action": "mal",
        "actor": "ext",
        "asset": "net",
        "attribute": "au"
      }
    ],
    "github": "9856",
    "master_id": "07592010-d2ab-436c-b14a-7cc1dd44ab18",
    "modified": "2017-10-26T14:33:48Z"
  },
  "reference": "https://www.tripwire.com/state-of-security/ics-security/how-a-smart-coffee-machine-infected-a-plc-monitoring-system-with-ransomware/",
  "schema_version": "1.3.4",
  "security_incident": "Confirmed",
  "source_id": "vcdb",
  "summary": "Misconfigured smart coffee machine vector for ransomware infection",
  "timeline": {
    "compromise": {
      "unit": "Unknown"
    },
    "containment": {
      "unit": "Unknown"
    },
    "discovery": {
      "unit": "Unknown"
    },
    "exfiltration": {
      "unit": "NA"
    },
    "incident": {
      "month": 6,
      "year": 2017
    }
  },
  "victim": {
    "country": [
      "Unknown"
    ],
    "employee_count": "Unknown",
    "industry": "325110",
    "region": [
      "000000"
    ],
    "victim_id": "Unknown"
  }
}