{
  "action": {
    "error": {
      "variety": [
        "Misconfiguration"
      ],
      "vector": [
        "Carelessness"
      ]
    }
  },
  "actor": {
    "internal": {
      "motive": [
        "NA"
      ],
      "variety": [
        "Unknown"
      ]
    }
  },
  "asset": {
    "assets": [
      {
        "amount": 1,
        "variety": "S - Database"
      }
    ],
    "cloud": [
      "Unknown"
    ]
  },
  "attribute": {
    "confidentiality": {
      "data": [
        {
          "amount": 400000,
          "variety": "Personal"
        }
      ],
      "data_disclosure": "Yes",
      "data_total": 400000,
      "data_victim": [
        "Customer"
      ],
      "state": [
        "Stored unencrypted"
      ]
    }
  },
  "confidence": "High",
  "discovery_method": {
    "external": {
      "variety": [
        "Unrelated 3rd party"
      ]
    }
  },
  "incident_id": "bf1186e0-0a92-11e8-827c-bba53cbad290",
  "plus": {
    "analysis_status": "Validated",
    "analyst": "swidup",
    "created": "2018-02-06T01:55:54.329Z",
    "dbir_year": 2018,
    "github": "9048",
    "master_id": "0760b7ae-aa20-4c19-8c43-fae11ac677f3",
    "modified": "2018-02-06T01:55:54.329Z",
    "sub_source": "priority"
  },
  "reference": "http://www.dailydot.com/layer8/telemarking-breach-calls-leaked-vici-marketing-kromtech/; http://www.ibtimes.co.uk/thousands-credit-card-details-exposed-us-marketing-firm-leaks-400000-audio-calls-1603532",
  "schema_version": "1.3.4",
  "security_incident": "Confirmed",
  "source_id": "vcdb",
  "summary": "Roughly 400,000 recorded customer phonecalls stored by at least one US-based telemarketing firm have been leaked online due to a misconfigured database. The company in question, called VICI Marketing LLC, has previously faced legal action over the mishandling of consumer data.",
  "targeted": "NA",
  "timeline": {
    "incident": {
      "month": 1,
      "year": 2017
    }
  },
  "victim": {
    "country": [
      "US"
    ],
    "employee_count": "11 to 100",
    "industry": "711410",
    "region": [
      "019021"
    ],
    "state": "FL",
    "victim_id": "VICI Marketing LLC"
  }
}