{
  "action": {
    "error": {
      "variety": [
        "Loss"
      ],
      "vector": [
        "Unknown"
      ]
    }
  },
  "actor": {
    "internal": {
      "motive": [
        "NA"
      ],
      "variety": [
        "Unknown"
      ]
    }
  },
  "asset": {
    "assets": [
      {
        "variety": "U - Desktop"
      },
      {
        "variety": "U - Desktop or laptop"
      }
    ],
    "cloud": [
      "Unknown"
    ]
  },
  "attribute": {
    "availability": {
      "variety": [
        "Loss"
      ]
    },
    "confidentiality": {
      "data": [
        {
          "variety": "Unknown"
        }
      ],
      "data_disclosure": "Yes",
      "data_total": 4
    }
  },
  "discovery_method": {
    "unknown": true
  },
  "incident_id": "07803E27-6939-4B4B-AD14-44E6A8AB8491",
  "plus": {
    "analysis_status": "First pass",
    "analyst": "swidup",
    "created": "2014-07-30T19:04:07Z",
    "dbir_year": 2014,
    "master_id": "07803E27-6939-4B4B-AD14-44E6A8AB8491",
    "modified": "2015-02-13T16:50:35Z"
  },
  "reference": "http://vcdb.org/pdf/va-security-mar-2014.pdf",
  "schema_version": "1.3.4",
  "security_incident": "Confirmed",
  "source_id": "vcdb",
  "summary": "During a routine inventory of VA Research IT equipment it was found that one (1) device (Personal Computer) capable of storing VA Data could not be located. There was no personally identifiable information (PII) or protected health information (PHI) stored on the computer. The hard drive was not encrypted. The studies conducted using the device strictly involved non-human subject research. A Report of Survey (ROS) will be conducted which includes a VA Police investigation",
  "timeline": {
    "incident": {
      "day": 7,
      "month": 3,
      "year": 2014
    }
  },
  "victim": {
    "country": [
      "US"
    ],
    "employee_count": "Over 100000",
    "industry": "923140",
    "region": [
      "019021"
    ],
    "state": "IA",
    "victim_id": "United States Department of Veterans Affairs"
  }
}