{
  "action": {
    "hacking": {
      "variety": [
        "Unknown"
      ],
      "vector": [
        "Unknown"
      ]
    }
  },
  "actor": {
    "external": {
      "country": [
        "Unknown"
      ],
      "motive": [
        "Unknown"
      ],
      "region": [
        "000000"
      ],
      "variety": [
        "Unknown"
      ]
    }
  },
  "asset": {
    "assets": [
      {
        "variety": "S - Database"
      }
    ],
    "cloud": [
      "Unknown"
    ]
  },
  "attribute": {
    "confidentiality": {
      "data": [
        {
          "variety": "Personal"
        }
      ],
      "data_disclosure": "Yes",
      "data_total": 175000,
      "data_victim": [
        "Customer"
      ],
      "notes": " the names, creation dates, addresses and, in some cases, directors and owners of nearly 175,000 corporations, trusts and foundations set up between 1990 and this year",
      "state": [
        "Unknown"
      ]
    }
  },
  "discovery_method": {
    "external": {
      "variety": [
        "Actor disclosure"
      ]
    }
  },
  "impact": {
    "overall_rating": "Unknown"
  },
  "incident_id": "A6F83D88-C44C-441E-B868-164ABBAB579E",
  "plus": {
    "analysis_status": "Finalized",
    "analyst": "Robert-Topper",
    "attribute": {
      "confidentiality": {
        "credit_monitoring": "Unknown"
      }
    },
    "created": "2016-10-19T12:51:00Z",
    "dbir_year": 2017,
    "github": "8540",
    "master_id": "07925BD5-BCAA-46C8-9043-E1ACD99B0833",
    "modified": "2016-10-19T12:57:00Z",
    "timeline": {
      "notification": {
        "day": 21,
        "month": 9,
        "year": 2016
      }
    }
  },
  "reference": "http://www.cbc.ca/news/world/bahamas-offshore-data-leak-tax-haven-1.3771867",
  "schema_version": "1.3.4",
  "security_incident": "Confirmed",
  "source_id": "vcdb",
  "summary": "Canada sending money to Bahama's",
  "timeline": {
    "incident": {
      "year": 2016
    }
  },
  "victim": {
    "country": [
      "BS"
    ],
    "employee_count": "Small",
    "industry": "522110",
    "region": [
      "019029"
    ],
    "victim_id": "Bank"
  }
}