{
  "action": {
    "hacking": {
      "variety": [
        "Unknown"
      ],
      "vector": [
        "Unknown"
      ]
    }
  },
  "actor": {
    "external": {
      "country": [
        "Unknown"
      ],
      "motive": [
        "Unknown"
      ],
      "region": [
        "000000"
      ],
      "variety": [
        "Unknown"
      ]
    }
  },
  "asset": {
    "assets": [
      {
        "variety": "Unknown"
      }
    ],
    "cloud": [
      "Unknown"
    ]
  },
  "attribute": {
    "availability": {
      "variety": [
        "Loss"
      ]
    },
    "confidentiality": {
      "data": [
        {
          "amount": 500,
          "variety": "Internal"
        }
      ],
      "data_disclosure": "Yes",
      "data_total": 500,
      "data_victim": [
        "Other"
      ],
      "notes": "fraudulent attempts to get donations for a fictitious orphan were made. do not know if any money sent.",
      "state": [
        "Stored"
      ]
    }
  },
  "discovery_method": {
    "unknown": true
  },
  "impact": {
    "overall_rating": "Unknown"
  },
  "incident_id": "07A7BCEB-DE3D-4AB7-B2ED-F811F2D577EC",
  "plus": {
    "analysis_status": "First pass",
    "analyst": "dhylender",
    "attribute": {
      "confidentiality": {
        "credit_monitoring": "Unknown",
        "data_abuse": "Yes"
      }
    },
    "created": "2013-12-31T14:38:00Z",
    "github": "1173",
    "master_id": "07A7BCEB-DE3D-4AB7-B2ED-F811F2D577EC",
    "modified": "2014-05-10T00:58:18Z",
    "timeline": {
      "notification": {
        "day": 24,
        "month": 12,
        "year": 2013
      }
    }
  },
  "reference": "http://www.ehackingnews.com/2013/12/hacker-sent-emails-from-hacked-police.html",
  "schema_version": "1.3.4",
  "security_incident": "Confirmed",
  "source_id": "vcdb",
  "summary": "an account of a police officer has been hacked by cyber criminals and sent around 500 emails from the hacked account. - See more at: http://www.ehackingnews.com/2013/12/hacker-sent-emails-from-hacked-police.html#sthash.ZQ0lI1kC.dpuf",
  "timeline": {
    "incident": {
      "year": 2013
    }
  },
  "victim": {
    "country": [
      "US"
    ],
    "employee_count": "Unknown",
    "industry": "922120",
    "locations_affected": 1,
    "region": [
      "019021"
    ],
    "state": "WV",
    "victim_id": "Bellington Police Department"
  }
}