{
  "action": {
    "error": {
      "variety": [
        "Disposal error"
      ],
      "vector": [
        "Unknown"
      ]
    },
    "physical": {
      "variety": [
        "Assault"
      ],
      "vector": [
        "Partner facility"
      ]
    }
  },
  "actor": {
    "internal": {
      "motive": [
        "NA"
      ],
      "variety": [
        "Unknown",
        "End-user"
      ]
    }
  },
  "asset": {
    "assets": [
      {
        "variety": "M - Documents"
      }
    ],
    "cloud": [
      "Unknown"
    ]
  },
  "attribute": {
    "confidentiality": {
      "data": [
        {
          "amount": 11,
          "variety": "Personal"
        }
      ],
      "data_disclosure": "Potentially",
      "data_total": 11,
      "data_victim": [
        "Patient"
      ],
      "state": [
        "Unknown"
      ]
    }
  },
  "discovery_method": {
    "external": {
      "variety": [
        "Found documents"
      ]
    }
  },
  "discovery_notes": "The woman who found the document took it to local Albany MLA Peter Watson's office who in turn released it to the media.",
  "impact": {
    "overall_rating": "Unknown"
  },
  "incident_id": "529849A6-D5EC-4170-B88C-8C9A12EEF086",
  "plus": {
    "analysis_status": "Finalized",
    "analyst": "Robert-Topper",
    "attribute": {
      "confidentiality": {
        "credit_monitoring": "Unknown"
      }
    },
    "created": "2016-10-19T16:03:00Z",
    "dbir_year": 2017,
    "github": "8284",
    "master_id": "07B79D20-BC9D-4D60-AC45-B6F0B390D2B1",
    "modified": "2016-10-19T16:08:00Z",
    "sub_source": "phidbr",
    "timeline": {
      "notification": {
        "day": 16,
        "month": 8,
        "year": 2016
      }
    }
  },
  "reference": "https://www.databreaches.net/au-albany-hospital-staff-avoid-censure-over-confidential-patient-document-find/; ",
  "schema_version": "1.3.4",
  "security_incident": "Confirmed",
  "source_id": "vcdb",
  "summary": "A double-sided paper document listing the personal details of 11 mental health patients was found in the courtyard  ",
  "timeline": {
    "incident": {
      "month": 6,
      "year": 2016
    }
  },
  "victim": {
    "country": [
      "US"
    ],
    "employee_count": "1001 to 10000",
    "industry": "622110",
    "locations_affected": 1,
    "region": [
      "019021"
    ],
    "state": "NY",
    "victim_id": "Albany Medical Center"
  }
}