{
  "action": {
    "physical": {
      "variety": [
        "Theft"
      ],
      "vector": [
        "Privileged access"
      ]
    }
  },
  "actor": {
    "partner": {
      "country": [
        "Unknown",
        "US"
      ],
      "industry": "561499",
      "motive": [
        "Unknown",
        "Financial"
      ],
      "notes": "C. Marino Records",
      "region": [
        "019021"
      ]
    }
  },
  "asset": {
    "assets": [
      {
        "variety": "M - Documents"
      }
    ],
    "cloud": [
      "Unknown"
    ]
  },
  "attribute": {
    "availability": {
      "variety": [
        "Loss"
      ]
    },
    "confidentiality": {
      "data": [
        {
          "variety": "Personal"
        }
      ],
      "data_disclosure": "Yes",
      "state": [
        "Stored unencrypted"
      ]
    }
  },
  "discovery_method": {
    "external": {
      "variety": [
        "Law enforcement"
      ]
    }
  },
  "impact": {
    "overall_rating": "Unknown"
  },
  "incident_id": "07CAE06A-4817-4E89-A6D7-F4B9508426D6",
  "plus": {
    "analysis_status": "First pass",
    "analyst": "blackfist",
    "attribute": {
      "confidentiality": {
        "credit_monitoring": "Unknown",
        "data_abuse": "Yes"
      }
    },
    "created": "2014-11-06T15:47:00Z",
    "github": "3022",
    "master_id": "07CAE06A-4817-4E89-A6D7-F4B9508426D6",
    "modified": "2014-11-06T15:47:00Z",
    "timeline": {
      "notification": {
        "month": 5,
        "year": 2013
      }
    }
  },
  "reference": "http://www.nj.com/bergen/index.ssf/2013/05/police_arrest_11_alleged_members_of_paterson-based_identity_theft_ring.html",
  "schema_version": "1.3.4",
  "security_incident": "Confirmed",
  "source_id": "vcdb",
  "summary": "Insider steal customer identity and opens lines of credit at stores.",
  "timeline": {
    "incident": {
      "year": 2013
    }
  },
  "victim": {
    "country": [
      "US"
    ],
    "employee_count": "1 to 10",
    "industry": "561990",
    "region": [
      "019021"
    ],
    "state": "NJ",
    "victim_id": "NJ Lenders Corporation"
  }
}