{
  "action": {
    "hacking": {
      "variety": [
        "Brute force"
      ],
      "vector": [
        "Unknown"
      ]
    }
  },
  "actor": {
    "external": {
      "country": [
        "Unknown"
      ],
      "motive": [
        "Fun",
        "Unknown"
      ],
      "region": [
        "000000"
      ],
      "variety": [
        "Unknown"
      ]
    },
    "internal": {
      "job_change": [
        "Hired"
      ],
      "motive": [
        "Unknown"
      ],
      "variety": [
        "Unknown"
      ]
    },
    "partner": {
      "country": [
        "Unknown"
      ],
      "industry": "000",
      "motive": [
        "Unknown",
        "NA"
      ],
      "notes": "Barix",
      "region": [
        "000000"
      ]
    }
  },
  "asset": {
    "assets": [
      {
        "variety": "S - Unknown"
      }
    ],
    "cloud": [
      "Unknown"
    ]
  },
  "attribute": {
    "integrity": {
      "variety": [
        "Repurpose"
      ]
    }
  },
  "discovery_method": {
    "external": {
      "variety": [
        "Actor disclosure"
      ]
    }
  },
  "impact": {
    "overall_rating": "Unknown"
  },
  "incident_id": "99F308C2-5777-485F-9CDE-D8E64B1BD742",
  "plus": {
    "analysis_status": "Finalized",
    "analyst": "Robert-Topper",
    "created": "2016-10-26T15:11:00Z",
    "dbir_year": 2017,
    "github": "7642",
    "master_id": "07CE543E-8602-47E1-86C0-99A4826E7EAE",
    "modified": "2016-10-26T15:14:00Z",
    "timeline": {
      "notification": {
        "day": 2,
        "month": 8,
        "year": 2016
      }
    }
  },
  "reference": "http://arstechnica.co.uk/security/2016/04/kift-radio-station-hacked-barix-furry/; http://www.barix.com/news/news-press-exhibition-singleview/article/radio-station-hacks-accentuate-importance-of-network-security/",
  "schema_version": "1.3.4",
  "security_incident": "Confirmed",
  "source_id": "vcdb",
  "summary": "radio station hacked to play erotic furry animal sex",
  "timeline": {
    "incident": {
      "day": 2,
      "month": 8,
      "year": 2016
    }
  },
  "victim": {
    "country": [
      "US"
    ],
    "employee_count": "11 to 100",
    "industry": "515111",
    "locations_affected": 2,
    "region": [
      "019021"
    ],
    "victim_id": "Radio Station"
  }
}