{
  "action": {
    "error": {
      "variety": [
        "Loss"
      ],
      "vector": [
        "Unknown"
      ]
    }
  },
  "actor": {
    "internal": {
      "motive": [
        "NA"
      ],
      "variety": [
        "Unknown"
      ]
    }
  },
  "asset": {
    "assets": [
      {
        "variety": "M - Documents"
      }
    ],
    "cloud": [
      "Unknown"
    ]
  },
  "attribute": {
    "availability": {
      "variety": [
        "Loss"
      ]
    },
    "confidentiality": {
      "data": [
        {
          "variety": "Unknown"
        }
      ],
      "data_disclosure": "Yes",
      "data_total": 17
    }
  },
  "discovery_method": {
    "unknown": true
  },
  "incident_id": "07D9E30D-4A5B-4F1F-95DC-74FC5F3314C1",
  "plus": {
    "analysis_status": "First pass",
    "analyst": "swidup",
    "created": "2014-02-21T04:07:15Z",
    "master_id": "07D9E30D-4A5B-4F1F-95DC-74FC5F3314C1",
    "modified": "2014-07-30T19:07:17Z"
  },
  "reference": "http://vcdb.org/pdf/va-security.pdf",
  "schema_version": "1.3.4",
  "security_incident": "Confirmed",
  "source_id": "vcdb",
  "summary": "An employee from Moody's Collision Repair in Scarborough contacted the ME Veterans Home stating they had an fabric mail carrier with Veterans patient information in it. ME Veterans Home contacted Employee A and he picked up the information. Upon review, he identified the information was for Home Based Primary Care patients (17 total). The carrier had been unlocked. The RN that lost the information was contacted and she stated she was not aware she was  missing the information and had contact with it the day before. She stated she must have lost the carrier when she was moving equipment from one car to another.\nEmployee A contacted the Privacy Officer (PO) and the facility has now identified that the only forms with Personally Identifiable Information (PII) was the Patient\nCare Consent and authorization forms with Veterans' full names and full SSNs. No other PII was released. All of the information has been retrieved.",
  "timeline": {
    "incident": {
      "day": 15,
      "month": 5,
      "year": 2013
    }
  },
  "victim": {
    "country": [
      "US"
    ],
    "employee_count": "Over 100000",
    "industry": "923140",
    "region": [
      "019021"
    ],
    "state": "ME",
    "victim_id": "United States Department of Veterans Affairs"
  }
}