{
  "action": {
    "unknown": {}
  },
  "actor": {
    "unknown": {}
  },
  "asset": {
    "assets": [
      {
        "variety": "Unknown"
      }
    ],
    "cloud": [
      "Unknown"
    ]
  },
  "attribute": {
    "confidentiality": {
      "data": [
        {
          "variety": "Bank"
        },
        {
          "variety": "Personal"
        }
      ],
      "data_disclosure": "Yes",
      "data_victim": [
        "Customer"
      ],
      "state": [
        "Unknown"
      ]
    }
  },
  "discovery_method": {
    "external": {
      "variety": [
        "Customer"
      ]
    }
  },
  "impact": {
    "overall_rating": "Unknown"
  },
  "incident_id": "07F85073-9942-40EF-97E2-D3769D581353",
  "plus": {
    "analysis_status": "Finalized",
    "analyst": "Spitler",
    "attribute": {
      "confidentiality": {
        "credit_monitoring": "Unknown",
        "data_abuse": "Yes"
      }
    },
    "created": "2016-08-25T14:27:00Z",
    "dbir_year": 2017,
    "github": "7517",
    "master_id": "07F85073-9942-40EF-97E2-D3769D581353",
    "modified": "2016-08-25T14:37:00Z",
    "timeline": {
      "notification": {
        "day": 28,
        "month": 3,
        "year": 2016
      }
    }
  },
  "reference": "http://oag.ca.gov/system/files/Ullrich%20Delevati%20notification%20letter_0.PDF",
  "schema_version": "1.3.4",
  "security_incident": "Confirmed",
  "source_id": "vcdb",
  "summary": "CPA firm discloses breach of customer data, no information provided on how data was compromised, nor who was responsible.",
  "timeline": {
    "incident": {
      "year": 2016
    }
  },
  "victim": {
    "country": [
      "US"
    ],
    "employee_count": "11 to 100",
    "industry": "541211",
    "region": [
      "019021"
    ],
    "state": "CA",
    "victim_id": "Ullrich Delevati CPAs"
  }
}