{
  "action": {
    "misuse": {
      "variety": [
        "Possession abuse"
      ],
      "vector": [
        "Physical access"
      ]
    }
  },
  "actor": {
    "internal": {
      "motive": [
        "Unknown",
        "Financial"
      ],
      "variety": [
        "Maintenance"
      ]
    }
  },
  "asset": {
    "assets": [
      {
        "variety": "M - Documents"
      }
    ],
    "cloud": [
      "Unknown"
    ]
  },
  "attribute": {
    "confidentiality": {
      "data": [
        {
          "amount": 1,
          "variety": "Payment"
        }
      ],
      "data_disclosure": "Yes",
      "data_total": 1,
      "data_victim": [
        "Customer"
      ],
      "state": [
        "Stored"
      ]
    }
  },
  "discovery_method": {
    "external": {
      "variety": [
        "Law enforcement"
      ]
    }
  },
  "discovery_notes": "On Saturday, an Orem police corporal went to a bicycle shop on the 300 block of North Orem Boulevard to investigate the attempted use of a card flagged as stolen. Fuentes Escobar's contact information was reportedly on the purchase order. Police arrested him after he was called back to the store.",
  "impact": {
    "overall_rating": "Unknown"
  },
  "incident_id": "C989D817-D852-437D-B30B-B9ED2A05DE09",
  "plus": {
    "analysis_status": "Finalized",
    "analyst": "Robert-Topper",
    "attribute": {
      "confidentiality": {
        "credit_monitoring": "Unknown",
        "data_abuse": "Yes"
      }
    },
    "created": "2016-09-07T13:54:00Z",
    "dbir_year": 2017,
    "github": "8365",
    "master_id": "07FA5FB1-0029-46D2-B302-D0F49FFCFD96",
    "modified": "2016-09-07T14:17:00Z",
    "timeline": {
      "notification": {
        "day": 27,
        "month": 8,
        "year": 2016
      }
    }
  },
  "reference": "http://www.heraldextra.com/news/local/central/orem/custodian-at-lds-missionary-training-center-arrested-for-suspected-id/article_e495f71a-0783-5c5f-ae1a-d191b9820043.html",
  "schema_version": "1.3.4",
  "security_incident": "Confirmed",
  "source_id": "vcdb",
  "summary": " custodian at the LDS Missionary Training Center on Saturday for reportedly taking financial information from a missionary there.",
  "timeline": {
    "incident": {
      "day": 7,
      "month": 8,
      "year": 2016
    }
  },
  "victim": {
    "country": [
      "US"
    ],
    "employee_count": "Large",
    "industry": "813110",
    "region": [
      "019021"
    ],
    "state": "UT",
    "victim_id": "Bringham Young University"
  }
}