{
  "action": {
    "physical": {
      "variety": [
        "Theft"
      ],
      "vector": [
        "Victim work area"
      ]
    }
  },
  "actor": {
    "external": {
      "country": [
        "Unknown"
      ],
      "motive": [
        "Financial"
      ],
      "region": [
        "142145",
        "019021"
      ],
      "variety": [
        "Unknown"
      ]
    }
  },
  "asset": {
    "assets": [
      {
        "variety": "U - Desktop"
      },
      {
        "variety": "U - Desktop or laptop"
      }
    ],
    "cloud": [
      "Unknown"
    ]
  },
  "attribute": {
    "availability": {
      "variety": [
        "Loss"
      ]
    },
    "confidentiality": {
      "data": [
        {
          "amount": 400000,
          "variety": "Medical"
        }
      ],
      "data_disclosure": "Potentially",
      "data_total": 400000,
      "data_victim": [
        "Partner",
        "Patient"
      ],
      "notes": "I had to go to the HHS breach tool and search for Sutherland to find three breaches which were reported and added up the total records for each.",
      "state": [
        "Stored unencrypted"
      ]
    }
  },
  "discovery_method": {
    "unknown": true
  },
  "impact": {
    "overall_rating": "Unknown"
  },
  "incident_id": "080E98BA-AABC-4B35-9788-BCF665C4271D",
  "plus": {
    "analysis_status": "First pass",
    "analyst": "blackfist",
    "attribute": {
      "confidentiality": {
        "credit_monitoring": "Unknown"
      }
    },
    "created": "2014-06-11T16:41:00Z",
    "github": "1743",
    "master_id": "080E98BA-AABC-4B35-9788-BCF665C4271D",
    "modified": "2014-06-11T16:41:00Z",
    "sub_source": "priority",
    "timeline": {
      "notification": {
        "day": 6,
        "month": 3,
        "year": 2014
      }
    }
  },
  "reference": "http://www.4medapproved.com/hitsecurity/l-business-associate-causes-hipaa-breach-165000-health-records/ (20140611);http://www.phiprivacy.net/update-sutherland-healthcare-solutions-breach-affected-over-220000-patients-and-counting/ (20140611);http://www.phiprivacy.net/sutherland-healthcare-identifies-additional-patients-to-notify-of-breach/ (20140611);http://articles.latimes.com/2014/mar/06/local/la-me-patient-data-stolen-20140307 (20140611)",
  "schema_version": "1.3.4",
  "security_incident": "Confirmed",
  "source_id": "vcdb",
  "summary": "Actor broke into victim office and stole 8 laptops which contained unencrypted medical data that the victim was processing for several partner organizations",
  "timeline": {
    "incident": {
      "day": 5,
      "month": 2,
      "year": 2014
    }
  },
  "victim": {
    "country": [
      "US"
    ],
    "employee_count": "10001 to 25000",
    "industry": "56142",
    "region": [
      "019021"
    ],
    "secondary": {
      "amount": 4,
      "victim_id": [
        "Los Angeles County department of health services",
        " Los Angeles County department of public health",
        "City of Hope",
        "San Franciscos Department of Public Health"
      ]
    },
    "state": "CA",
    "victim_id": "Sutherland Global Services"
  }
}