{
  "action": {
    "physical": {
      "variety": [
        "Theft",
        "Disabled controls"
      ],
      "vector": [
        "Victim work area"
      ]
    }
  },
  "actor": {
    "external": {
      "country": [
        "Unknown"
      ],
      "motive": [
        "Unknown"
      ],
      "region": [
        "000000"
      ],
      "variety": [
        "Unknown"
      ]
    }
  },
  "asset": {
    "assets": [
      {
        "variety": "M - Disk drive"
      }
    ],
    "cloud": [
      "Unknown"
    ]
  },
  "attribute": {
    "availability": {
      "variety": [
        "Loss"
      ]
    },
    "confidentiality": {
      "data": [
        {
          "amount": 1023209,
          "variety": "Personal"
        }
      ],
      "data_disclosure": "Potentially",
      "data_total": 1023209,
      "data_victim": [
        "Patient"
      ],
      "state": [
        "Stored unencrypted"
      ]
    }
  },
  "discovery_method": {
    "unknown": true
  },
  "impact": {
    "overall_rating": "Unknown"
  },
  "incident_id": "083B0243-EDB8-49AA-B3D0-C6C0E88CE7C8",
  "plus": {
    "analysis_status": "First pass",
    "analyst": "blackfist",
    "attribute": {
      "confidentiality": {
        "credit_monitoring": "Unknown"
      }
    },
    "created": "2014-02-06T14:12:44Z",
    "github": "1505",
    "master_id": "083B0243-EDB8-49AA-B3D0-C6C0E88CE7C8",
    "modified": "2014-05-10T00:58:18Z",
    "sub_source": "priority",
    "timeline": {
      "notification": {
        "day": 23,
        "month": 11,
        "year": 2009
      }
    }
  },
  "reference": "http://www.knoxnews.com/news/2009/nov/24/stolen-bluecross-hard-drives-lead-credit-watch/ (20140206);http://www.bcbst.com/about/news/releases/default.asp?release=303 (20140206)",
  "schema_version": "1.3.4",
  "security_incident": "Confirmed",
  "source_id": "vcdb",
  "summary": "68 hard drives stolen from locked closet at victim location",
  "timeline": {
    "incident": {
      "day": 2,
      "month": 10,
      "year": 2009
    }
  },
  "victim": {
    "country": [
      "US"
    ],
    "employee_count": "1001 to 10000",
    "industry": "524114",
    "region": [
      "019021"
    ],
    "state": "TN",
    "victim_id": "BlueCross BlueShield of Tennessee, Inc."
  }
}