{
  "action": {
    "error": {
      "variety": [
        "Loss"
      ],
      "vector": [
        "Unknown"
      ]
    }
  },
  "actor": {
    "internal": {
      "motive": [
        "NA"
      ],
      "variety": [
        "Unknown"
      ]
    }
  },
  "asset": {
    "assets": [
      {
        "variety": "M - Documents"
      }
    ],
    "cloud": [
      "Unknown"
    ]
  },
  "attribute": {
    "availability": {
      "variety": [
        "Loss"
      ]
    },
    "confidentiality": {
      "data": [
        {
          "variety": "Unknown"
        }
      ],
      "data_disclosure": "Yes",
      "data_total": 4083
    }
  },
  "discovery_method": {
    "unknown": true
  },
  "incident_id": "084F2A21-2108-4829-A769-C6EF6AEAA063",
  "plus": {
    "analysis_status": "First pass",
    "analyst": "swidup",
    "created": "2014-07-30T19:04:08Z",
    "dbir_year": 2014,
    "master_id": "084F2A21-2108-4829-A769-C6EF6AEAA063",
    "modified": "2015-02-13T16:50:35Z"
  },
  "reference": "http://vcdb.org/pdf/va-security.pdf",
  "schema_version": "1.3.4",
  "security_incident": "Confirmed",
  "source_id": "vcdb",
  "summary": "A binder and clip board containing approximately 3,265 Veteran's names, social security numbers, dates of birth and lab tests to be drawn is missing from a secured access laboratory area. The time frame that the binder covered was February, March and April 2010.\nIncident Update\n05/11/10:\nThe 3265 Veterans will receive a letter offering credit protection services. This issue will be reported to HHS under the new HITECH Act.\n05/17/10:\nAn additional 818 Veterans' PII was in the information missing.",
  "timeline": {
    "incident": {
      "day": 4,
      "month": 5,
      "year": 2010
    }
  },
  "victim": {
    "country": [
      "US"
    ],
    "employee_count": "Over 100000",
    "industry": "923140",
    "region": [
      "019021"
    ],
    "state": "TX",
    "victim_id": "United States Department of Veterans Affairs"
  }
}