{
  "action": {
    "error": {
      "notes": "Left papers on the train",
      "variety": [
        "Loss"
      ],
      "vector": [
        "Carelessness"
      ]
    }
  },
  "actor": {
    "internal": {
      "motive": [
        "NA"
      ],
      "variety": [
        "End-user"
      ]
    }
  },
  "asset": {
    "assets": [
      {
        "variety": "M - Documents"
      }
    ],
    "cloud": [
      "Unknown"
    ]
  },
  "attribute": {
    "availability": {
      "variety": [
        "Loss"
      ]
    },
    "confidentiality": {
      "data": [
        {
          "variety": "Medical"
        }
      ],
      "data_disclosure": "Yes",
      "data_victim": [
        "Customer"
      ],
      "state": [
        "Stored unencrypted"
      ]
    }
  },
  "discovery_method": {
    "unknown": true
  },
  "impact": {
    "overall_rating": "Unknown"
  },
  "incident_id": "0864F07D-F0D0-4DB7-BFFC-0F97E30CE8FB",
  "plus": {
    "analysis_status": "First pass",
    "analyst": "swidup",
    "asset": {
      "total": "No"
    },
    "attribute": {
      "confidentiality": {
        "credit_monitoring": "Unknown",
        "data_abuse": "Unknown"
      }
    },
    "created": "2013-07-01T22:53:49Z",
    "master_id": "0864F07D-F0D0-4DB7-BFFC-0F97E30CE8FB",
    "modified": "2014-05-10T00:58:18Z",
    "timeline": {
      "notification": {
        "year": 2012
      }
    }
  },
  "reference": "http://www.telegraph.co.uk/news/politics/council-spending/9751236/Lost-data-blunders-costing-councils-1.9-million.html, http://blogs.evault.com/cloud-connected-recovery/the-uk%E2%80%99s-biggest-data-loss-disasters-of-2012/",
  "schema_version": "1.3.4",
  "security_incident": "Confirmed",
  "source_id": "vcdb",
  "summary": "A social worker left papers containing sexual abuse allegations in a plastic bag on a train in one of a series of blunders that saw fines for data breaches at councils hit \u00a31.9 million. ",
  "timeline": {
    "incident": {
      "year": 2012
    }
  },
  "victim": {
    "country": [
      "GB"
    ],
    "employee_count": "Unknown",
    "industry": "92",
    "region": [
      "150154"
    ],
    "victim_id": "Lewisham Council"
  }
}