{
  "action": {
    "error": {
      "variety": [
        "Misdelivery"
      ],
      "vector": [
        "Carelessness"
      ]
    }
  },
  "actor": {
    "internal": {
      "motive": [
        "NA"
      ],
      "variety": [
        "Unknown"
      ]
    }
  },
  "asset": {
    "assets": [
      {
        "amount": 1,
        "variety": "S - Mail"
      }
    ],
    "cloud": [
      "Unknown"
    ],
    "country": [
      "GB"
    ],
    "total_amount": 1
  },
  "attribute": {
    "confidentiality": {
      "data": [
        {
          "amount": 250,
          "variety": "Personal"
        }
      ],
      "data_disclosure": "Yes",
      "data_total": 250,
      "data_victim": [
        "Customer"
      ],
      "state": [
        "Stored"
      ]
    }
  },
  "confidence": "High",
  "discovery_method": {
    "external": {
      "variety": [
        "Customer"
      ]
    }
  },
  "incident_id": "7995e320-e2df-11e7-a8b4-b50015373b0a",
  "plus": {
    "analysis_status": "Validated",
    "analyst": "swidup",
    "created": "2017-12-17T12:09:10.611Z",
    "dbir_year": 2018,
    "github": "10418",
    "master_id": "0867de85-bed8-4ce2-a03f-5915c27f6561",
    "modified": "2017-12-17T12:09:10.611Z",
    "sub_source": "phidbr"
  },
  "reference": "http://ottawacitizen.com/news/local-news/patients-of-marijuana-dispensary-upset-after-personal-information-shared-in-email",
  "schema_version": "1.3.4",
  "security_incident": "Confirmed",
  "source_id": "vcdb",
  "summary": "The owner of a medical marijuana dispensary in Gloucester has apologized after emails were accidentally sent to 24 patients that revealed the names and addresses of all the store\u2019s customers.",
  "targeted": "NA",
  "timeline": {
    "incident": {
      "month": 10,
      "year": 2017
    }
  },
  "victim": {
    "country": [
      "GB"
    ],
    "employee_count": "1 to 10",
    "industry": "4461",
    "region": [
      "150154"
    ],
    "victim_id": "Greenworks Medicinal"
  }
}