{
  "action": {
    "error": {
      "variety": [
        "Misdelivery"
      ],
      "vector": [
        "Unknown"
      ]
    }
  },
  "actor": {
    "internal": {
      "motive": [
        "NA"
      ],
      "variety": [
        "Other"
      ]
    }
  },
  "asset": {
    "assets": [
      {
        "variety": "M - Disk media"
      }
    ],
    "cloud": [
      "Unknown"
    ]
  },
  "attribute": {
    "confidentiality": {
      "data": [
        {
          "amount": 6200000,
          "variety": "Personal"
        }
      ],
      "data_disclosure": "Yes",
      "data_total": 6200000,
      "notes": "Social Security numbers and other private information of more than 6 million registered voters.",
      "state": [
        "Stored unencrypted"
      ]
    }
  },
  "discovery_method": {
    "unknown": true
  },
  "discovery_notes": "My office undertook immediate corrective action, including contacting each recipient to retrieve the disc, and I have taken additional administrative action within the agency to deal with the error,\" Kemp said. Kemp said Thursday that all 12 discs sent to the organizations \"have been accounted for",
  "impact": {
    "overall_rating": "Unknown"
  },
  "incident_id": "08718D74-C8FA-4BA3-BFBA-D7A0D24FD412",
  "notes": "GORGIA Incident: 2015-10-13 Notification 2015-11-17  Data Social Security numbers and other private information of more than 6 million registered voters.  Vector Georgia Secretary of State Brian Kemp acknowledged Wednesday that his office last month illegally disclosed That's when several organizations, including The Atlanta Journal-Constitution, were contacted by investigators from Kemp's office and asked to return the data discs containing the information. While the AJC and others _ including the Georgia GOP and the Democratic Party of Georgia _ have since complied with the request, at least one organization _ the Libertarian Party _ had not as of Wednesday afternoon. The breach, which the suit says happened internally because of lax controls in Kemp's office, would be one of the largest ever by a state.  Timeline My office undertook immediate corrective action, including contacting each recipient to retrieve the disc, and I have taken additional administrative action within the agency to deal with the error,\" Kemp said.",
  "plus": {
    "analysis_status": "Finalized",
    "analyst": "tecamac",
    "attribute": {
      "confidentiality": {
        "credit_monitoring": "Unknown"
      }
    },
    "created": "2016-01-08T09:32:00Z",
    "dbir_year": 2016,
    "github": "6658",
    "master_id": "08718D74-C8FA-4BA3-BFBA-D7A0D24FD412",
    "modified": "2016-01-08T09:32:00Z",
    "sub_source": "priority",
    "timeline": {
      "notification": {
        "day": 17,
        "month": 11,
        "year": 2015
      }
    }
  },
  "reference": "http://hosted.ap.org/dynamic/stories/G/GA_VOTER_DATA_BREACH_LAWSUIT_GAOL-?SITE=AP&SECTION=HOME&TEMPLATE=DEFAULT;http://www.databreaches.net/ga-it-staffer-fired-in-data-breach-affecting-6-million-georgia-voters/; http://www.myajc.com/news/news/state-regional-govt-politics/data-breach-in-georgia-could-affect-6-million-vote/npQj8/; http://www.ajc.com/news/news/state-regional-govt-politics/it-staffer-fired-in-data-breach-involving-6-millio/npQ9C/; http://www.ajc.com/news/news/state-regional-govt-politics/suit-accuses-georgia-of-massive-data-breach-involv/npQLz/; http://www.natlawreview.com/article/data-breach-georgia-affecting-six-million-voters-adds-to-2015-national-tally ",
  "schema_version": "1.3.4",
  "security_incident": "Confirmed",
  "source_id": "vcdb",
  "summary": "Kristina Torres_reports: Georgia Secretary of State Brian Kemp will issue an alert this afternoon formally notifying more than 6 million Georgia voters that their personal information, including Social Security numbers and birth dates, were illegally released last month by his office. The decision to send the notification comes two days after his office was alerted to the problem by two voters who filed a class action lawsuit alleging a massive data breach. The notification is also required by state law. Kemp said he has fired a technology staffer who he held responsible for_the illegal disclosure. ",
  "timeline": {
    "containment": {
      "unit": "Months",
      "value": 1
    },
    "incident": {
      "day": 13,
      "month": 10,
      "year": 2015
    }
  },
  "victim": {
    "country": [
      "US"
    ],
    "employee_count": "Unknown",
    "industry": "921190",
    "region": [
      "019021"
    ],
    "state": "GA",
    "victim_id": "Georgia"
  }
}