{
  "action": {
    "misuse": {
      "notes": "Terrence Starks worked for the U.S. Department of Veteran's Affairs and in his position he accessed the U.S. Department of Veteran's Affairs computerized software system for the payment and distribution of benefits. That database contained the names, Social Security numbers, dates of birth, and bank account information, among other information. Terrence Starks fraudulently changed the routing number and account number of veteran recipient's benefits to an account controlled by Terrence Starks through his girlfriend, thereby misrepresenting to the U.S. Department of Veteran's Affairs that the veteran or survivor was still receiving the benefits.",
      "variety": [
        "Data mishandling",
        "Privilege abuse"
      ],
      "vector": [
        "LAN access"
      ]
    }
  },
  "actor": {
    "internal": {
      "motive": [
        "Unknown",
        "Financial"
      ],
      "notes": "Terrence Starks worked for the U.S. Department of Veteran's Affairs",
      "variety": [
        "End-user"
      ]
    }
  },
  "asset": {
    "assets": [
      {
        "variety": "S - Database"
      }
    ],
    "cloud": [
      "Unknown"
    ],
    "notes": "Following enumerations present before veris 1.3.3 removed: asset.governance.Unknown."
  },
  "attribute": {
    "confidentiality": {
      "data": [
        {
          "variety": "Bank"
        },
        {
          "variety": "Personal"
        }
      ],
      "data_disclosure": "Yes",
      "data_total": 1,
      "data_victim": [
        "Customer"
      ],
      "notes": "That database contained the names, Social Security numbers, dates of birth, and bank account information, among other information. Terrence Starks fraudulently changed the routing number and account number of veteran recipient's benefits to an account controlled by Terrence Starks through his girlfriend, thereby misrepresenting to the U.S. Department of Veteran's Affairs that the veteran or survivor was still receiving the benefits.",
      "state": [
        "Stored unencrypted"
      ]
    },
    "integrity": {
      "notes": "Terrence Starks worked for the U.S. Department of Veteran's Affairs and in his position he accessed the U.S. Department of Veteran's Affairs computerized software system for the payment and distribution of benefits. That database contained the names, Social Security numbers, dates of birth, and bank account information, among other information. Terrence Starks fraudulently changed the routing number and account number of veteran recipient's benefits to an account controlled by Terrence Starks through his girlfriend, thereby misrepresenting to the U.S. Department of Veteran's Affairs that the veteran or survivor was still receiving the benefits.",
      "variety": [
        "Fraudulent transaction",
        "Misrepresentation",
        "Modify data"
      ]
    }
  },
  "discovery_method": {
    "unknown": true
  },
  "impact": {
    "overall_amount": 19260,
    "overall_rating": "Unknown"
  },
  "incident_id": "6FCB3A78-A870-46D6-8B96-90E6E31C1BCD",
  "plus": {
    "analysis_status": "Finalized",
    "analyst": "anastasia",
    "attribute": {
      "confidentiality": {
        "credit_monitoring": "Unknown",
        "data_abuse": "Yes"
      }
    },
    "created": "2016-08-23T18:21:00Z",
    "dbir_year": 2016,
    "github": "7416",
    "master_id": "0891B6E2-2E2B-43CB-820E-0FA1BA64429F",
    "modified": "2016-08-23T21:12:00Z",
    "sub_source": "phidbr",
    "timeline": {
      "notification": {
        "day": 22,
        "month": 8,
        "year": 2015
      }
    }
  },
  "reference": "https://www.databreaches.net/ex-employee-of-u-s-department-of-veterans-affairs-sentenced-for-aggravated-identity-theft/; http://www.stltoday.com/news/local/crime-and-courts/feds-veterans-affairs-employee-stole-veterans-benefits/article_15a60768-963a-5ba9-ac21-83ea79c2de57.html",
  "schema_version": "1.3.4",
  "security_incident": "Confirmed",
  "source_id": "vcdb",
  "summary": "Ex-Employee Of U.S. Department Of Veteran's Affairs Sentenced for Aggravated Identity Theft  A former employee of the U.S. Department of Veterans Affairs accessed a computer system to divert veterans' benefits to a girlfriend's bank account, federal prosecutors said Friday.  Terrence Starks worked for the U.S. Department of Veteran's Affairs and in his position he accessed the U.S. Department of Veteran's Affairs computerized software system for the payment and distribution of benefits. That database contained the names, Social Security numbers, dates of birth, and bank account information, among other information. Terrence Starks fraudulently changed the routing number and account number of veteran recipient's benefits to an account controlled by Terrence Starks through his girlfriend, thereby misrepresenting to the U.S. Department of Veteran's Affairs that the veteran or survivor was still receiving the benefits.",
  "timeline": {
    "incident": {
      "year": 2015
    }
  },
  "victim": {
    "country": [
      "US"
    ],
    "employee_count": "Over 100000",
    "industry": "923140",
    "region": [
      "019021"
    ],
    "state": "IL",
    "victim_id": "United States Department of Veteran's Affairs"
  }
}