{
  "action": {
    "error": {
      "variety": [
        "Loss"
      ],
      "vector": [
        "Unknown"
      ]
    }
  },
  "actor": {
    "internal": {
      "job_change": [
        "Unknown"
      ],
      "motive": [
        "NA"
      ],
      "variety": [
        "Unknown"
      ]
    }
  },
  "asset": {
    "assets": [
      {
        "variety": "M - Flash drive"
      }
    ],
    "cloud": [
      "Unknown"
    ]
  },
  "attribute": {
    "availability": {
      "variety": [
        "Loss"
      ]
    },
    "confidentiality": {
      "data": [
        {
          "variety": "Unknown"
        }
      ],
      "data_disclosure": "Potentially",
      "state": [
        "Unknown"
      ]
    }
  },
  "discovery_method": {
    "internal": {
      "variety": [
        "Reported by employee"
      ]
    }
  },
  "impact": {
    "overall_rating": "Unknown"
  },
  "incident_id": "089D303D-E0F2-4429-9A8F-5240A5BA429E",
  "notes": "1 of 6 incidents described in this article",
  "plus": {
    "analysis_status": "First pass",
    "analyst": "Spitler",
    "attribute": {
      "confidentiality": {
        "credit_monitoring": "Unknown"
      }
    },
    "created": "2014-06-30T20:39:00Z",
    "github": "3358",
    "master_id": "089D303D-E0F2-4429-9A8F-5240A5BA429E",
    "modified": "2014-06-30T20:39:00Z",
    "timeline": {
      "notification": {
        "day": 21,
        "month": 4,
        "year": 2013
      }
    }
  },
  "reference": "http://staffslive.co.uk/2013/04/21/dumped-pupil-records-and-lost-ipads-among-stoke-city-council-data-breaches/?goback=%2Egde_4636751_member_234933076",
  "schema_version": "1.3.4",
  "security_incident": "Confirmed",
  "source_id": "vcdb",
  "summary": "Lost memory sticks lead to potential data disclosure.",
  "timeline": {
    "incident": {
      "year": 2012
    }
  },
  "victim": {
    "country": [
      "GB"
    ],
    "employee_count": "Unknown",
    "industry": "92",
    "region": [
      "150154"
    ],
    "victim_id": "Stoke City Council"
  }
}