{
  "action": {
    "hacking": {
      "cve": "",
      "variety": [
        "Use of stolen creds"
      ],
      "vector": [
        "Physical access"
      ]
    },
    "physical": {
      "variety": [
        "Connection"
      ],
      "vector": [
        "Victim public area"
      ]
    }
  },
  "actor": {
    "internal": {
      "motive": [
        "Financial"
      ],
      "notes": "Student at the victim university.",
      "variety": [
        "End-user"
      ]
    }
  },
  "asset": {
    "assets": [
      {
        "variety": "S - Web application"
      },
      {
        "variety": "U - Desktop"
      },
      {
        "variety": "U - Desktop or laptop"
      }
    ],
    "cloud": [
      "Unknown"
    ]
  },
  "attribute": {
    "confidentiality": {
      "data": [
        {
          "amount": 740,
          "variety": "Credentials"
        }
      ],
      "data_disclosure": "Yes",
      "data_total": 740,
      "data_victim": [
        "Student"
      ],
      "state": [
        "Transmitted unencrypted"
      ]
    },
    "integrity": {
      "notes": "Actor was using stolen credentials to vote on behalf of students in the student body election.",
      "variety": [
        "Fraudulent transaction"
      ]
    }
  },
  "discovery_method": {
    "internal": {
      "variety": [
        "Reported by employee"
      ]
    }
  },
  "impact": {
    "loss": [
      {
        "rating": "Minor",
        "variety": "Asset and fraud"
      },
      {
        "rating": "Minor",
        "variety": "Brand damage"
      },
      {
        "rating": "Minor",
        "variety": "Business disruption"
      },
      {
        "rating": "Minor",
        "variety": "Operating costs"
      },
      {
        "rating": "Minor",
        "variety": "Legal and regulatory"
      },
      {
        "rating": "Minor",
        "variety": "Competitive advantage"
      },
      {
        "rating": "Minor",
        "variety": "Response and recovery"
      }
    ],
    "overall_rating": "Unknown"
  },
  "incident_id": "08A1428A-138A-4696-BAC7-5FE6D3AF4665",
  "plus": {
    "analysis_status": "First pass",
    "analyst": "blackfist",
    "asset": {
      "total": "No"
    },
    "attribute": {
      "confidentiality": {
        "credit_monitoring": "No",
        "data_abuse": "Yes"
      }
    },
    "created": "2013-02-20T15:58:18Z",
    "master_id": "08A1428A-138A-4696-BAC7-5FE6D3AF4665",
    "modified": "2014-05-10T00:58:18Z",
    "timeline": {
      "notification": {
        "day": 15,
        "month": 3,
        "year": 2012
      }
    }
  },
  "reference": "http://www.10news.com/news/student-faces-federal-charges-accused-of-trying-to-rig-cal-state-san-marcos-election (20130220) http://fox5sandiego.com/2013/02/08/fbi-arrests-cal-state-san-marcos-student-body-candidate/#axzz2LSFf99qA (20130220) http://www.nbcnews.com/technology/technolog/fbi-suspects-student-candidate-hacking-his-own-election-726362 (20130220)",
  "schema_version": "1.3.4",
  "security_incident": "Confirmed",
  "source_id": "vcdb",
  "summary": "Actor attaches keyloggers to computer lab workstations to collect credentials and rig an election for student body president",
  "timeline": {
    "compromise": {
      "unit": "Unknown"
    },
    "containment": {
      "unit": "Minutes"
    },
    "discovery": {
      "unit": "Unknown"
    },
    "exfiltration": {
      "unit": "Hours"
    },
    "incident": {
      "year": 2012
    }
  },
  "victim": {
    "country": [
      "US"
    ],
    "employee_count": "101 to 1000",
    "industry": "611310",
    "region": [
      "019021"
    ],
    "revenue": {
      "amount": 78880000,
      "iso_currency_code": "USD"
    },
    "state": "CA",
    "victim_id": "California State University San Marcos"
  }
}