{
  "action": {
    "error": {
      "variety": [
        "Publishing error"
      ],
      "vector": [
        "Unknown"
      ]
    }
  },
  "actor": {
    "internal": {
      "motive": [
        "NA"
      ],
      "variety": [
        "Unknown",
        "System admin"
      ]
    }
  },
  "asset": {
    "assets": [
      {
        "variety": "S - Database"
      }
    ],
    "cloud": [
      "Unknown"
    ]
  },
  "attribute": {
    "confidentiality": {
      "data": [
        {
          "amount": 9898159,
          "variety": "Personal"
        }
      ],
      "data_disclosure": "Yes",
      "data_total": 9898159,
      "data_victim": [
        "Other"
      ],
      "state": [
        "Unknown"
      ]
    }
  },
  "discovery_method": {
    "external": {
      "variety": [
        "Customer"
      ]
    }
  },
  "impact": {
    "overall_rating": "Unknown"
  },
  "incident_id": "C0BD03FF-F895-45E4-AE00-13512D2DDA35",
  "plus": {
    "analysis_status": "Finalized",
    "analyst": "Robert-Topper",
    "attribute": {
      "confidentiality": {
        "credit_monitoring": "Unknown",
        "data_abuse": "Yes"
      }
    },
    "created": "2016-11-01T16:39:00Z",
    "dbir_year": 2017,
    "github": "8505",
    "master_id": "08C6C555-CD07-41FD-8D27-CD164C93F1EC",
    "modified": "2016-11-01T16:44:00Z",
    "timeline": {
      "notification": {
        "day": 23,
        "month": 9,
        "year": 2016
      }
    }
  },
  "reference": "http://www.ibtimes.co.uk/every-voter-louisianas-details-exposed-massive-election-blunder-1583006",
  "schema_version": "1.3.4",
  "security_incident": "Confirmed",
  "source_id": "vcdb",
  "summary": "every voter in the US state of Louisiana\" was leaked online without password protection",
  "timeline": {
    "discovery": {
      "unit": "Days",
      "value": 3.0
    },
    "incident": {
      "day": 16,
      "month": 9,
      "year": 2016
    }
  },
  "victim": {
    "country": [
      "US"
    ],
    "employee_count": "101 to 1000",
    "industry": "921110",
    "locations_affected": 1,
    "region": [
      "019021"
    ],
    "state": "LA",
    "victim_id": "Louisiana Voting"
  }
}