{
  "action": {
    "physical": {
      "result": [
        "Exfiltrate"
      ],
      "variety": [
        "Theft"
      ],
      "vector": [
        "Partner facility"
      ]
    }
  },
  "actor": {
    "external": {
      "country": [
        "Unknown"
      ],
      "motive": [
        "Financial"
      ],
      "region": [
        "000000"
      ],
      "variety": [
        "Unaffiliated"
      ]
    }
  },
  "asset": {
    "assets": [
      {
        "amount": 1100,
        "variety": "M - Documents"
      }
    ],
    "cloud": [
      "Unknown"
    ],
    "country": [
      "US"
    ],
    "hosting": [
      "External - unknown environment"
    ],
    "total_amount": 1100
  },
  "attribute": {
    "availability": {
      "variety": [
        "Loss"
      ]
    },
    "confidentiality": {
      "data": [
        {
          "amount": 1100,
          "variety": "Medical"
        }
      ],
      "data_disclosure": "Yes",
      "data_total": 1100,
      "data_victim": [
        "Patient"
      ],
      "state": [
        "Printed"
      ]
    }
  },
  "confidence": "High",
  "discovery_method": {
    "internal": {
      "variety": [
        "Break in discovered"
      ]
    }
  },
  "incident_id": "8167c4c0-e35b-11e7-bf7a-0771e1cc9602",
  "plus": {
    "analysis_status": "Validated",
    "analyst": "swidup",
    "created": "2017-12-18T02:58:24.517Z",
    "dbir_year": 2018,
    "github": "9260",
    "master_id": "08f5c025-52df-4864-81ac-ae5b0704cc49",
    "modified": "2017-12-18T02:58:24.517Z",
    "sub_source": "phidbr",
    "timeline": {
      "notification": {
        "day": 20,
        "month": 2,
        "year": 2017
      }
    }
  },
  "reference": "http://www.beckershospitalreview.com/healthcare-information-technology/patient-records-stolen-from-ohio-practice-s-storage-unit.html",
  "schema_version": "1.3.4",
  "security_incident": "Confirmed",
  "source_id": "vcdb",
  "summary": "On Dec. 12, the medical records of more than 1,100 patients were stolen from a storage unit rented by Columbus, Ohio-based Capital Prosthetic and Orthotic Center, according to The Columbus Dispatch.  The files stored at Zanesville, Ohio-based Brandywine Lock-N-Stock contained information on patients seen at Capital Prosthetic and Orthotic Center's Zanesville office between 2008 and 2012. The data in the files possibly included patients' names, addresses, dates of birth, phone numbers, Social Security numbers, medical diagnoses and insurance information.",
  "targeted": "Opportunistic",
  "timeline": {
    "incident": {
      "day": 12,
      "month": 12,
      "year": 2016
    }
  },
  "victim": {
    "country": [
      "UM"
    ],
    "employee_count": "Unknown",
    "industry": "621111",
    "region": [
      "000000"
    ],
    "state": "OH",
    "victim_id": "Capital Prosthetic and Orthotic Center"
  }
}