{
  "action": {
    "misuse": {
      "variety": [
        "Data mishandling",
        "Unapproved workaround"
      ],
      "vector": [
        "LAN access"
      ]
    }
  },
  "actor": {
    "internal": {
      "motive": [
        "Unknown"
      ],
      "variety": [
        "Unknown"
      ]
    }
  },
  "asset": {
    "assets": [
      {
        "variety": "S - Mail"
      }
    ],
    "cloud": [
      "Unknown"
    ],
    "notes": "Following enumerations present before veris 1.3.3 removed: asset.governance.Personally owned."
  },
  "attribute": {
    "confidentiality": {
      "data": [
        {
          "amount": 1310,
          "variety": "Medical"
        }
      ],
      "data_disclosure": "Potentially",
      "data_total": 1310,
      "data_victim": [
        "Patient"
      ],
      "state": [
        "Transmitted unencrypted"
      ]
    }
  },
  "discovery_method": {
    "internal": {
      "variety": [
        "It review"
      ]
    }
  },
  "impact": {
    "overall_rating": "Unknown"
  },
  "incident_id": "090B8365-ABFC-4357-8972-C8B5F7F4CB36",
  "plus": {
    "analysis_status": "First pass",
    "analyst": "blackfist",
    "attribute": {
      "confidentiality": {
        "credit_monitoring": "Unknown"
      }
    },
    "created": "2013-10-07T17:54:00Z",
    "github": "490",
    "master_id": "090B8365-ABFC-4357-8972-C8B5F7F4CB36",
    "modified": "2014-05-10T00:58:18Z",
    "timeline": {
      "notification": {
        "day": 4,
        "month": 10,
        "year": 2013
      }
    }
  },
  "reference": "http://healthitsecurity.com/2013/10/07/caromont-health-alerts-1310-patients-of-data-breach (20131007)",
  "schema_version": "1.3.4",
  "security_incident": "Confirmed",
  "source_id": "vcdb",
  "summary": "CaroMont Health announced Friday that it learned of an internal health data breach that involved an employee sending an unsecure email with 1,310 patients protected health information (PHI) on August 8 during a routine security audit.",
  "timeline": {
    "compromise": {
      "unit": "NA"
    },
    "exfiltration": {
      "unit": "NA"
    },
    "incident": {
      "day": 8,
      "month": 8,
      "year": 2013
    }
  },
  "victim": {
    "country": [
      "US"
    ],
    "employee_count": "1001 to 10000",
    "industry": "622110",
    "region": [
      "019021"
    ],
    "state": "NC",
    "victim_id": "CaroMont Health"
  }
}