{
  "action": {
    "misuse": {
      "variety": [
        "Possession abuse",
        "Privilege abuse"
      ],
      "vector": [
        "Physical access",
        "LAN access"
      ]
    }
  },
  "actor": {
    "internal": {
      "motive": [
        "Unknown",
        "Financial"
      ],
      "notes": "court has heard that the cash was taken in 250 withdrawals made by NatWest .  he issued or intercepted three debit cards in the customer's name",
      "variety": [
        "Cashier"
      ]
    }
  },
  "asset": {
    "assets": [
      {
        "variety": "M - Payment card"
      }
    ],
    "cloud": [
      "Unknown"
    ]
  },
  "attribute": {
    "integrity": {
      "notes": "court has heard that the cash was taken in 250 withdrawals   ",
      "variety": [
        "Fraudulent transaction"
      ]
    }
  },
  "discovery_method": {
    "internal": {
      "variety": [
        "Fraud detection"
      ]
    }
  },
  "discovery_notes": "The crime was discovered after the bank noticed the unusual withdrawals and Brannan was caught on CCTV ",
  "impact": {
    "iso_currency_code": "USD",
    "loss": [
      {
        "amount": 77777,
        "variety": "Asset and fraud"
      }
    ],
    "overall_amount": 77777,
    "overall_rating": "Unknown"
  },
  "incident_id": "F1738847-66E8-4A29-AFB8-E19D0B445B30",
  "plus": {
    "analysis_status": "Finalized",
    "analyst": "Robert-Topper",
    "created": "2016-10-07T12:51:00Z",
    "dbir_year": 2017,
    "github": "7123",
    "master_id": "09286F8E-9859-4E28-A87D-4C12A0821ABF",
    "modified": "2017-01-25T20:10:00Z",
    "timeline": {
      "notification": {
        "day": 30,
        "month": 1,
        "year": 2016
      }
    }
  },
  "reference": "http://www.northdevonjournal.co.uk/8203-Jail-bank-employee-targeted-pensioner-steal/story-28636661-detail/story.html",
  "schema_version": "1.3.4",
  "security_incident": "Confirmed",
  "source_id": "vcdb",
  "summary": "court has heard that the cash was taken in 250 withdrawals made by NatWest  Read more at http://www.northdevonjournal.co.uk/8203-jail-bank-employee-targeted-pensioner-steal/story-28636661-detail/story.html#J6D1xTmfCelHGDFO.99",
  "timeline": {
    "discovery": {
      "unit": "Years",
      "value": 2.3
    },
    "incident": {
      "year": 2013
    }
  },
  "victim": {
    "country": [
      "GB"
    ],
    "employee_count": "10001 to 25000",
    "industry": "522110",
    "locations_affected": 1,
    "region": [
      "150154"
    ],
    "victim_id": "NatWest"
  }
}