{
  "action": {
    "hacking": {
      "variety": [
        "Unknown"
      ],
      "vector": [
        "Unknown"
      ]
    }
  },
  "actor": {
    "external": {
      "country": [
        "TR"
      ],
      "motive": [
        "Fun",
        "Unknown"
      ],
      "name": [
        "llJACKSPARROWll, Jack Sparrow"
      ],
      "region": [
        "142145"
      ],
      "variety": [
        "Unknown",
        "Activist"
      ]
    }
  },
  "asset": {
    "assets": [
      {
        "variety": "S - Web application"
      }
    ],
    "cloud": [
      "Unknown"
    ],
    "hosting": [
      "External - unknown environment"
    ]
  },
  "attribute": {
    "confidentiality": {
      "data": [
        {
          "variety": "Unknown"
        }
      ],
      "data_disclosure": "Potentially",
      "data_victim": [
        "Unknown"
      ],
      "state": [
        "Unknown"
      ]
    }
  },
  "discovery_method": {
    "external": {
      "variety": [
        "Actor disclosure"
      ]
    }
  },
  "impact": {
    "overall_rating": "Unknown"
  },
  "incident_id": "9451BB9A-8350-4EE2-AD65-76984AB1F1C3",
  "plus": {
    "analysis_status": "Finalized",
    "analyst": "Robert-Topper",
    "attribute": {
      "confidentiality": {
        "credit_monitoring": "Unknown"
      }
    },
    "created": "2016-09-06T14:31:00Z",
    "dbir_year": 2017,
    "github": "8320",
    "master_id": "0950B499-2647-4876-8BDC-965D968BE18D",
    "modified": "2016-09-06T14:50:00Z",
    "timeline": {
      "notification": {
        "month": 9,
        "year": 2016
      }
    }
  },
  "reference": "https://www.databreaches.net/turkish-hackers-launch-second-cyber-attack-on-killeens-website/",
  "schema_version": "1.3.4",
  "security_incident": "Confirmed",
  "source_id": "vcdb",
  "summary": "City of Killeen (Texas) website was hacked for the second time in roughly three months",
  "timeline": {
    "incident": {
      "day": 16,
      "month": 8,
      "year": 2016
    }
  },
  "victim": {
    "country": [
      "US"
    ],
    "employee_count": "Large",
    "industry": "921110",
    "locations_affected": 1,
    "region": [
      "019021"
    ],
    "state": "TX",
    "victim_id": "City of Killeen"
  }
}