{
  "action": {
    "error": {
      "variety": [
        "Publishing error"
      ],
      "vector": [
        "Carelessness"
      ]
    }
  },
  "actor": {
    "internal": {
      "motive": [
        "NA"
      ],
      "variety": [
        "Unknown",
        "Developer"
      ]
    }
  },
  "asset": {
    "assets": [
      {
        "variety": "S - Web application"
      }
    ],
    "cloud": [
      "Unknown"
    ]
  },
  "attribute": {
    "confidentiality": {
      "data": [
        {
          "amount": 6000,
          "variety": "Medical"
        }
      ],
      "data_disclosure": "Yes",
      "data_total": 6000,
      "data_victim": [
        "Customer"
      ],
      "state": [
        "Stored"
      ]
    }
  },
  "discovery_method": {
    "external": {
      "variety": [
        "Customer"
      ]
    }
  },
  "impact": {
    "overall_rating": "Unknown"
  },
  "incident_id": "4CE98BB7-06A1-4459-8A5A-CD03267B7D72",
  "plus": {
    "analysis_status": "Finalized",
    "analyst": "DaveyBaby",
    "attribute": {
      "confidentiality": {
        "credit_monitoring": "Unknown"
      }
    },
    "created": "2016-09-13T13:26:00Z",
    "dbir_year": 2017,
    "github": "6632",
    "master_id": "0953A948-1348-489E-AC4F-F3C473688DC7",
    "modified": "2016-09-13T13:37:00Z",
    "sub_source": "phidbr",
    "timeline": {
      "notification": {
        "day": 17,
        "month": 11,
        "year": 2015
      }
    }
  },
  "reference": "https://www.washingtonpost.com/news/to-your-health/wp/2015/11/17/federal-privacy-law-lags-far-behind-personal-health-technologies/",
  "schema_version": "1.3.4",
  "security_incident": "Confirmed",
  "source_id": "vcdb",
  "summary": "Person sent in an over the counter paternity test and the website with the results showed over 6,000 other patients results as well as her own.",
  "timeline": {
    "incident": {
      "day": 15,
      "month": 1,
      "year": 2015
    }
  },
  "victim": {
    "country": [
      "US"
    ],
    "employee_count": "Unknown",
    "industry": "541712",
    "region": [
      "019021"
    ],
    "state": "NM",
    "victim_id": "General Genetics Corp"
  }
}