{
  "action": {
    "error": {
      "variety": [
        "Misdelivery"
      ],
      "vector": [
        "Carelessness"
      ]
    }
  },
  "actor": {
    "internal": {
      "motive": [
        "NA"
      ],
      "variety": [
        "Unknown"
      ]
    }
  },
  "asset": {
    "assets": [
      {
        "variety": "M - Documents"
      }
    ],
    "cloud": [
      "Unknown"
    ]
  },
  "attribute": {
    "confidentiality": {
      "data": [
        {
          "variety": "Unknown"
        }
      ],
      "data_disclosure": "Yes",
      "data_total": 14
    }
  },
  "discovery_method": {
    "unknown": true
  },
  "incident_id": "096306E9-620C-4481-A59A-5AD4D9342C07",
  "plus": {
    "analysis_status": "First pass",
    "analyst": "swidup",
    "created": "2014-11-24T16:59:31Z",
    "master_id": "096306E9-620C-4481-A59A-5AD4D9342C07",
    "modified": "2014-11-24T16:59:31Z"
  },
  "reference": "http://vcdb.org/pdf/va-security.pdf",
  "schema_version": "1.3.4",
  "security_incident": "Confirmed",
  "source_id": "vcdb",
  "summary": "Veteran A received a home fecal occult blood test kit through the mail. The kit contained three test tubes for the samples. After he was through obtaining his samples, he noted that the Veteran's name, SSN and DOB on the labels attached to the test tubes was not his information. He brought the kit in to the Privacy Officer.",
  "timeline": {
    "incident": {
      "day": 15,
      "month": 11,
      "year": 2010
    }
  },
  "victim": {
    "country": [
      "US"
    ],
    "employee_count": "Over 100000",
    "industry": "923140",
    "region": [
      "019021"
    ],
    "state": "MN",
    "victim_id": "United States Department of Veterans Affairs"
  }
}