{
  "action": {
    "physical": {
      "variety": [
        "Theft"
      ],
      "vector": [
        "Victim work area"
      ]
    }
  },
  "actor": {
    "external": {
      "country": [
        "Unknown"
      ],
      "motive": [
        "Financial"
      ],
      "region": [
        "000000"
      ],
      "variety": [
        "Unknown"
      ]
    }
  },
  "asset": {
    "assets": [
      {
        "variety": "U - Laptop"
      },
      {
        "variety": "M - Disk drive"
      },
      {
        "variety": "U - Desktop or laptop"
      }
    ],
    "cloud": [
      "Unknown"
    ],
    "notes": "Following enumerations present before veris 1.3.3 removed: asset.governance.Personally owned."
  },
  "attribute": {
    "availability": {
      "notes": "2 laptops and 1 hard drive",
      "variety": [
        "Loss"
      ]
    },
    "confidentiality": {
      "data": [
        {
          "amount": 971,
          "variety": "Personal"
        }
      ],
      "data_disclosure": "Potentially",
      "data_total": 971,
      "data_victim": [
        "Patient"
      ],
      "state": [
        "Unknown"
      ]
    }
  },
  "discovery_method": {
    "internal": {
      "variety": [
        "Incident response"
      ]
    }
  },
  "impact": {
    "overall_rating": "Unknown"
  },
  "incident_id": "29B83BB3-96E2-4CCF-9382-595183898765",
  "plus": {
    "analysis_status": "Finalized",
    "analyst": "Robert-Topper",
    "attribute": {
      "confidentiality": {
        "credit_monitoring": "Unknown"
      }
    },
    "created": "2016-10-06T18:33:00Z",
    "dbir_year": 2017,
    "github": "7896",
    "master_id": "0970333F-D549-47DF-9A11-014FAA08DE44",
    "modified": "2016-10-06T18:37:00Z",
    "sub_source": "phidbr",
    "timeline": {
      "notification": {
        "day": 19,
        "month": 3,
        "year": 2016
      }
    }
  },
  "reference": "http://www.hipaajournal.com/washington-dc-va-medical-center-breach-exposes-phi-3463/",
  "schema_version": "1.3.4",
  "security_incident": "Confirmed",
  "source_id": "vcdb",
  "summary": "thieves entered the premises and stole two laptop computers and a computer hard drive",
  "timeline": {
    "incident": {
      "day": 19,
      "month": 3,
      "year": 2016
    }
  },
  "victim": {
    "country": [
      "US"
    ],
    "employee_count": "Unknown",
    "industry": "622310",
    "region": [
      "019021"
    ],
    "state": "KY",
    "victim_id": "EyeCare, P.S.C"
  }
}