{
  "action": {
    "misuse": {
      "variety": [
        "Privilege abuse"
      ],
      "vector": [
        "LAN access"
      ]
    }
  },
  "actor": {
    "internal": {
      "motive": [
        "Unknown"
      ],
      "variety": [
        "Unknown"
      ]
    }
  },
  "asset": {
    "assets": [
      {
        "variety": "S - Database"
      }
    ],
    "cloud": [
      "Unknown"
    ]
  },
  "attribute": {
    "confidentiality": {
      "data": [
        {
          "variety": "Unknown"
        }
      ],
      "data_disclosure": "Yes",
      "data_total": 1
    }
  },
  "discovery_method": {
    "unknown": true
  },
  "incident_id": "09736D23-B152-48F9-A3ED-D55E22E7C2B6",
  "plus": {
    "analysis_status": "First pass",
    "analyst": "swidup",
    "created": "2014-02-21T04:07:15Z",
    "master_id": "09736D23-B152-48F9-A3ED-D55E22E7C2B6",
    "modified": "2014-07-30T19:07:17Z"
  },
  "reference": "http://vcdb.org/pdf/va-security.pdf",
  "schema_version": "1.3.4",
  "security_incident": "Confirmed",
  "source_id": "vcdb",
  "summary": "The Information Security Officers (ISO) were looking through the Sensitive Patient Access Report and came across an employee accessing a Veteran/employee's\nchart. The ISO gave the report to the Privacy Officer (PO). The PO will follow up with the employee who accessed the medical record to get a written response and authority for accessing the record. Employee admitted he looked at the record without a need to know.",
  "timeline": {
    "incident": {
      "day": 1,
      "month": 9,
      "year": 2011
    }
  },
  "victim": {
    "country": [
      "US"
    ],
    "employee_count": "Over 100000",
    "industry": "923140",
    "region": [
      "019021"
    ],
    "state": "IA",
    "victim_id": "United States Department of Veterans Affairs"
  }
}