{
  "action": {
    "physical": {
      "variety": [
        "Theft",
        "Disabled controls"
      ],
      "vector": [
        "Personal vehicle"
      ]
    }
  },
  "actor": {
    "external": {
      "country": [
        "Unknown"
      ],
      "motive": [
        "Financial"
      ],
      "region": [
        "000000"
      ],
      "variety": [
        "Unknown"
      ]
    }
  },
  "asset": {
    "assets": [
      {
        "variety": "U - Laptop"
      },
      {
        "variety": "M - Flash drive"
      },
      {
        "variety": "U - Desktop or laptop"
      }
    ],
    "cloud": [
      "Unknown"
    ]
  },
  "attribute": {
    "availability": {
      "variety": [
        "Loss"
      ]
    },
    "confidentiality": {
      "data": [
        {
          "amount": 5000,
          "variety": "Medical"
        }
      ],
      "data_disclosure": "Potentially",
      "data_total": 5000,
      "data_victim": [
        "Patient"
      ],
      "state": [
        "Unknown"
      ]
    }
  },
  "discovery_method": {
    "internal": {
      "variety": [
        "Reported by employee"
      ]
    }
  },
  "impact": {
    "overall_rating": "Unknown"
  },
  "incident_id": "098FBBDE-658C-4DAB-BE46-8C0F2DFC7B10",
  "plus": {
    "analysis_status": "First pass",
    "analyst": "swidup",
    "attribute": {
      "confidentiality": {
        "credit_monitoring": "Unknown"
      }
    },
    "created": "2014-03-31T04:09:00Z",
    "github": "1867",
    "master_id": "098FBBDE-658C-4DAB-BE46-8C0F2DFC7B10",
    "modified": "2014-03-31T04:09:00Z",
    "timeline": {
      "notification": {
        "day": 28,
        "month": 3,
        "year": 2014
      }
    }
  },
  "reference": "http://www.phiprivacy.net/ca-data-stolen-from-5000-palomar-health-patients-after-flash-drives-left-in-employees-car/; http://www.utsandiego.com/news/2014/mar/28/palomar-health-data-theft-5000-patients/",
  "schema_version": "1.3.4",
  "security_incident": "Confirmed",
  "source_id": "vcdb",
  "summary": "About 5,000 patients of Palomar Health had personal information  including medical diagnoses  stolen last month when someone swiped a company laptop and two flash drives from an employees SUV, a company official announced Friday.  The inland North County health care system is reaching out to patients affected by the late February theft of the items, spokeswoman Bobette Brown said. Palomar Health runs Palomar Medical Center in Escondido and Pomerado Hospital in Poway.  The laptop was encrypted, but the two flash drives were not, Brown said. ",
  "timeline": {
    "incident": {
      "day": 22,
      "month": 2,
      "year": 2014
    }
  },
  "victim": {
    "country": [
      "US"
    ],
    "employee_count": "1001 to 10000",
    "industry": "622110",
    "region": [
      "019021"
    ],
    "state": "CA",
    "victim_id": "Palomar Health"
  }
}