{
  "action": {
    "error": {
      "variety": [
        "Misdelivery"
      ],
      "vector": [
        "Carelessness"
      ]
    }
  },
  "actor": {
    "internal": {
      "motive": [
        "NA"
      ],
      "variety": [
        "End-user"
      ]
    }
  },
  "asset": {
    "assets": [
      {
        "variety": "M - Documents"
      }
    ],
    "cloud": [
      "Unknown"
    ]
  },
  "attribute": {
    "confidentiality": {
      "data": [
        {
          "amount": 2,
          "variety": "Personal"
        }
      ],
      "data_disclosure": "Yes",
      "data_total": 2,
      "data_victim": [
        "Customer"
      ],
      "state": [
        "Stored unencrypted"
      ]
    }
  },
  "discovery_method": {
    "unknown": true
  },
  "impact": {
    "overall_rating": "Unknown"
  },
  "incident_id": "09B3F34F-AA64-4955-A7EE-B21B4918713A",
  "notes": "This article contains 5 incidents.  This is 3 of 5.",
  "plus": {
    "analysis_status": "First pass",
    "analyst": "swidup",
    "asset": {
      "total": "No"
    },
    "attribute": {
      "confidentiality": {
        "credit_monitoring": "Unknown",
        "data_abuse": "Unknown"
      }
    },
    "created": "2013-06-25T22:24:18Z",
    "master_id": "09B3F34F-AA64-4955-A7EE-B21B4918713A",
    "modified": "2014-05-10T00:58:18Z",
    "timeline": {
      "notification": {
        "day": 1,
        "month": 3,
        "year": 2012
      }
    }
  },
  "reference": "http://www.scotsman.com/news/health/140_000_fine_after_sending_child_data_to_wrong_people_1_2085605",
  "schema_version": "1.3.4",
  "security_incident": "Confirmed",
  "source_id": "vcdb",
  "summary": "A SCOTTISH council has been fined \u00a3140,000 after repeatedly releasing sensitive information about vulnerable children and carers to the wrong people.  Midlothian Council was guilty of five data protection breaches in as many months last year.  In May,  a \u201clooked after care review\u201d and an \u201caccommodated review\u201d were sent to four people who were not entitled to see them.",
  "timeline": {
    "incident": {
      "month": 5,
      "year": 2011
    }
  },
  "victim": {
    "country": [
      "GB"
    ],
    "employee_count": "1001 to 10000",
    "industry": "921120",
    "region": [
      "150154"
    ],
    "victim_id": "Midlothian Council"
  }
}