{
  "action": {
    "error": {
      "variety": [
        "Loss"
      ],
      "vector": [
        "Unknown"
      ]
    }
  },
  "actor": {
    "internal": {
      "motive": [
        "NA"
      ],
      "variety": [
        "Unknown"
      ]
    }
  },
  "asset": {
    "assets": [
      {
        "variety": "M - Documents"
      }
    ],
    "cloud": [
      "Unknown"
    ]
  },
  "attribute": {
    "availability": {
      "variety": [
        "Loss"
      ]
    },
    "confidentiality": {
      "data": [
        {
          "variety": "Classified"
        }
      ],
      "data_disclosure": "Yes"
    }
  },
  "confidence": "Medium",
  "discovery_method": {
    "external": {
      "variety": [
        "Found documents"
      ]
    }
  },
  "incident_id": "ddca8580-c4a3-11e7-9a8b-47d1b690bc01",
  "plus": {
    "analysis_status": "Validated",
    "analyst": "Spitler",
    "created": "2017-11-08T21:46:53.079Z",
    "dbir_year": 2018,
    "github": "9351",
    "master_id": "09c166ff-8463-4b0f-9ae3-1656cad890ba",
    "modified": "2017-11-17T02:01:15.163Z"
  },
  "reference": "http://www.mirror.co.uk/news/uk-news/terror-fear-prime-ministers-diary-10013743",
  "schema_version": "1.3.4",
  "security_incident": "Confirmed",
  "source_id": "vcdb",
  "summary": "Travel notes of PM left on train",
  "timeline": {
    "incident": {
      "year": 2017
    }
  },
  "victim": {
    "country": [
      "GB"
    ],
    "employee_count": "Large",
    "industry": "92",
    "region": [
      "150154"
    ],
    "victim_id": "UK Government"
  }
}