{
  "action": {
    "misuse": {
      "variety": [
        "Data mishandling",
        "Email misuse"
      ],
      "vector": [
        "Non-corporate"
      ]
    }
  },
  "actor": {
    "internal": {
      "motive": [
        "Convenience"
      ],
      "variety": [
        "Unknown",
        "End-user"
      ]
    }
  },
  "asset": {
    "assets": [
      {
        "variety": "U - Desktop"
      },
      {
        "variety": "U - Desktop or laptop"
      }
    ],
    "cloud": [
      "Unknown"
    ]
  },
  "attribute": {
    "confidentiality": {
      "data": [
        {
          "amount": 1920,
          "variety": "Medical"
        }
      ],
      "data_disclosure": "Potentially",
      "data_total": 1920,
      "data_victim": [
        "Patient"
      ],
      "state": [
        "Stored unencrypted"
      ]
    }
  },
  "discovery_method": {
    "unknown": true
  },
  "impact": {
    "overall_rating": "Unknown"
  },
  "incident_id": "79844EEF-F7FD-4CB6-AF9E-F75BC944AE07",
  "plus": {
    "analysis_status": "Finalized",
    "analyst": "Spitler",
    "attribute": {
      "confidentiality": {
        "credit_monitoring": "Unknown"
      }
    },
    "created": "2016-08-24T15:29:00Z",
    "dbir_year": 2017,
    "github": "6984",
    "master_id": "09CF1BF7-5B01-4B35-A6C4-E562146BCE55",
    "modified": "2016-08-24T15:37:00Z",
    "sub_source": "phidbr",
    "timeline": {
      "notification": {
        "month": 1,
        "year": 2016
      }
    }
  },
  "reference": "https://www.alzheimers.org.uk/site/scripts/news_article.php?newsID=2534;  http://www.telegraph.co.uk/news/uknews/12087713/Dementia-charity-warned-to-take-action-over-data-protection-failings.html",
  "schema_version": "1.3.4",
  "security_incident": "Confirmed",
  "source_id": "vcdb",
  "summary": "2 incidents covered by the parent link. This is for the employee misuse",
  "timeline": {
    "compromise": {
      "unit": "NA"
    },
    "discovery": {
      "unit": "Years",
      "value": 8.0
    },
    "exfiltration": {
      "unit": "NA"
    },
    "incident": {
      "year": 2007
    }
  },
  "victim": {
    "country": [
      "GB"
    ],
    "employee_count": "Small",
    "industry": "813410",
    "region": [
      "150154"
    ],
    "victim_id": "Alzheimer's Society"
  }
}