{
  "action": {
    "hacking": {
      "cve": "",
      "variety": [
        "Unknown"
      ],
      "vector": [
        "Unknown"
      ]
    }
  },
  "actor": {
    "external": {
      "country": [
        "Unknown"
      ],
      "motive": [
        "Financial"
      ],
      "region": [
        "000000"
      ],
      "variety": [
        "Unknown"
      ]
    }
  },
  "asset": {
    "assets": [
      {
        "variety": "S - Database"
      },
      {
        "variety": "S - Web application"
      }
    ],
    "cloud": [
      "Unknown"
    ],
    "hosting": [
      "External - unknown environment"
    ],
    "management": [
      "External"
    ]
  },
  "attribute": {
    "confidentiality": {
      "data": [
        {
          "variety": "Bank"
        },
        {
          "variety": "Personal"
        }
      ],
      "data_disclosure": "Yes",
      "data_victim": [
        "Partner"
      ],
      "state": [
        "Stored"
      ]
    }
  },
  "discovery_method": {
    "unknown": true
  },
  "impact": {
    "overall_rating": "Unknown"
  },
  "incident_id": "09DD395B-1424-4D4D-A704-159CE59134C4",
  "plus": {
    "analysis_status": "First pass",
    "analyst": "swidup",
    "asset": {
      "total": "No"
    },
    "attribute": {
      "confidentiality": {
        "credit_monitoring": "Yes",
        "data_abuse": "Unknown"
      }
    },
    "created": "2013-07-05T18:51:52Z",
    "master_id": "09DD395B-1424-4D4D-A704-159CE59134C4",
    "modified": "2014-05-10T00:58:18Z",
    "timeline": {
      "notification": {
        "day": 16,
        "month": 4,
        "year": 2013
      }
    }
  },
  "reference": "http://www.oag.state.md.us/idtheft/Breach%20Notices/itu-227420.pdf",
  "schema_version": "1.3.4",
  "security_incident": "Confirmed",
  "source_id": "vcdb",
  "summary": "Partner site used for recruiting and hiring was compromised, exposing names, addresses, DOB, SSNs, DL#, ethnicity and vet status.  In some cases also financial institution account information and passport data as well.",
  "timeline": {
    "incident": {
      "year": 2013
    }
  },
  "victim": {
    "country": [
      "US"
    ],
    "employee_count": "1001 to 10000",
    "industry": "22111",
    "region": [
      "019021"
    ],
    "revenue": {
      "amount": 3090000000,
      "iso_currency_code": "USD"
    },
    "state": "ME",
    "victim_id": "Iberdrola USA"
  }
}