{
  "action": {
    "error": {
      "variety": [
        "Misconfiguration"
      ],
      "vector": [
        "Unknown"
      ]
    }
  },
  "actor": {
    "partner": {
      "country": [
        "Unknown",
        "US"
      ],
      "industry": "541511",
      "motive": [
        "Unknown"
      ],
      "notes": "SafetyFirst",
      "region": [
        "019021"
      ]
    }
  },
  "asset": {
    "assets": [
      {
        "variety": "S - Backup"
      }
    ],
    "cloud": [
      "Unknown"
    ],
    "management": [
      "External"
    ]
  },
  "attribute": {
    "confidentiality": {
      "data": [
        {
          "variety": "Personal"
        }
      ],
      "data_disclosure": "Unknown",
      "state": [
        "Unknown"
      ]
    }
  },
  "discovery_method": {
    "partner": {
      "variety": [
        "Other"
      ]
    }
  },
  "impact": {
    "overall_rating": "Unknown"
  },
  "incident_id": "0A11E71E-0803-459C-A5EA-D5B1DD24A98F",
  "plus": {
    "analysis_status": "First pass",
    "analyst": "hrbrmstr",
    "attribute": {
      "confidentiality": {
        "credit_monitoring": "Unknown"
      }
    },
    "created": "2014-06-10T16:00:00Z",
    "github": "2246",
    "master_id": "0A11E71E-0803-459C-A5EA-D5B1DD24A98F",
    "modified": "2014-06-10T16:00:00Z",
    "timeline": {
      "notification": {
        "month": 4,
        "year": 2014
      }
    }
  },
  "reference": "http://www.esecurityplanet.com/network-security/lowes-acknowledges-third-party-data-breach.html;http://www.oag.state.md.us/idtheft/Breach%20Notices/itu-240470.pdf",
  "schema_version": "1.3.4",
  "security_incident": "Confirmed",
  "source_id": "vcdb",
  "summary": "third party backed up lowe's driver personal data to unsecured internet-accessible server",
  "timeline": {
    "discovery": {
      "unit": "Months",
      "value": 9
    },
    "incident": {
      "month": 7,
      "year": 2013
    }
  },
  "victim": {
    "country": [
      "US"
    ],
    "employee_count": "Unknown",
    "industry": "000",
    "region": [
      "019021"
    ],
    "state": "NC",
    "victim_id": "Lowe's Cos Inc"
  }
}