{
  "action": {
    "error": {
      "variety": [
        "Publishing error"
      ],
      "vector": [
        "Unknown"
      ]
    }
  },
  "actor": {
    "internal": {
      "job_change": [
        "Hired"
      ],
      "motive": [
        "Unknown"
      ],
      "variety": [
        "Unknown"
      ]
    },
    "partner": {
      "country": [
        "Unknown",
        "US"
      ],
      "industry": "54",
      "motive": [
        "Unknown",
        "NA"
      ],
      "notes": "R-C Healthcare Management",
      "region": [
        "019021"
      ]
    }
  },
  "asset": {
    "assets": [
      {
        "variety": "S - Web application"
      }
    ],
    "cloud": [
      "Unknown"
    ],
    "management": [
      "External"
    ]
  },
  "attribute": {
    "confidentiality": {
      "data": [
        {
          "amount": 655550,
          "variety": "Personal"
        }
      ],
      "data_disclosure": "Yes",
      "data_total": 655550,
      "data_victim": [
        "Patient"
      ],
      "state": [
        "Unknown"
      ]
    }
  },
  "discovery_method": {
    "internal": {
      "variety": [
        "Reported by employee"
      ]
    }
  },
  "impact": {
    "overall_rating": "Unknown"
  },
  "incident_id": "105DBFCB-CAF0-4AD8-B497-665B7A634A7D",
  "plus": {
    "analysis_status": "Finalized",
    "analyst": "Spitler",
    "attribute": {
      "confidentiality": {
        "credit_monitoring": "Unknown"
      }
    },
    "created": "2016-08-22T17:38:00Z",
    "dbir_year": 2017,
    "github": "8263",
    "master_id": "0A1608F8-E224-4E4D-9385-0A37CE9A3FC9",
    "modified": "2016-08-22T17:53:00Z",
    "sub_source": "phidbr",
    "timeline": {
      "notification": {
        "day": 12,
        "month": 8,
        "year": 2016
      }
    }
  },
  "reference": "http://www.wyff4.com/news/Bon-Secours-notifies-655-000-patients-of-potential-security-breach/41172052; https://www.databreaches.net/wa-highline-medical-center-notifies-18000-patients-whose-information-was-exposed-on-the-internet-by-third-party-error/; http://www.dailyherald.com/article/20161007/business/161008964/",
  "schema_version": "1.3.4",
  "security_incident": "Confirmed",
  "source_id": "vcdb",
  "summary": "Error leads to PHI disclosed on public website.",
  "timeline": {
    "compromise": {
      "unit": "NA"
    },
    "containment": {
      "unit": "Days",
      "value": 1.0
    },
    "discovery": {
      "unit": "Months",
      "value": 2.0
    },
    "exfiltration": {
      "unit": "NA"
    },
    "incident": {
      "month": 4,
      "year": 2016
    }
  },
  "victim": {
    "country": [
      "US"
    ],
    "employee_count": "10001 to 25000",
    "industry": "622110",
    "region": [
      "019021"
    ],
    "secondary": {
      "amount": 2,
      "victim_id": [
        "CHI Franciscan Health Highline Medical Center",
        " Northwest Community Hospital"
      ]
    },
    "state": "SC",
    "victim_id": "Bon Secours Health System"
  }
}