{
  "action": {
    "hacking": {
      "variety": [
        "Unknown"
      ],
      "vector": [
        "Web application"
      ]
    }
  },
  "actor": {
    "external": {
      "country": [
        "Unknown"
      ],
      "motive": [
        "Ideology"
      ],
      "region": [
        "000000"
      ],
      "variety": [
        "Activist"
      ]
    }
  },
  "asset": {
    "assets": [
      {
        "variety": "S - Web application"
      }
    ],
    "cloud": [
      "Unknown"
    ]
  },
  "attribute": {
    "availability": {
      "variety": [
        "Loss"
      ]
    },
    "integrity": {
      "notes": "defacement.",
      "variety": [
        "Modify data",
        "Defacement"
      ]
    }
  },
  "discovery_method": {
    "external": {
      "variety": [
        "Actor disclosure"
      ]
    }
  },
  "impact": {
    "overall_rating": "Unknown"
  },
  "incident_id": "0A19BE90-9137-4CC3-8F40-60190D4FEB92",
  "plus": {
    "analysis_status": "First pass",
    "analyst": "dhylender",
    "created": "2014-01-04T23:23:00Z",
    "github": "1250",
    "master_id": "0A19BE90-9137-4CC3-8F40-60190D4FEB92",
    "modified": "2014-05-18T15:34:56Z",
    "timeline": {
      "notification": {
        "day": 3,
        "month": 1,
        "year": 2014
      }
    }
  },
  "reference": "http://www.rawstory.com/rs/2014/01/03/anonymous-hackers-deface-mississippi-based-white-pride-website-with-anti-fascist-message/ ; http://news.softpedia.com/news/Website-of-The-Nationalist-Movement-Hacked-by-Anonymous-413213.shtml ",
  "schema_version": "1.3.4",
  "security_incident": "Confirmed",
  "source_id": "vcdb",
  "summary": "The official website of the Nationalist Movement, a white supremacist organization based in Mississippi, was defaced by Anonymous hackers.",
  "timeline": {
    "incident": {
      "day": 16,
      "month": 12,
      "year": 2013
    }
  },
  "victim": {
    "country": [
      "US"
    ],
    "employee_count": "Unknown",
    "industry": "000",
    "region": [
      "019021"
    ],
    "state": "MS",
    "victim_id": "Nationalist Movement Website"
  }
}