{
  "action": {
    "hacking": {
      "variety": [
        "Unknown"
      ],
      "vector": [
        "Unknown"
      ]
    }
  },
  "actor": {
    "external": {
      "country": [
        "Unknown"
      ],
      "motive": [
        "Unknown"
      ],
      "region": [
        "000000"
      ],
      "variety": [
        "Unknown"
      ]
    }
  },
  "asset": {
    "assets": [
      {
        "variety": "S - Web application"
      }
    ],
    "cloud": [
      "Unknown"
    ]
  },
  "attribute": {
    "confidentiality": {
      "data": [
        {
          "variety": "Unknown"
        }
      ],
      "data_disclosure": "Yes",
      "data_victim": [
        "Customer"
      ],
      "notes": "The leaked data contains basic server information and some accounts to the sites that have been hacked.",
      "state": [
        "Unknown"
      ]
    }
  },
  "discovery_method": {
    "unknown": true
  },
  "impact": {
    "overall_rating": "Unknown"
  },
  "incident_id": "0A23FCDE-049D-4C34-BA43-2C1F3E0001F1",
  "notes": "attribute.confidentiality.data was empty and removed by script. Mundo.com provides access to online content and services for all users, facilitating further through its various applications, integrated search solutions for a more comfortable browsing experience and complete. ",
  "plus": {
    "analysis_status": "Validated",
    "analyst": "abooker",
    "asset": {
      "total": "Yes"
    },
    "attribute": {
      "confidentiality": {
        "credit_monitoring": "Unknown",
        "data_abuse": "Yes"
      }
    },
    "created": "2013-02-19T15:29:15Z",
    "master_id": "0A23FCDE-049D-4C34-BA43-2C1F3E0001F1",
    "modified": "2014-05-18T17:18:34Z",
    "timeline": {
      "notification": {
        "day": 24,
        "month": 2,
        "year": 2012
      }
    }
  },
  "reference": "http://www.cyberwarnews.info/2012/02/24/venezuelan-public-defender-and-two-other-sites-hacked-by-hacker-claus/ ;http://www.varanoid.com/research-alerts/team-cymru/venezuelan-public-defender-and-two-other-sites-hacked-by-hacker-claus/ (20140518)",
  "schema_version": "1.3.4",
  "security_incident": "Confirmed",
  "source_id": "vcdb",
  "summary": "A person or a group called Hacker Claus has dumped information from three separate websites.  ",
  "timeline": {
    "incident": {
      "year": 2012
    }
  },
  "victim": {
    "country": [
      "PY"
    ],
    "employee_count": "Unknown",
    "industry": "519130",
    "region": [
      "019005"
    ],
    "secondary": {
      "amount": 2,
      "victim_id": [
        "Public Defender of Venezula",
        "Caroni Seguros SA"
      ]
    },
    "victim_id": "Mundo.com"
  }
}