{
  "action": {
    "hacking": {
      "variety": [
        "Unknown"
      ],
      "vector": [
        "Unknown"
      ]
    }
  },
  "actor": {
    "external": {
      "country": [
        "Unknown"
      ],
      "motive": [
        "Unknown"
      ],
      "region": [
        "000000"
      ],
      "variety": [
        "Unaffiliated"
      ]
    }
  },
  "asset": {
    "assets": [
      {
        "variety": "S - Database"
      }
    ],
    "cloud": [
      "Unknown"
    ]
  },
  "attribute": {
    "confidentiality": {
      "data": [
        {
          "variety": "Credentials"
        }
      ],
      "data_disclosure": "Potentially",
      "data_victim": [
        "Customer"
      ],
      "state": [
        "Stored unencrypted"
      ]
    }
  },
  "discovery_method": {
    "internal": {
      "variety": [
        "Nids"
      ]
    }
  },
  "impact": {
    "loss": [
      {
        "rating": "Minor",
        "variety": "Brand damage"
      },
      {
        "rating": "Minor",
        "variety": "Business disruption"
      },
      {
        "rating": "Minor",
        "variety": "Response and recovery"
      }
    ],
    "overall_rating": "Unknown"
  },
  "incident_id": "0A24DA94-8FCF-41A0-9775-1677854CA413",
  "plus": {
    "analysis_status": "First pass",
    "analyst": "Splitler",
    "asset": {
      "total": "No"
    },
    "attribute": {
      "confidentiality": {
        "credit_monitoring": "No",
        "data_abuse": "No"
      }
    },
    "created": "2013-03-14T20:28:17Z",
    "master_id": "0A24DA94-8FCF-41A0-9775-1677854CA413",
    "modified": "2014-05-10T00:58:18Z",
    "timeline": {
      "notification": {
        "day": 20,
        "month": 1,
        "year": 2012
      }
    }
  },
  "reference": "http://www.zdnet.com/blog/security/dreamhost-hacked-mass-password-reset-issued/10175 http://dreamhost.com/dreamscape/2012/01/21/security-update/ http://www.computerworld.com/s/article/9223625/DreamHost_resets_passwords_after_database_breach",
  "schema_version": "1.3.4",
  "security_incident": "Confirmed",
  "source_id": "vcdb",
  "summary": "Web hosting database accessed via undisclosed method. Legacy plain text FTP passwords were determined to be at risk. ",
  "timeline": {
    "compromise": {
      "unit": "Unknown"
    },
    "containment": {
      "unit": "Days"
    },
    "discovery": {
      "unit": "Hours"
    },
    "exfiltration": {
      "unit": "Unknown"
    },
    "incident": {
      "day": 19,
      "month": 1,
      "year": 2012
    }
  },
  "victim": {
    "country": [
      "US"
    ],
    "employee_count": "11 to 100",
    "industry": "518",
    "region": [
      "019021"
    ],
    "state": "CA",
    "victim_id": "Dream Host"
  }
}