{
  "action": {
    "error": {
      "notes": "Location: Unknown",
      "variety": [
        "Misdelivery"
      ],
      "vector": [
        "Unknown"
      ]
    }
  },
  "actor": {
    "partner": {
      "country": [
        "IE"
      ],
      "industry": "522110",
      "motive": [
        "NA"
      ],
      "notes": "Irish Bank Resolution Corporation",
      "region": [
        "150154"
      ]
    }
  },
  "asset": {
    "assets": [
      {
        "variety": "M - Documents"
      }
    ],
    "cloud": [
      "Unknown"
    ]
  },
  "attribute": {
    "confidentiality": {
      "data": [
        {
          "amount": 77,
          "variety": "Personal"
        }
      ],
      "data_disclosure": "Yes",
      "data_total": 77,
      "data_victim": [
        "Employee"
      ],
      "state": [
        "Unknown"
      ]
    }
  },
  "discovery_method": {
    "external": {
      "variety": [
        "Customer"
      ]
    }
  },
  "impact": {
    "overall_rating": "Unknown"
  },
  "incident_id": "0A30DD0B-7E11-49D1-8724-16382B8EB577",
  "plus": {
    "analysis_status": "First pass",
    "analyst": "Spitler",
    "attribute": {
      "confidentiality": {
        "credit_monitoring": "Unknown"
      }
    },
    "created": "2013-09-09T14:35:00Z",
    "master_id": "0A30DD0B-7E11-49D1-8724-16382B8EB577",
    "modified": "2014-05-10T00:58:18Z",
    "timeline": {
      "notification": {
        "year": 2013
      }
    }
  },
  "reference": "http://businessetc.thejournal.ie/ibrc-employees-data-breach-1051450-Aug2013/?utm_source=shortlink",
  "schema_version": "1.3.4",
  "security_incident": "Confirmed",
  "source_id": "vcdb",
  "summary": "Misdelivery of PII and checks occurred during mailings by liquidator to customers of liquidated bank.",
  "timeline": {
    "compromise": {
      "unit": "NA"
    },
    "exfiltration": {
      "unit": "NA"
    },
    "incident": {
      "year": 2013
    }
  },
  "victim": {
    "country": [
      "IE"
    ],
    "employee_count": "Unknown",
    "industry": "522110",
    "region": [
      "150154"
    ],
    "victim_id": "ANGLO IRISH BANK CORPORATION PLC"
  }
}