{
  "action": {
    "misuse": {
      "variety": [
        "Possession abuse",
        "Privilege abuse"
      ],
      "vector": [
        "LAN access",
        "Physical access"
      ]
    }
  },
  "actor": {
    "internal": {
      "motive": [
        "Financial"
      ],
      "variety": [
        "End-user"
      ]
    }
  },
  "asset": {
    "assets": [
      {
        "variety": "M - Documents"
      },
      {
        "variety": "S - Database"
      }
    ],
    "cloud": [
      "Unknown"
    ],
    "management": [
      "Internal"
    ]
  },
  "attribute": {
    "confidentiality": {
      "data": [
        {
          "variety": "Personal"
        }
      ],
      "data_disclosure": "Yes",
      "data_victim": [
        "Customer"
      ],
      "state": [
        "Printed"
      ]
    }
  },
  "confidence": "High",
  "discovery_method": {
    "internal": {
      "variety": [
        "Unknown"
      ]
    }
  },
  "incident_id": "192033d0-89ef-11e8-bc39-6bf805ebd808",
  "plus": {
    "analysis_status": "Validated",
    "analyst": "jasoncmiller79",
    "created": "2018-07-17T22:48:59.567Z",
    "dbir_year": 2019,
    "github": "11775",
    "master_id": "0a46cea4-0aa5-4cca-bb1f-c5fa4c227585",
    "modified": "2018-08-03T17:50:18.800Z"
  },
  "reference": "https://www.chieftain.com/news/crime/ex-pueblo-da-investigator-allegedly-aided-bookmaking-operation/article_6c8df55a-7ab9-5150-a13b-7955f12765fa.html",
  "schema_version": "1.3.4",
  "security_incident": "Confirmed",
  "source_id": "vcdb",
  "summary": "The Colorado Attorney General's Office is prosecuting Widup on numerous charges in an indictment filed in January. They include official misconduct, professional gambling and misuse of official information",
  "targeted": "NA",
  "timeline": {
    "discovery": {
      "unit": "Years",
      "value": 2
    },
    "incident": {
      "year": 2016
    }
  },
  "victim": {
    "country": [
      "US"
    ],
    "employee_count": "Small",
    "industry": "922130",
    "region": [
      "019021"
    ],
    "state": "CO",
    "victim_id": "Pueblo District Attorney's Office"
  }
}