{
  "action": {
    "physical": {
      "variety": [
        "Theft"
      ],
      "vector": [
        "Partner facility"
      ]
    }
  },
  "actor": {
    "external": {
      "country": [
        "US"
      ],
      "motive": [
        "Financial"
      ],
      "region": [
        "019021"
      ],
      "variety": [
        "Unaffiliated"
      ]
    }
  },
  "asset": {
    "assets": [
      {
        "variety": "M - Documents"
      }
    ],
    "cloud": [
      "Unknown"
    ]
  },
  "attribute": {
    "availability": {
      "duration": {
        "unit": "Unknown"
      },
      "variety": [
        "Loss"
      ]
    },
    "confidentiality": {
      "data": [
        {
          "amount": 1000,
          "variety": "Medical"
        }
      ],
      "data_disclosure": "Yes",
      "data_total": 1000,
      "data_victim": [
        "Patient"
      ],
      "state": [
        "Printed"
      ]
    }
  },
  "confidence": "Medium",
  "discovery_method": {
    "unknown": true
  },
  "incident_id": "6ec63440-da33-11e7-a58f-dff506a792fb",
  "plus": {
    "analysis_status": "Validated",
    "analyst": "Spitler",
    "created": "2017-12-06T08:17:50.716Z",
    "dbir_year": 2018,
    "github": "10134",
    "master_id": "0a615b7e-61d8-4e83-897e-17ad7830a43c",
    "modified": "2017-12-06T08:17:50.716Z",
    "sub_source": "phidbr"
  },
  "reference": "https://www.tapinto.net/towns/new-brunswick/articles/medical-records-and-personal-information-allegedl",
  "schema_version": "1.3.4",
  "security_incident": "Confirmed",
  "source_id": "vcdb",
  "summary": "Stolen medical documents from storage facility",
  "targeted": "Opportunistic",
  "timeline": {
    "incident": {
      "year": 2017
    }
  },
  "victim": {
    "country": [
      "US"
    ],
    "employee_count": "Small",
    "industry": "62",
    "region": [
      "019021"
    ],
    "state": "NJ",
    "victim_id": "Unnamed medical practice"
  }
}