{
  "action": {
    "hacking": {
      "variety": [
        "DoS"
      ],
      "vector": [
        "Web application"
      ]
    }
  },
  "actor": {
    "external": {
      "country": [
        "Unknown"
      ],
      "motive": [
        "Unknown"
      ],
      "region": [
        "142145",
        "019021"
      ],
      "variety": [
        "Unknown"
      ]
    }
  },
  "asset": {
    "assets": [
      {
        "variety": "S - Web application"
      }
    ],
    "cloud": [
      "Unknown"
    ]
  },
  "attribute": {
    "availability": {
      "variety": [
        "Interruption"
      ]
    }
  },
  "discovery_method": {
    "unknown": true
  },
  "impact": {
    "overall_rating": "Unknown"
  },
  "incident_id": "0A8FFED6-0418-480D-9938-55B09F638126",
  "plus": {
    "analysis_status": "First pass",
    "analyst": "dhylender",
    "created": "2014-06-29T16:58:00Z",
    "github": "3360",
    "master_id": "0A8FFED6-0418-480D-9938-55B09F638126",
    "modified": "2014-06-29T16:58:00Z",
    "timeline": {
      "notification": {
        "day": 23,
        "month": 4,
        "year": 2014
      }
    }
  },
  "reference": "https://www.yahoo.com/?err=404&err_url=http%3a%2f%2fnews.yahoo.com%2fschwab-website-hit-second-cyber-attack-problem-resolved-173019949--finance.html",
  "schema_version": "1.3.4",
  "security_incident": "Confirmed",
  "source_id": "vcdb",
  "summary": "Charles Schwab website down after being hit with DoS attack.",
  "timeline": {
    "containment": {
      "unit": "Minutes"
    },
    "discovery": {
      "unit": "Minutes"
    },
    "incident": {
      "day": 23,
      "month": 4,
      "year": 2014
    }
  },
  "victim": {
    "country": [
      "US"
    ],
    "employee_count": "10001 to 25000",
    "industry": "523120",
    "region": [
      "021000",
      "019021"
    ],
    "state": "CA",
    "victim_id": "Charles Schwab Corp/The"
  }
}