{
  "action": {
    "error": {
      "variety": [
        "Publishing error"
      ],
      "vector": [
        "Carelessness"
      ]
    }
  },
  "actor": {
    "internal": {
      "motive": [
        "NA"
      ],
      "variety": [
        "Unknown"
      ]
    }
  },
  "asset": {
    "assets": [
      {
        "variety": "M - Documents"
      }
    ],
    "cloud": [
      "Unknown"
    ]
  },
  "attribute": {
    "confidentiality": {
      "data": [
        {
          "variety": "Unknown"
        }
      ],
      "data_disclosure": "Yes",
      "data_total": 116
    }
  },
  "discovery_method": {
    "unknown": true
  },
  "incident_id": "0A9BBBF3-BF62-47D7-B04A-41E5E1874755",
  "plus": {
    "analysis_status": "First pass",
    "analyst": "swidup",
    "created": "2014-07-30T19:04:08Z",
    "dbir_year": 2014,
    "master_id": "0A9BBBF3-BF62-47D7-B04A-41E5E1874755",
    "modified": "2015-02-13T16:50:35Z"
  },
  "reference": "http://vcdb.org/pdf/va-security.pdf",
  "schema_version": "1.3.4",
  "security_incident": "Confirmed",
  "source_id": "vcdb",
  "summary": "A medical technician was serving on a jury hearing a case. At some point in the trial, a list of 30 Veteran patients with their names, full social security numbers, dates of birth and surgeries performed were introduced by a Law Firm. They had obtained the list from the VA Hospital to help their client's case. The employee protested the use of the Veterans' information and told the judge that the personally identiafiable information and protected health information should not have been released.",
  "timeline": {
    "incident": {
      "day": 17,
      "month": 6,
      "year": 2010
    }
  },
  "victim": {
    "country": [
      "US"
    ],
    "employee_count": "Over 100000",
    "industry": "923140",
    "region": [
      "019021"
    ],
    "state": "MO",
    "victim_id": "United States Department of Veterans Affairs"
  }
}