{
  "action": {
    "hacking": {
      "variety": [
        "Unknown"
      ],
      "vector": [
        "Web application"
      ]
    }
  },
  "actor": {
    "external": {
      "country": [
        "Unknown"
      ],
      "motive": [
        "Ideology"
      ],
      "region": [
        "000000"
      ],
      "variety": [
        "Activist"
      ]
    }
  },
  "asset": {
    "assets": [
      {
        "variety": "S - Web application"
      }
    ],
    "cloud": [
      "Unknown"
    ]
  },
  "attribute": {
    "confidentiality": {
      "data": [
        {
          "variety": "Payment"
        },
        {
          "variety": "Personal"
        }
      ],
      "data_disclosure": "Yes",
      "data_total": 5500000
    }
  },
  "discovery_method": {
    "unknown": true
  },
  "incident_id": "0AA6AD6A-7EB2-4BB5-B9A1-319F0C00B3F9",
  "plus": {
    "analysis_status": "First pass",
    "created": "2013-09-10T20:13:32Z",
    "master_id": "0AA6AD6A-7EB2-4BB5-B9A1-319F0C00B3F9",
    "modified": "2014-04-27T19:37:02Z",
    "timeline": {
      "notification": {
        "day": 8,
        "month": 5,
        "year": 2013
      }
    }
  },
  "reference": "https://blog.linode.com/2013/04/16/security-incident-update/, http://www.zdnet.com/revenge-hack-put-5-5-million-domain-names-allegedly-at-risk-7000015107/",
  "schema_version": "1.3.4",
  "security_incident": "Confirmed",
  "source_id": "vcdb",
  "summary": "Hackers exploited an Adobe vulnerability and used it to access Linode Manager web servers.  One of Linode's web servers, parts of their source code, and their database were accessed.  No other components of the Linode infrastructure were accessed by the hackers.  Encrypted customer credit card numbers and passwords were obtained.  The group HTP claimed responsibility for the hack. ",
  "timeline": {
    "incident": {
      "day": 15,
      "month": 4,
      "year": 2013
    }
  },
  "victim": {
    "country": [
      "US"
    ],
    "employee_count": "1 to 10",
    "industry": "517110",
    "region": [
      "019021"
    ],
    "state": "NJ",
    "victim_id": "Linode"
  }
}