{
  "action": {
    "hacking": {
      "result": [
        "Infiltrate"
      ],
      "variety": [
        "Use of stolen creds"
      ],
      "vector": [
        "Web application"
      ]
    },
    "social": {
      "target": [
        "Unknown"
      ],
      "variety": [
        "Phishing"
      ],
      "vector": [
        "Email"
      ]
    }
  },
  "actor": {
    "external": {
      "country": [
        "Unknown"
      ],
      "motive": [
        "Unknown"
      ],
      "region": [
        "000000"
      ],
      "variety": [
        "Unknown"
      ]
    }
  },
  "asset": {
    "assets": [
      {
        "variety": "S - Mail"
      },
      {
        "variety": "P - Unknown"
      }
    ],
    "cloud": [
      "Unknown"
    ],
    "notes": "Following enumerations present before veris 1.3.3 removed: asset.governance.Unknown."
  },
  "attribute": {
    "confidentiality": {
      "data": [
        {
          "amount": 790,
          "variety": "Medical"
        }
      ],
      "data_disclosure": "Yes",
      "data_total": 790,
      "data_victim": [
        "Patient"
      ],
      "state": [
        "Stored"
      ]
    },
    "integrity": {
      "variety": [
        "Alter behavior"
      ]
    }
  },
  "confidence": "Medium",
  "control_failure": "Lack of 2FA into webmail",
  "cost_corrective_action": "Something in-between",
  "discovery_method": {
    "internal": {
      "variety": [
        "Unknown"
      ]
    }
  },
  "incident_id": "77735fe0-8f47-11e8-a74f-e5450456a5bf",
  "plus": {
    "analysis_status": "Validated",
    "analyst": "jasoncmiller79",
    "created": "2018-07-24T20:56:53.987Z",
    "dbir_year": 2019,
    "event_chain": [
      {
        "action": "soc",
        "actor": "ext",
        "asset": "ppl",
        "attribute": "ia",
        "summary": "Phishing"
      },
      {
        "action": "soc",
        "actor": "ext",
        "asset": "ppl",
        "attribute": "cp",
        "summary": "Phishing"
      },
      {
        "action": "hak",
        "actor": "ext",
        "asset": "srv",
        "attribute": "cp",
        "summary": "Use of stolen credentials"
      }
    ],
    "github": "11780",
    "master_id": "0aba603c-dcff-4eae-9869-6d29bbea8981",
    "modified": "2018-08-08T19:55:58.284Z",
    "sub_source": "phidbr",
    "timeline": {
      "notification": {
        "day": 16,
        "month": 7,
        "year": 2018
      }
    }
  },
  "reference": "http://www.wellsvilledaily.com/news/20180716/strongupmc-cole-notifies-patients-of-personal-data-breachstrong",
  "schema_version": "1.3.4",
  "security_incident": "Confirmed",
  "source_id": "vcdb",
  "summary": "UPMC Cole has notified 790 patients treated at UPMC Cole that their personal information may have been inappropriately accessed",
  "targeted": "Targeted",
  "timeline": {
    "incident": {
      "day": 7,
      "month": 6,
      "year": 2018
    }
  },
  "victim": {
    "country": [
      "US"
    ],
    "employee_count": "50001 to 100000",
    "industry": "622110",
    "region": [
      "019021"
    ],
    "state": "PA",
    "victim_id": "University of Pittsburgh Medical Center"
  }
}