{
  "action": {
    "error": {
      "variety": [
        "Misdelivery"
      ],
      "vector": [
        "Carelessness"
      ]
    }
  },
  "actor": {
    "internal": {
      "motive": [
        "NA"
      ],
      "variety": [
        "Unknown"
      ]
    }
  },
  "asset": {
    "assets": [
      {
        "variety": "M - Documents"
      }
    ],
    "cloud": [
      "Unknown"
    ]
  },
  "attribute": {
    "confidentiality": {
      "data": [
        {
          "variety": "Unknown"
        }
      ],
      "data_disclosure": "Unknown",
      "data_total": 1
    }
  },
  "discovery_method": {
    "unknown": true
  },
  "incident_id": "0ABD8EF9-55C5-40F7-8F51-6B054D9EB0E1",
  "plus": {
    "analysis_status": "First pass",
    "analyst": "swidup",
    "created": "2014-07-30T19:04:07Z",
    "dbir_year": 2014,
    "master_id": "0ABD8EF9-55C5-40F7-8F51-6B054D9EB0E1",
    "modified": "2015-02-13T16:50:35Z"
  },
  "reference": "http://vcdb.org/pdf/va-security.pdf",
  "schema_version": "1.3.4",
  "security_incident": "Confirmed",
  "source_id": "vcdb",
  "summary": "The PO received an email from the HRC Topeka stating Veteran A had received Veteran B's billing statement. The address on the mailing was that of Veteran A. HRC Topeka forwarded the complaint to VAMC St. Louis as the Veterans both receive care at our facility.",
  "timeline": {
    "incident": {
      "day": 4,
      "month": 6,
      "year": 2010
    }
  },
  "victim": {
    "country": [
      "US"
    ],
    "employee_count": "Over 100000",
    "industry": "923140",
    "region": [
      "019021"
    ],
    "state": "MO",
    "victim_id": "United States Department of Veterans Affairs"
  }
}