{
  "action": {
    "misuse": {
      "variety": [
        "Privilege abuse"
      ],
      "vector": [
        "Physical access"
      ]
    }
  },
  "actor": {
    "internal": {
      "motive": [
        "Financial"
      ],
      "variety": [
        "End-user"
      ]
    }
  },
  "asset": {
    "assets": [
      {
        "variety": "M - Documents"
      }
    ],
    "cloud": [
      "Unknown"
    ]
  },
  "attribute": {
    "confidentiality": {
      "data": [
        {
          "variety": "Personal"
        }
      ],
      "data_disclosure": "Yes",
      "data_victim": [
        "Patient"
      ],
      "state": [
        "Stored unencrypted"
      ]
    }
  },
  "discovery_method": {
    "unknown": true
  },
  "impact": {
    "loss": [
      {
        "rating": "Unknown",
        "variety": "Asset and fraud"
      },
      {
        "rating": "Unknown",
        "variety": "Brand damage"
      },
      {
        "rating": "Unknown",
        "variety": "Business disruption"
      },
      {
        "rating": "Unknown",
        "variety": "Operating costs"
      },
      {
        "rating": "Unknown",
        "variety": "Legal and regulatory"
      },
      {
        "rating": "Unknown",
        "variety": "Competitive advantage"
      },
      {
        "rating": "Unknown",
        "variety": "Response and recovery"
      }
    ],
    "overall_rating": "Unknown"
  },
  "incident_id": "0AC1ECF6-7E6D-472A-8751-9547FF55D023",
  "plus": {
    "analysis_status": "First pass",
    "analyst": "blackfist",
    "asset": {
      "total": "No"
    },
    "attribute": {
      "confidentiality": {
        "credit_monitoring": "Unknown",
        "data_abuse": "Yes"
      }
    },
    "created": "2013-08-19T16:03:49Z",
    "master_id": "0AC1ECF6-7E6D-472A-8751-9547FF55D023",
    "modified": "2014-05-10T00:58:18Z",
    "timeline": {
      "notification": {
        "day": 8,
        "month": 8,
        "year": 2013
      }
    }
  },
  "reference": "http://record-eagle.com/local/x1084951028/Group-home-worker-accused-of-identity-theft (20130819)",
  "schema_version": "1.3.4",
  "security_incident": "Confirmed",
  "source_id": "vcdb",
  "summary": "Internal Misuse: employee gains credit cards in the name of group home employees",
  "timeline": {
    "compromise": {
      "unit": "Unknown"
    },
    "containment": {
      "unit": "Unknown"
    },
    "discovery": {
      "unit": "Unknown"
    },
    "exfiltration": {
      "unit": "Unknown"
    },
    "incident": {
      "year": 2013
    }
  },
  "victim": {
    "country": [
      "US"
    ],
    "employee_count": "1 to 10",
    "industry": "623990",
    "region": [
      "019021"
    ],
    "state": "MI",
    "victim_id": "BENTON'S ADULT FOSTER CARE"
  }
}