{
  "action": {
    "hacking": {
      "variety": [
        "Unknown"
      ],
      "vector": [
        "Web application"
      ]
    }
  },
  "actor": {
    "external": {
      "country": [
        "Unknown"
      ],
      "motive": [
        "Unknown"
      ],
      "region": [
        "000000"
      ],
      "variety": [
        "Unknown"
      ]
    }
  },
  "asset": {
    "assets": [
      {
        "variety": "S - Web application"
      }
    ],
    "cloud": [
      "Unknown"
    ]
  },
  "attribute": {
    "confidentiality": {
      "data": [
        {
          "variety": "Unknown"
        }
      ],
      "data_disclosure": "No",
      "notes": "No reports of data loss; defacement only.",
      "state": [
        "Unknown"
      ]
    },
    "integrity": {
      "variety": [
        "Modify data",
        "Defacement"
      ]
    }
  },
  "discovery_method": {
    "external": {
      "variety": [
        "Actor disclosure"
      ]
    }
  },
  "impact": {
    "overall_rating": "Unknown"
  },
  "incident_id": "0AD0D199-B76A-4D25-9A84-A8D0DE58F47A",
  "plus": {
    "analysis_status": "First pass",
    "analyst": "Spitler",
    "attribute": {
      "confidentiality": {
        "credit_monitoring": "Unknown"
      }
    },
    "created": "2013-09-30T19:57:00Z",
    "github": "387",
    "master_id": "0AD0D199-B76A-4D25-9A84-A8D0DE58F47A",
    "modified": "2014-05-18T15:34:56Z",
    "timeline": {
      "notification": {
        "day": 20,
        "month": 9,
        "year": 2013
      }
    }
  },
  "reference": "http://hackread.com/anonghost-hacks-75-israeli-websites/",
  "schema_version": "1.3.4",
  "security_incident": "Confirmed",
  "source_id": "vcdb",
  "summary": "Mass website defacement by AnonGhost, no information provided on individual victims.",
  "timeline": {
    "incident": {
      "day": 15,
      "month": 9,
      "year": 2013
    }
  },
  "victim": {
    "country": [
      "IL"
    ],
    "employee_count": "Unknown",
    "industry": "000",
    "region": [
      "142145"
    ],
    "victim_id": "Mass Event"
  }
}