{
  "action": {
    "hacking": {
      "result": [
        "Exfiltrate",
        "Infiltrate"
      ],
      "variety": [
        "Unknown"
      ],
      "vector": [
        "Web application"
      ]
    }
  },
  "actor": {
    "external": {
      "country": [
        "Unknown"
      ],
      "motive": [
        "Grudge",
        "Financial",
        "Fun"
      ],
      "name": [
        "The Dark Overlord"
      ],
      "region": [
        "000000"
      ],
      "variety": [
        "Organized crime"
      ]
    }
  },
  "asset": {
    "assets": [
      {
        "variety": "S - Web application"
      }
    ],
    "cloud": [
      "Unknown"
    ]
  },
  "attribute": {
    "confidentiality": {
      "data": [
        {
          "variety": "Medical"
        }
      ],
      "data_disclosure": "Yes",
      "data_victim": [
        "Patient"
      ],
      "state": [
        "Stored"
      ]
    }
  },
  "confidence": "High",
  "discovery_method": {
    "external": {
      "variety": [
        "Actor disclosure"
      ]
    }
  },
  "incident_id": "a5ab5620-81e6-11e7-ace7-c5c15a923e51",
  "plus": {
    "analysis_status": "Validated",
    "analyst": "Breland",
    "attack_difficulty_initial": "Low",
    "attack_difficulty_subsequent": "Low",
    "attribute": {
      "confidentiality": {
        "data_abuse": "Yes"
      }
    },
    "created": "2017-10-26T14:33:48Z",
    "dbir_year": 2018,
    "event_chain": [
      {
        "action": "hak",
        "actor": "ext",
        "asset": "med",
        "attribute": "au"
      }
    ],
    "github": "9696",
    "master_id": "0ae39f79-8188-4b27-a692-12628a10b3cb",
    "modified": "2018-02-21T04:55:23.300Z",
    "sub_source": "phidbr"
  },
  "reference": "https://www.databreaches.net/they-view-it-as-hollywood-but-thedarkoverlord-hit-another-medical-entity/",
  "schema_version": "1.3.4",
  "security_incident": "Confirmed",
  "source_id": "vcdb",
  "summary": "They view it as \u201cHollywood,\u201d but TheDarkOverlord hit another medical entity - Dougherty Laser Vision",
  "targeted": "Targeted",
  "timeline": {
    "compromise": {
      "unit": "Minutes"
    },
    "exfiltration": {
      "unit": "Minutes"
    },
    "incident": {
      "day": 21,
      "month": 6,
      "year": 2017
    }
  },
  "victim": {
    "country": [
      "US"
    ],
    "employee_count": "11 to 100",
    "industry": "621320",
    "locations_affected": 1,
    "region": [
      "019021"
    ],
    "state": "CA",
    "victim_id": "Beverly Hills Dougherty Laser Vision"
  }
}