{
  "action": {
    "physical": {
      "variety": [
        "Theft",
        "Disabled controls"
      ],
      "vector": [
        "Public facility"
      ]
    }
  },
  "actor": {
    "external": {
      "country": [
        "Unknown"
      ],
      "motive": [
        "Unknown"
      ],
      "notes": "unknown",
      "region": [
        "000000"
      ],
      "variety": [
        "Unknown"
      ]
    }
  },
  "asset": {
    "assets": [
      {
        "variety": "U - Laptop"
      },
      {
        "variety": "U - Desktop or laptop"
      }
    ],
    "cloud": [
      "Unknown"
    ]
  },
  "attribute": {
    "availability": {
      "variety": [
        "Loss"
      ]
    },
    "confidentiality": {
      "data": [
        {
          "amount": 45277,
          "variety": "Personal"
        }
      ],
      "data_disclosure": "Potentially",
      "data_total": 45277,
      "data_victim": [
        "Student"
      ],
      "state": [
        "Stored unencrypted"
      ]
    }
  },
  "discovery_method": {
    "internal": {
      "variety": [
        "Reported by employee"
      ]
    }
  },
  "impact": {
    "overall_rating": "Unknown"
  },
  "incident_id": "0B10F9ED-FA8A-4D88-B8C9-5DB2A9375E98",
  "plus": {
    "analysis_status": "First pass",
    "analyst": "jayjacobs",
    "attribute": {
      "confidentiality": {
        "credit_monitoring": "Unknown"
      }
    },
    "created": "2013-09-09T17:02:00Z",
    "master_id": "0B10F9ED-FA8A-4D88-B8C9-5DB2A9375E98",
    "modified": "2014-05-10T00:58:18Z",
    "timeline": {
      "notification": {
        "year": 2013
      }
    }
  },
  "reference": "http://www.cornellsun.com/section/news/content/2009/06/24/security-breach-leaves-45000-risk-identity-theft",
  "schema_version": "1.3.4",
  "security_incident": "Confirmed",
  "source_id": "vcdb",
  "summary": "Stolen Laptop had names and social security numbers of 22,546 students (10,597 of whom are alumni) and 22,731 faculty and staff members (of whom 4,284 are retirees or other separated employees).  total records: 45277 ",
  "timeline": {
    "incident": {
      "month": 6,
      "year": 2009
    }
  },
  "victim": {
    "country": [
      "US"
    ],
    "employee_count": "1001 to 10000",
    "industry": "611310",
    "region": [
      "019021"
    ],
    "state": "NJ",
    "victim_id": "Cornell University"
  }
}