{
  "action": {
    "error": {
      "variety": [
        "Misdelivery"
      ],
      "vector": [
        "Unknown"
      ]
    }
  },
  "actor": {
    "internal": {
      "motive": [
        "NA"
      ],
      "variety": [
        "Unknown"
      ]
    }
  },
  "asset": {
    "assets": [
      {
        "variety": "U - Desktop"
      },
      {
        "variety": "U - Desktop or laptop"
      }
    ],
    "cloud": [
      "Unknown"
    ]
  },
  "attribute": {
    "confidentiality": {
      "data": [
        {
          "amount": 1519,
          "variety": "Personal"
        }
      ],
      "data_disclosure": "Yes",
      "data_total": 1519,
      "data_victim": [
        "Patient"
      ],
      "state": [
        "Unknown"
      ]
    }
  },
  "discovery_method": {
    "internal": {
      "variety": [
        "Reported by employee"
      ]
    }
  },
  "impact": {
    "overall_rating": "Unknown"
  },
  "incident_id": "0B265D69-D744-4C2F-8F74-302B7F99FEC7",
  "plus": {
    "analysis_status": "First pass",
    "analyst": "swidup",
    "attribute": {
      "confidentiality": {
        "credit_monitoring": "Yes"
      }
    },
    "created": "2015-03-03T23:59:58Z",
    "github": "1133",
    "master_id": "0B265D69-D744-4C2F-8F74-302B7F99FEC7",
    "modified": "2015-03-03T23:59:58Z",
    "timeline": {
      "notification": {
        "day": 17,
        "month": 12,
        "year": 2013
      }
    }
  },
  "reference": "http://www.dailysunnews.com/news/2013/dec/17/walla-walla-va-issues-security-breach-alert/",
  "schema_version": "1.3.4",
  "security_incident": "Confirmed",
  "source_id": "vcdb",
  "summary": "he Jonathan M. Wainwright Memorial VA Medical Center in Walla Walla is offering free credit monitoring for up to 1,519 veterans whose personal information, including social security numbers, was inadvertently emailed to an external education partner on Nov. 1.   #VA places the highest priority on safeguarding the personal information of our veterans, said Medical Center Director Brian Westfield. When an incident such as this is discovered, we will immediately take prompt remedial action such as notification to the veteran  even if the risk to veterans is very slight.   #The email and its attachment were recovered within 10 minutes of being sent. Walla Walla VA Privacy Officer Laurie Beauchamp investigated the incident, and reported the external education partner is held in high regard.  I am confident appropriate steps have been taken to mitigate any harm to our veterans. stated Beauchamp.  #She added that the employee involved received additional training on keeping electronic files protected to eliminate this type of situation from occurring in the future.  #Every veteran whose name was in the email attachment will receive a letter of notification and, where appropriate, an offer of credit monitoring for one year at no charge.   #Veterans, who believe they may have been affected by this incident, but have not been notified by VA, may verify whether their information was involved by writing to:    #Jonathan M. Wainwright Memorial VA Medical Center; ATTN:  Privacy Officer; 77 Wainwright Dr.; Walla Walla, WA, 99362.  #Affected veterans can request a free credit report for one year from one or more of the three national credit bureaus by calling 1-877-322-8228 or by visiting www.annualcreditreport.com.  Information about this and other protections, including placing a fraud alert on credit accounts, is available by calling the Federal Trade Commission at its toll free number, 1-877-438-4338, or by visiting its website, http://www.consumer.ftc.gov/features/feature-0014-identity-theft.",
  "timeline": {
    "incident": {
      "year": 2013
    }
  },
  "victim": {
    "country": [
      "US"
    ],
    "employee_count": "Unknown",
    "industry": "621112",
    "region": [
      "019021"
    ],
    "state": "WA",
    "victim_id": "Jonathan M. Wainwright Memorial VA Medical Center"
  }
}