{
  "action": {
    "hacking": {
      "variety": [
        "Unknown"
      ],
      "vector": [
        "Web application"
      ]
    }
  },
  "actor": {
    "external": {
      "country": [
        "Unknown"
      ],
      "motive": [
        "Unknown",
        "Grudge"
      ],
      "notes": "Cthulhu was not hacker, but released the data on the website for the hacker who wanted to stay anonymous  ",
      "region": [
        "000000"
      ],
      "variety": [
        "Unknown",
        "Activist"
      ]
    }
  },
  "asset": {
    "assets": [
      {
        "variety": "S - Database"
      }
    ],
    "cloud": [
      "Unknown"
    ],
    "notes": "after 2.5GB Following enumerations present before veris 1.3.3 removed: asset.governance.Unknown."
  },
  "attribute": {
    "availability": {
      "notes": "FOP website was down",
      "variety": [
        "Interruption"
      ]
    },
    "confidentiality": {
      "data": [
        {
          "variety": "Personal"
        },
        {
          "variety": "Internal"
        },
        {
          "variety": "Other"
        }
      ],
      "data_disclosure": "Yes",
      "data_victim": [
        "Customer"
      ],
      "notes": "2.5GB, Fraternal Order of Police information",
      "state": [
        "Stored"
      ]
    }
  },
  "discovery_method": {
    "external": {
      "variety": [
        "Actor disclosure"
      ]
    }
  },
  "discovery_notes": "the FBI was investigating after 2.5GB of data taken from its servers was dumped online and swiftly shared on social media. The union's national site, fop.net, remained offline on Thursday evening",
  "impact": {
    "overall_rating": "Unknown"
  },
  "incident_id": "261FEF4F-E2E8-48B6-B84F-34816A67D138",
  "plus": {
    "analysis_status": "Finalized",
    "analyst": "Robert-Topper",
    "attribute": {
      "confidentiality": {
        "credit_monitoring": "Unknown",
        "data_abuse": "Yes"
      }
    },
    "created": "2016-09-27T18:55:00Z",
    "dbir_year": 2017,
    "github": "7096",
    "master_id": "0B385BB0-8E64-4F5E-9BC4-EABA874B5BAA",
    "modified": "2017-01-28T21:12:00Z",
    "timeline": {
      "notification": {
        "day": 29,
        "month": 1,
        "year": 2016
      }
    }
  },
  "reference": "http://news.softpedia.com/news/hacktivist-dumps-controversial-data-belonging-to-america-s-biggest-police-union-499615.shtml; http://www.databreaches.net/fraternal-order-of-police-hacked-members-data-dumped/; http://www.theguardian.com/us-news/2016/feb/07/leaked-police-files-contain-guarantees-disciplinary-records-will-be-kept-secret",
  "schema_version": "1.3.4",
  "security_incident": "Confirmed",
  "source_id": "vcdb",
  "summary": "FOP hacked",
  "timeline": {
    "discovery": {
      "unit": "Days",
      "value": 1.0
    },
    "incident": {
      "day": 28,
      "month": 1,
      "year": 2016
    }
  },
  "victim": {
    "country": [
      "US"
    ],
    "employee_count": "Unknown",
    "industry": "813410",
    "locations_affected": 1,
    "region": [
      "019021"
    ],
    "state": "TN",
    "victim_id": "Fraternal Order of Police"
  }
}