{
  "action": {
    "hacking": {
      "variety": [
        "DoS"
      ],
      "vector": [
        "Web application"
      ]
    }
  },
  "actor": {
    "external": {
      "country": [
        "FR"
      ],
      "motive": [
        "Unknown"
      ],
      "region": [
        "150155"
      ],
      "variety": [
        "Unknown"
      ]
    }
  },
  "asset": {
    "assets": [
      {
        "variety": "Unknown"
      },
      {
        "variety": "S - Web application"
      }
    ],
    "cloud": [
      "Unknown"
    ]
  },
  "attribute": {
    "availability": {
      "variety": [
        "Interruption"
      ]
    }
  },
  "discovery_method": {
    "unknown": true
  },
  "incident_id": "0B3C0E5F-BDAF-422F-BB83-6BC7B2BBDB5A",
  "plus": {
    "analysis_status": "First pass",
    "analyst": "JM40SW",
    "created": "2014-04-30T12:03:01.191Z",
    "github": "1888",
    "master_id": "0B3C0E5F-BDAF-422F-BB83-6BC7B2BBDB5A",
    "modified": "2015-02-13T16:50:35Z"
  },
  "reference": "http://eu.battle.net/wow/en/forum/topic/10219252538 (2014-04-30T12:03:01.191Z);",
  "schema_version": "1.3.4",
  "security_incident": "Confirmed",
  "source_id": "vcdb",
  "summary": "Denial of service attack",
  "timeline": {
    "incident": {
      "day": 30,
      "month": 3,
      "year": 2014
    }
  },
  "victim": {
    "country": [
      "FR"
    ],
    "employee_count": "Unknown",
    "industry": "000",
    "region": [
      "150155"
    ],
    "victim_id": "Blizzard"
  }
}