{
  "action": {
    "hacking": {
      "variety": [
        "Unknown"
      ],
      "vector": [
        "Unknown"
      ]
    }
  },
  "actor": {
    "external": {
      "country": [
        "CN"
      ],
      "motive": [
        "Unknown"
      ],
      "region": [
        "142030"
      ],
      "variety": [
        "State-affiliated"
      ]
    }
  },
  "asset": {
    "assets": [
      {
        "variety": "U - Desktop"
      },
      {
        "variety": "U - Desktop or laptop"
      }
    ],
    "cloud": [
      "Unknown"
    ]
  },
  "attribute": {
    "availability": {
      "variety": [
        "Loss"
      ]
    },
    "confidentiality": {
      "data": [
        {
          "variety": "Unknown"
        }
      ],
      "data_disclosure": "Unknown",
      "state": [
        "Unknown"
      ]
    },
    "integrity": {
      "variety": [
        "Repurpose"
      ]
    }
  },
  "discovery_method": {
    "unknown": true
  },
  "impact": {
    "overall_rating": "Unknown"
  },
  "incident_id": "0B4E92F5-6454-4BC7-BA5E-9F3E1C6C6B0C",
  "plus": {
    "analysis_status": "First pass",
    "analyst": "hrbrmstr",
    "attribute": {
      "confidentiality": {
        "credit_monitoring": "Unknown"
      }
    },
    "created": "2014-07-11T14:05:00Z",
    "github": "3625",
    "master_id": "0B4E92F5-6454-4BC7-BA5E-9F3E1C6C6B0C",
    "modified": "2014-07-11T14:05:00Z",
    "timeline": {
      "notification": {
        "year": 2013
      }
    }
  },
  "reference": "http://www.businessweek.com/articles/2013-02-14/a-chinese-hackers-identity-unmasked#p2",
  "schema_version": "1.3.4",
  "security_incident": "Confirmed",
  "source_id": "vcdb",
  "summary": "Dell Incident Response botnet takeover uncovers 200 compromised system across the globe",
  "timeline": {
    "incident": {
      "year": 2012
    }
  },
  "victim": {
    "country": [
      "US"
    ],
    "employee_count": "Unknown",
    "industry": "000",
    "region": [
      "019021"
    ],
    "secondary": {
      "amount": 200,
      "notes": "No specifics in article/presentation except for mention of Government Ministries in Vietnam, Brunei & Myanmar along with oil companies a newspaper and  nuclear safety agency, and an embassy in mainland China"
    },
    "state": "TX",
    "victim_id": "Dell Inc"
  }
}