{
  "action": {
    "hacking": {
      "variety": [
        "Use of backdoor or C2"
      ],
      "vector": [
        "Backdoor or C2"
      ]
    },
    "malware": {
      "variety": [
        "C2",
        "Downloader",
        "Backdoor",
        "Capture stored data",
        "Spyware/Keylogger",
        "Disable controls",
        "Export data"
      ],
      "vector": [
        "Email attachment"
      ]
    },
    "social": {
      "target": [
        "Unknown"
      ],
      "variety": [
        "Phishing"
      ],
      "vector": [
        "Email"
      ]
    }
  },
  "actor": {
    "external": {
      "country": [
        "KP"
      ],
      "motive": [
        "Espionage"
      ],
      "notes": "Attribution to KP is not certain, but is best theory at present based on several evidences.",
      "region": [
        "142030"
      ],
      "variety": [
        "State-affiliated"
      ]
    }
  },
  "asset": {
    "assets": [
      {
        "variety": "P - Unknown"
      },
      {
        "variety": "U - Desktop"
      },
      {
        "variety": "U - Desktop or laptop"
      }
    ],
    "cloud": [
      "Unknown"
    ]
  },
  "attribute": {
    "confidentiality": {
      "data": [
        {
          "variety": "System"
        },
        {
          "variety": "Credentials"
        },
        {
          "variety": "Internal"
        },
        {
          "variety": "Secrets"
        }
      ],
      "data_disclosure": "Yes"
    },
    "integrity": {
      "variety": [
        "Software installation",
        "Modify configuration",
        "Alter behavior"
      ]
    }
  },
  "discovery_method": {
    "external": {
      "variety": [
        "Unknown"
      ]
    }
  },
  "incident_id": "0B5219B9-0B6D-41E7-8ECE-2886F9D4941D",
  "notes": "The Sejong Institute",
  "plus": {
    "analyst": "wbaker",
    "analyst_notes": "Compiled from public and private info from source",
    "created": "2014-02-17T20:39:14Z",
    "master_id": "0B5219B9-0B6D-41E7-8ECE-2886F9D4941D",
    "modified": "2014-06-25T20:35:20Z"
  },
  "reference": "https://www.securelist.com/en/analysis/204792305/The_Kimsuky_Operation_A_North_Korean_APT",
  "schema_version": "1.3.4",
  "security_incident": "Suspected",
  "source_id": "vcdb",
  "summary": "Incident associated with Kimsuky campaign. Strongly-suspected KP state-affiliated actors spearphish target. Desktop infected with c2, spyware, etc to harvest/export data.",
  "timeline": {
    "incident": {
      "year": 2013
    }
  },
  "victim": {
    "country": [
      "KR"
    ],
    "employee_count": "Unknown",
    "industry": "000",
    "region": [
      "142030"
    ]
  }
}