{
  "action": {
    "physical": {
      "result": [
        "Exfiltrate"
      ],
      "variety": [
        "Theft"
      ],
      "vector": [
        "Personal vehicle"
      ]
    }
  },
  "actor": {
    "external": {
      "country": [
        "US"
      ],
      "motive": [
        "Financial"
      ],
      "region": [
        "019021"
      ],
      "variety": [
        "Unaffiliated"
      ]
    }
  },
  "asset": {
    "assets": [
      {
        "amount": 1,
        "variety": "U - Laptop"
      },
      {
        "variety": "U - Desktop or laptop"
      }
    ],
    "cloud": [
      "Unknown"
    ],
    "total_amount": 1
  },
  "attribute": {
    "availability": {
      "duration": {
        "unit": "Never"
      },
      "variety": [
        "Loss"
      ]
    },
    "confidentiality": {
      "data": [
        {
          "amount": 3600,
          "variety": "Medical"
        }
      ],
      "data_disclosure": "Potentially",
      "data_total": 3600,
      "data_victim": [
        "Patient"
      ],
      "state": [
        "Stored unencrypted"
      ]
    }
  },
  "confidence": "High",
  "discovery_method": {
    "internal": {
      "variety": [
        "Break in discovered"
      ]
    }
  },
  "incident_id": "9a74bad0-e474-11e7-977c-0b3846f56840",
  "plus": {
    "analysis_status": "Validated",
    "analyst": "swidup",
    "created": "2017-12-19T12:30:16.983Z",
    "dbir_year": 2018,
    "github": "8989",
    "master_id": "0b55fdfd-e351-4838-afa8-fb00e8991ae0",
    "modified": "2017-12-19T12:30:16.983Z",
    "sub_source": "phidbr",
    "timeline": {
      "notification": {
        "day": 13,
        "month": 1,
        "year": 2017
      }
    }
  },
  "reference": "https://www.databreaches.net/childrens-hospital-los-angeles-and-the-childrens-hospital-los-angeles-medical-group/; https://oag.ca.gov/system/files/CHLA.Minor_.PHI_.011317.SAMPLE_0.pdf?",
  "schema_version": "1.3.4",
  "security_incident": "Confirmed",
  "source_id": "vcdb",
  "summary": "Stolen laptop",
  "targeted": "Opportunistic",
  "timeline": {
    "incident": {
      "day": 21,
      "month": 12,
      "year": 2016
    }
  },
  "victim": {
    "country": [
      "US"
    ],
    "employee_count": "1001 to 10000",
    "industry": "622110",
    "region": [
      "019021"
    ],
    "secondary": {
      "victim_id": [
        "Children\u2019s Hospital Los Angeles Medical Group"
      ]
    },
    "state": "CA",
    "victim_id": "Children\u2019s Hospital Los Angeles"
  }
}