{
  "action": {
    "error": {
      "variety": [
        "Misdelivery"
      ],
      "vector": [
        "Other"
      ]
    }
  },
  "actor": {
    "partner": {
      "country": [
        "US"
      ],
      "industry": "000",
      "motive": [
        "NA"
      ],
      "region": [
        "019021"
      ]
    }
  },
  "asset": {
    "assets": [
      {
        "variety": "S - Database"
      }
    ],
    "cloud": [
      "Unknown"
    ]
  },
  "attribute": {
    "confidentiality": {
      "data": [
        {
          "amount": 727,
          "variety": "Personal"
        }
      ],
      "data_disclosure": "Yes",
      "data_total": 727,
      "data_victim": [
        "Patient"
      ],
      "state": [
        "Stored"
      ]
    }
  },
  "confidence": "High",
  "discovery_method": {
    "external": {
      "variety": [
        "Customer"
      ]
    }
  },
  "incident_id": "3f947010-e2da-11e7-a8b4-b50015373b0a",
  "plus": {
    "analysis_status": "Validated",
    "analyst": "swidup",
    "created": "2017-12-17T11:35:15.014Z",
    "dbir_year": 2018,
    "github": "10466",
    "master_id": "0b5bf164-7c85-4c25-9283-71081ebf2b65",
    "modified": "2017-12-17T11:35:25.275Z",
    "sub_source": "phidbr",
    "timeline": {
      "notification": {
        "month": 10,
        "year": 2017
      }
    }
  },
  "reference": "https://www.hipaajournal.com/cook-county-health-and-hospitals-system-experian-health-breach/; http://www.chicagotribune.com/business/ct-biz-cook-county-health-data-breach-1114-story.html",
  "schema_version": "1.3.4",
  "security_incident": "Confirmed",
  "source_id": "vcdb",
  "summary": "TThe federal government is investigating a security lapse that exposed the personal information of more than 700 patients at Cook County Health and Hospitals System this year.  The hospital system publicly acknowledged the incident in a news release in October, saying that it was notified by Experian Health in August that Experian mistakenly sent patient information to other health care facilities during a computer system upgrade in March.  That information included names, account numbers, medical record numbers and birthdays. Addresses, Social Security numbers and clinical information were not exposed in the incident, according to the hospital system.",
  "targeted": "NA",
  "timeline": {
    "discovery": {
      "unit": "Months",
      "value": 2
    },
    "incident": {
      "month": 3,
      "year": 2017
    }
  },
  "victim": {
    "country": [
      "US"
    ],
    "employee_count": "1001 to 10000",
    "industry": "622110",
    "region": [
      "019021"
    ],
    "state": "IL",
    "victim_id": "Cook County Health and Hospitals System"
  }
}