{
  "action": {
    "hacking": {
      "variety": [
        "Unknown"
      ],
      "vector": [
        "Web application"
      ]
    }
  },
  "actor": {
    "external": {
      "country": [
        "Unknown"
      ],
      "motive": [
        "Ideology"
      ],
      "region": [
        "142034",
        "142145"
      ],
      "variety": [
        "Activist"
      ]
    }
  },
  "asset": {
    "assets": [
      {
        "variety": "S - Web application"
      }
    ],
    "cloud": [
      "Unknown"
    ]
  },
  "attribute": {
    "availability": {
      "variety": [
        "Loss"
      ]
    },
    "integrity": {
      "variety": [
        "Defacement",
        "Alter behavior"
      ]
    }
  },
  "discovery_method": {
    "external": {
      "variety": [
        "Actor disclosure"
      ]
    }
  },
  "impact": {
    "overall_rating": "Unknown"
  },
  "incident_id": "0B8A6B7F-EAD5-42D9-8D72-93008EFBBCE1",
  "plus": {
    "analysis_status": "First pass",
    "analyst": "gdbassett",
    "created": "2014-11-12T20:30:00Z",
    "github": "3744",
    "master_id": "0B8A6B7F-EAD5-42D9-8D72-93008EFBBCE1",
    "modified": "2014-11-12T20:30:00Z",
    "timeline": {
      "notification": {
        "day": 26,
        "month": 1,
        "year": 2013
      }
    }
  },
  "reference": "https://gma.yahoo.com/blogs/abc-blogs/anonymous-hijacks-federal-website-threatens-doj-document-dump-174943824--abc-news-politics.html",
  "schema_version": "1.3.4",
  "security_incident": "Confirmed",
  "source_id": "vcdb",
  "summary": "Anonymous Hijacks Federal Website Over Aaron Swartz Suicide  Activists from the hacker collective known as Anonymous assumed control over the homepage of a federal judicial agency this morning.  In a manifesto left on the defaced page, the group demanded reform to the American justice system and what the activists said are threats to the free flow of information.  The lengthy essay largely mirrors previous demands from Anonymous, but this time the group also cited the recent suicide of Reddit co-founder and activist Aaron Swartz as has having \"crossed a line\" for their organization. Swartz was facing up to 35 years in prison on computer fraud charges.  Prosecutors said he had stolen thousands of digital scientific and academic journal articles from the Massachusetts Institute of Technology with the goal of disseminating them for free.  Read More: Aaron Swartz' Death Fuels MIT Probe, White House Petition to Oust Prosecutor  Anonymous says Swartz was \"killed because he was forced into playing a game he could not win - a twisted and distorted perversion of justice - a game where the only winning move was not to play.\"  \"There must be a return to proportionality of punishment with respect to actual harm caused,\" it reads, also mentioning recent arrests of Anonymous associates by the FBI.  In their statement, the hackers say they targeted the homepage of the Federal Sentencing Commission for \"symbolic\" reasons.  The group claimed that if their demands were not met they would release a trove of embarrassing internal Justice Department documents to media outlets. Anonymous named the files after Supreme Court justices and provided hyperlinks to them from the defaced page.  As of press time the commission's site had been taken offline but an earlier attempt by CNN to follow the files' links yielded dead-ends, mostly offline sites.  The file names use an \".aes256? suffix, denoting a common encryption protocol. The same system was used to encrypt the Wikileaks Afghan war documents before their release.",
  "timeline": {
    "containment": {
      "unit": "Hours"
    },
    "discovery": {
      "unit": "Hours"
    },
    "incident": {
      "day": 26,
      "month": 1,
      "year": 2013
    }
  },
  "victim": {
    "country": [
      "US"
    ],
    "employee_count": "Small",
    "industry": "922130",
    "locations_affected": 1,
    "region": [
      "021000",
      "019021"
    ],
    "state": "NE",
    "victim_id": "Federal Sentencing Commission"
  }
}