{
  "action": {
    "physical": {
      "variety": [
        "Theft"
      ],
      "vector": [
        "Other"
      ]
    }
  },
  "actor": {
    "external": {
      "country": [
        "Unknown"
      ],
      "motive": [
        "Financial"
      ],
      "region": [
        "000000"
      ],
      "variety": [
        "Unknown"
      ]
    }
  },
  "asset": {
    "assets": [
      {
        "variety": "U - Laptop"
      },
      {
        "variety": "U - Desktop or laptop"
      }
    ],
    "cloud": [
      "Unknown"
    ]
  },
  "attribute": {
    "availability": {
      "variety": [
        "Loss"
      ]
    },
    "confidentiality": {
      "data": [
        {
          "variety": "Bank"
        },
        {
          "amount": 28209,
          "variety": "Medical"
        },
        {
          "variety": "Payment"
        }
      ],
      "data_disclosure": "Potentially",
      "data_total": 28209,
      "data_victim": [
        "Patient"
      ],
      "state": [
        "Stored unencrypted"
      ]
    }
  },
  "discovery_method": {
    "internal": {
      "variety": [
        "Reported by employee"
      ]
    }
  },
  "impact": {
    "overall_rating": "Unknown"
  },
  "incident_id": "371E7E46-A9D9-4447-8153-BC26FCA4CDA6",
  "plus": {
    "analysis_status": "Finalized",
    "analyst": "swidup",
    "attribute": {
      "confidentiality": {
        "credit_monitoring": "Unknown"
      }
    },
    "created": "2016-07-12T04:11:00Z",
    "dbir_year": 2017,
    "github": "7031",
    "master_id": "0BD87E37-138C-488D-BAFF-6A0147FBC649",
    "modified": "2016-07-12T04:18:00Z",
    "sub_source": "phidbr",
    "timeline": {
      "notification": {
        "day": 15,
        "month": 1,
        "year": 2016
      }
    }
  },
  "reference": "https://www.newwestmedicare.com/securityupdate; http://mtpr.org/post/data-breach-affects-25000-new-west-health-services-customers; http://www.ktvq.com/story/30987985/health-service-company-warns-of-data-breach",
  "schema_version": "1.3.4",
  "security_incident": "Confirmed",
  "source_id": "vcdb",
  "summary": "New West Health Services d/b/a New West Medicare has unfortunately learned of an incident involving a company laptop computer that was stolen from an off-site location. The computer contained electronic files with personal information from past and present New West customers. The computer was password protected, and there is no evidence to suggest that the information stored on the laptop was the target of the theft or that any customer information has been accessed or misused.  Once we learned of the theft, New West took immediate action including initiating an internal investigation and notifying law enforcement. We also retained Navigant, a leading national computer forensic firm, to assist us in our investigation.  Based on the forensic investigation, New West believes that the laptop contained customers' names, addresses and, in certain instances, driver's license numbers and Social Security numbers or Medicare claim numbers. The laptop may have also contained limited information related to some individuals' payment of Medicare premiums, including electronic funds transfer information (bank account number, account holder name, account type and bank routing number) or credit card information (card holder name, credit card account number, expiration date and CVV (\"Card Verification Value\") number). Additionally, the laptop may have contained some customers' health information, including dates of birth, medical history and condition, diagnosis and/or prescription information.",
  "timeline": {
    "incident": {
      "month": 12,
      "year": 2015
    }
  },
  "victim": {
    "country": [
      "US"
    ],
    "employee_count": "Unknown",
    "industry": "621111",
    "region": [
      "019021"
    ],
    "state": "MT",
    "victim_id": "New West Health Services"
  }
}