{
  "action": {
    "hacking": {
      "notes": "Hackers accessed a Board of Elections database through the state's online voter registration system",
      "variety": [
        "Unknown"
      ],
      "vector": [
        "Web application"
      ]
    }
  },
  "actor": {
    "external": {
      "country": [
        "Unknown"
      ],
      "motive": [
        "Unknown"
      ],
      "region": [
        "000000"
      ],
      "variety": [
        "Unknown"
      ]
    }
  },
  "asset": {
    "assets": [
      {
        "variety": "S - Web application"
      },
      {
        "variety": "S - Database"
      }
    ],
    "cloud": [
      "Unknown"
    ],
    "notes": "Following enumerations present before veris 1.3.3 removed: asset.governance.Unknown."
  },
  "attribute": {
    "confidentiality": {
      "data": [
        {
          "amount": 200000,
          "variety": "Personal"
        }
      ],
      "data_disclosure": "Yes",
      "data_total": 200000,
      "data_victim": [
        "Other"
      ],
      "state": [
        "Stored"
      ]
    }
  },
  "discovery_method": {
    "external": {
      "variety": [
        "Law enforcement"
      ]
    }
  },
  "impact": {
    "overall_rating": "Unknown"
  },
  "incident_id": "60E2DA37-A245-4FF4-A738-80C6004296F6",
  "plus": {
    "analysis_status": "Finalized",
    "analyst": "anastasia",
    "attribute": {
      "confidentiality": {
        "credit_monitoring": "Unknown"
      }
    },
    "created": "2017-01-27T22:51:00Z",
    "dbir_year": 2017,
    "github": "8360",
    "master_id": "0BFC8E40-59A8-454A-8CBC-DBEA12AFE1C2",
    "modified": "2017-01-28T01:09:00Z",
    "sub_source": "priority",
    "timeline": {
      "notification": {
        "month": 7,
        "year": 2016
      }
    }
  },
  "reference": "http://foxillinois.com/news/local/200000-illinois-voters-personal-information-compromised",
  "schema_version": "1.3.4",
  "security_incident": "Confirmed",
  "source_id": "vcdb",
  "summary": "200,000 Illinois Voters' Personal Information Compromised - Hackers accessed a Board of Elections database through the state's online voter registration system back in June. The breach was discovered and stopped a month later.",
  "timeline": {
    "containment": {
      "unit": "Days"
    },
    "discovery": {
      "unit": "Months",
      "value": 1.0
    },
    "incident": {
      "month": 6,
      "year": 2016
    }
  },
  "victim": {
    "country": [
      "US"
    ],
    "employee_count": "Unknown",
    "industry": "921190",
    "locations_affected": 1,
    "region": [
      "019021"
    ],
    "state": "IL",
    "victim_id": "Illinois Board of Elections"
  }
}