{
  "action": {
    "physical": {
      "variety": [
        "Theft",
        "Disabled controls"
      ],
      "vector": [
        "Personal vehicle"
      ]
    }
  },
  "actor": {
    "external": {
      "country": [
        "Unknown"
      ],
      "motive": [
        "Financial"
      ],
      "region": [
        "000000"
      ],
      "variety": [
        "Unknown"
      ]
    }
  },
  "asset": {
    "assets": [
      {
        "variety": "U - Laptop"
      },
      {
        "variety": "U - Desktop or laptop"
      }
    ],
    "cloud": [
      "Unknown"
    ]
  },
  "attribute": {
    "availability": {
      "variety": [
        "Loss"
      ]
    },
    "confidentiality": {
      "data": [
        {
          "amount": 826,
          "variety": "Medical"
        }
      ],
      "data_disclosure": "Potentially",
      "data_total": 826,
      "data_victim": [
        "Patient"
      ],
      "state": [
        "Stored unencrypted"
      ]
    }
  },
  "discovery_method": {
    "internal": {
      "variety": [
        "Reported by employee"
      ]
    }
  },
  "impact": {
    "overall_rating": "Unknown"
  },
  "incident_id": "0C3AA142-B5E2-4E95-A7FA-420DF39E366E",
  "plus": {
    "analysis_status": "First pass",
    "analyst": "swidup",
    "attribute": {
      "confidentiality": {
        "credit_monitoring": "Unknown"
      }
    },
    "created": "2014-03-16T07:13:00Z",
    "github": "1753",
    "master_id": "0C3AA142-B5E2-4E95-A7FA-420DF39E366E",
    "modified": "2014-03-16T07:13:00Z",
    "timeline": {
      "notification": {
        "day": 10,
        "month": 3,
        "year": 2014
      }
    }
  },
  "reference": "http://www.ajc.com/news/news/breaking-news/laptop-patient-information-stolen-emory-clinic/nd9SQ/",
  "schema_version": "1.3.4",
  "security_incident": "Confirmed",
  "source_id": "vcdb",
  "summary": "A laptop stolen from a vehicle at an Emory Healthcare clinic contained limited information for 826 patients, the university said Monday.  On Feb. 7, a car belonging to an employee of the Emory Dialysis Clinic was one of several broken into, according to Vince Dollard, spokesman for the university's health services. An employee of Health Systems Management, which operates the clinic, reported that his work laptop was stolen, Dollard said.  The computer had a one-word password and was not encrypted, Emory said.  Although patient information was on the laptop, the information was very limited, the university said in an emailed statement.  \"There were no patient Social Security numbers, addresses, dates of birth, financial credit card information, diagnosis or physician names in the laptop,\" Emory said.  Information on the laptop includes last names and first names for about half of the 826 patients, and the first initial for the remaining patients. The patients' dates of service and graphs of blood flow tests were also stored on the computer, the university said.  \"HSM has instituted process changes to protect against a similar event occurring in the future,\" the university said. \"Medical information stored on HSM laptops is required to be encrypted, as well as password-protected.\"  All of the patients whose information was on the laptop were notified by mail, Dollard said.",
  "timeline": {
    "incident": {
      "day": 7,
      "month": 2,
      "year": 2014
    }
  },
  "victim": {
    "country": [
      "US"
    ],
    "employee_count": "1001 to 10000",
    "industry": "622110",
    "region": [
      "019021"
    ],
    "state": "GA",
    "victim_id": "Emory HealthCare"
  }
}