{
  "action": {
    "misuse": {
      "variety": [
        "Unapproved hardware",
        "Privilege abuse"
      ],
      "vector": [
        "LAN access",
        "Physical access"
      ]
    }
  },
  "actor": {
    "internal": {
      "motive": [
        "Financial"
      ],
      "notes": "Rene L. Rebollo Jr.",
      "variety": [
        "Finance"
      ]
    }
  },
  "asset": {
    "assets": [
      {
        "variety": "U - Desktop"
      },
      {
        "variety": "M - Flash drive"
      },
      {
        "variety": "U - Desktop or laptop"
      }
    ],
    "cloud": [
      "Unknown"
    ],
    "notes": "pleading guilty to downloading millions of borrower files on thumb drives and selling the information to other loan officers.Following enumerations present before veris 1.3.3 removed: asset.governance.Personally owned."
  },
  "attribute": {
    "confidentiality": {
      "data": [
        {
          "amount": 2500000,
          "variety": "Personal"
        }
      ],
      "data_disclosure": "Yes",
      "data_total": 2500000,
      "data_victim": [
        "Customer"
      ],
      "state": [
        "Stored unencrypted"
      ]
    }
  },
  "discovery_method": {
    "unknown": true
  },
  "impact": {
    "overall_rating": "Unknown"
  },
  "incident_id": "0C4C2923-7E1A-46DB-8DAC-AEB54A4A3018",
  "plus": {
    "analysis_status": "First pass",
    "analyst": "blackfist",
    "attribute": {
      "confidentiality": {
        "credit_monitoring": "Yes",
        "data_abuse": "Yes"
      }
    },
    "created": "2014-02-07T20:17:27Z",
    "github": "1553",
    "master_id": "0C4C2923-7E1A-46DB-8DAC-AEB54A4A3018",
    "modified": "2014-05-10T00:58:18Z",
    "sub_source": "priority",
    "timeline": {
      "notification": {
        "month": 8,
        "year": 2008
      }
    }
  },
  "reference": "http://articles.latimes.com/2008/aug/02/business/fi-arrest2 (20140207);http://latimesblogs.latimes.com/money_co/2011/09/man-convicted-in-huge-countrywide-data-theft-gets-8-months-in-prison.html (20140207)",
  "schema_version": "1.3.4",
  "security_incident": "Confirmed",
  "source_id": "vcdb",
  "summary": "Insider misuses access to customer database and sells customer information for personal financial gain.",
  "timeline": {
    "discovery": {
      "unit": "Years",
      "value": 2
    },
    "incident": {
      "year": 2006
    }
  },
  "victim": {
    "country": [
      "US"
    ],
    "employee_count": "1001 to 10000",
    "industry": "522292",
    "region": [
      "019021"
    ],
    "state": "CA",
    "victim_id": "COUNTRYWIDE HOME LOANS, INC."
  }
}