{
  "action": {
    "misuse": {
      "variety": [
        "Privilege abuse"
      ],
      "vector": [
        "LAN access"
      ]
    }
  },
  "actor": {
    "internal": {
      "motive": [
        "Fun"
      ],
      "variety": [
        "Unknown"
      ]
    }
  },
  "asset": {
    "assets": [
      {
        "variety": "S - Database"
      }
    ],
    "cloud": [
      "Unknown"
    ]
  },
  "attribute": {
    "confidentiality": {
      "data": [
        {
          "amount": 1396,
          "variety": "Medical"
        }
      ],
      "data_disclosure": "Yes",
      "data_total": 1396,
      "data_victim": [
        "Patient"
      ],
      "state": [
        "Unknown"
      ]
    }
  },
  "discovery_method": {
    "unknown": true
  },
  "impact": {
    "overall_rating": "Unknown"
  },
  "incident_id": "0C5CB6A9-535F-4399-A09D-6B764B7699E1",
  "plus": {
    "analysis_status": "First pass",
    "analyst": "jonbagg",
    "attribute": {
      "confidentiality": {
        "credit_monitoring": "Unknown"
      }
    },
    "created": "2013-09-04T17:30:00Z",
    "master_id": "0C5CB6A9-535F-4399-A09D-6B764B7699E1",
    "modified": "2014-05-10T00:58:18Z",
    "timeline": {
      "notification": {
        "day": 14,
        "month": 8,
        "year": 2013
      }
    }
  },
  "reference": "http://www.hancockobgyn.com/",
  "schema_version": "1.3.4",
  "security_incident": "Confirmed",
  "source_id": "vcdb",
  "summary": "Hancock OB/GYN employee accessed 1,396 patient records out of non work-related \"curiosity\".  The unauthorized access took place between November 9, 2011 and June 17, 2013.  Information accessed included: patient's name, date of service, medical record number and information regarding care provided.  The practice sent letters to affected patients.",
  "timeline": {
    "compromise": {
      "unit": "NA"
    },
    "discovery": {
      "unit": "Years"
    },
    "incident": {
      "day": 17,
      "month": 6,
      "year": 2013
    }
  },
  "victim": {
    "country": [
      "US"
    ],
    "employee_count": "101 to 1000",
    "industry": "621111",
    "locations_affected": 3,
    "region": [
      "019021"
    ],
    "state": "IN",
    "victim_id": "Hancock Physician Network"
  }
}