{
  "action": {
    "malware": {
      "cve": "",
      "name": "",
      "variety": [
        "Unknown"
      ],
      "vector": [
        "Email attachment"
      ]
    },
    "social": {
      "notes": "After the malware gained them access, they phoned the accountant posing as the bank.",
      "target": [
        "Finance"
      ],
      "variety": [
        "Baiting",
        "Influence",
        "Phishing"
      ],
      "vector": [
        "Phone"
      ]
    }
  },
  "actor": {
    "external": {
      "country": [
        "Unknown"
      ],
      "motive": [
        "Financial"
      ],
      "region": [
        "000000"
      ],
      "variety": [
        "Unknown"
      ]
    },
    "internal": {
      "motive": [
        "NA"
      ],
      "variety": [
        "End-user"
      ]
    }
  },
  "asset": {
    "assets": [
      {
        "variety": "U - Desktop"
      },
      {
        "variety": "P - Finance"
      },
      {
        "variety": "U - Desktop or laptop"
      }
    ],
    "cloud": [
      "Unknown"
    ]
  },
  "attribute": {
    "confidentiality": {
      "data": [
        {
          "variety": "Credentials"
        },
        {
          "variety": "Bank"
        }
      ],
      "data_disclosure": "Yes",
      "data_victim": [
        "Other"
      ],
      "state": [
        "Transmitted"
      ]
    },
    "integrity": {
      "notes": "Were able to have the accountant login with two factor authentication on their fake site.  They then used that to drain the account -- \"large six figure sum\" taken.",
      "variety": [
        "Alter behavior",
        "Fraudulent transaction",
        "Software installation"
      ]
    }
  },
  "discovery_method": {
    "other": true
  },
  "impact": {
    "overall_rating": "Unknown"
  },
  "incident_id": "0C5DE044-B9B4-408D-9E65-D367EED12AB2",
  "notes": "This case involved malware and social engineering to get around two factor authentication.",
  "plus": {
    "analysis_status": "First pass",
    "analyst": "swidup",
    "asset": {
      "total": "No"
    },
    "attribute": {
      "confidentiality": {
        "credit_monitoring": "Unknown",
        "data_abuse": "Yes"
      }
    },
    "created": "2013-02-22T03:45:51Z",
    "master_id": "0C5DE044-B9B4-408D-9E65-D367EED12AB2",
    "modified": "2014-05-10T00:58:18Z",
    "timeline": {
      "notification": {
        "day": 7,
        "month": 1,
        "year": 2013
      }
    }
  },
  "reference": "http://www.lawtimesnews.com/201301079535/Headline-News/Law-firms-trust-account-hacked-large-six-figure-taken ",
  "schema_version": "1.3.4",
  "security_incident": "Confirmed",
  "source_id": "vcdb",
  "summary": "In a scam never seen before in Ontario, a Toronto-area law firm lost \u201ca large six figure\u201d over the holidays after a virus gave hackers backdoor access to its bookkeeper\u2019s computer. The virus copied bank account passwords as she typed them.  The virus \u201ctricked the [bookkeeper] into giving the trust account\u2019s password to the fraudsters, allowing them essentially full access to the trust account, including the ability to go in, monitor it, and wire money to foreign countries shortly after deposits were made,\u201d Pinnington adds.  Pinnington believes the hacking took place after the bookkeeper clicked on a link, opened an e-mail attachment or downloaded something as mundane as a screen saver from the Internet.  The built-in program, in this case, was the Trojan banker virus. It has an ability to mimic a bank\u2019s web site and when a user types in a password, the program logs the keys and sends a transcript to the hackers in real time. An e-mail pretending to be from the bank may have provided the bookkeeper a link that launched into a spoof web site prompting her to log in, says Pinnington. But she couldn\u2019t successfully gain access using her primary password. Another window, also designed to look like the bank\u2019s web site, then asked her for her name and telephone number.",
  "timeline": {
    "incident": {
      "day": 1,
      "month": 12,
      "year": 2012
    }
  },
  "victim": {
    "country": [
      "CA"
    ],
    "employee_count": "Unknown",
    "industry": "541110",
    "region": [
      "019021"
    ],
    "victim_id": "Unknown"
  }
}