{
  "action": {
    "error": {
      "variety": [
        "Misdelivery"
      ],
      "vector": [
        "Carelessness"
      ]
    }
  },
  "actor": {
    "internal": {
      "motive": [
        "NA"
      ],
      "variety": [
        "Unknown"
      ]
    }
  },
  "asset": {
    "assets": [
      {
        "variety": "M - Documents"
      }
    ],
    "cloud": [
      "Unknown"
    ]
  },
  "attribute": {
    "confidentiality": {
      "data": [
        {
          "variety": "Unknown"
        }
      ],
      "data_disclosure": "Yes",
      "data_total": 1
    }
  },
  "discovery_method": {
    "unknown": true
  },
  "incident_id": "B3D3C900-3126-4095-A19F-D252504ED447",
  "plus": {
    "analyst": "swid/Hyl",
    "created": "2016-02-10T07:07:18Z",
    "dbir_year": 2016,
    "master_id": "0C65326A-3E71-4F11-9914-25DEE6615039",
    "modified": "2016-02-10T07:07:18Z"
  },
  "reference": "http://vcdb.org/pdf/va-security-aug-2015.pdf",
  "schema_version": "1.3.4",
  "security_incident": "Confirmed",
  "source_id": "vcdb",
  "summary": "A letter received by Veteran A contained Veteran B's name, address, and SSN which Veteran A provided to his Veteran Service Officer (VSO), who then returned it to VA.",
  "timeline": {
    "incident": {
      "day": 18,
      "month": 8,
      "year": 2015
    }
  },
  "victim": {
    "country": [
      "US"
    ],
    "employee_count": "Over 100000",
    "industry": "923140",
    "region": [
      "019021"
    ],
    "state": "IN",
    "victim_id": "United States Department of Veterans Affairs"
  }
}