{
  "action": {
    "hacking": {
      "variety": [
        "Unknown"
      ],
      "vector": [
        "Web application"
      ]
    }
  },
  "actor": {
    "external": {
      "country": [
        "Unknown"
      ],
      "motive": [
        "Financial"
      ],
      "region": [
        "000000"
      ],
      "variety": [
        "Unknown"
      ]
    }
  },
  "asset": {
    "assets": [
      {
        "variety": "S - Web application"
      }
    ],
    "cloud": [
      "Unknown"
    ],
    "notes": "Following enumerations present before veris 1.3.3 removed: asset.governance.Personally owned."
  },
  "attribute": {
    "confidentiality": {
      "data": [
        {
          "amount": 4000,
          "variety": "Bank"
        }
      ],
      "data_disclosure": "Yes",
      "data_total": 4000,
      "data_victim": [
        "Customer"
      ],
      "state": [
        "Stored"
      ]
    },
    "integrity": {
      "variety": [
        "Fraudulent transaction"
      ]
    }
  },
  "discovery_method": {
    "unknown": true
  },
  "impact": {
    "overall_rating": "Unknown"
  },
  "incident_id": "0C87E58D-AF2E-4299-AB0D-8DBFA2EF280E",
  "plus": {
    "analysis_status": "First pass",
    "analyst": "blackfist",
    "attribute": {
      "confidentiality": {
        "credit_monitoring": "Unknown",
        "data_abuse": "Yes"
      }
    },
    "created": "2013-11-15T15:45:00Z",
    "github": "835",
    "master_id": "0C87E58D-AF2E-4299-AB0D-8DBFA2EF280E",
    "modified": "2014-05-10T00:58:18Z",
    "timeline": {
      "notification": {
        "day": 13,
        "month": 11,
        "year": 2013
      }
    }
  },
  "reference": "http://thehackernews.com/2013/11/bitcashcz-bitcoin-exchange-hacked-money.html (20131115);http://www.coindesk.com/czech-bitcoin-exchange-bitcash-cz-hacked-4000-user-wallets-emptied/ (20131115)",
  "schema_version": "1.3.4",
  "security_incident": "Confirmed",
  "source_id": "vcdb",
  "summary": "Czech Republic-based bitcoin exchange Bitcash.cz has been hacked and up to 4,000 customers wallets have been emptied.",
  "timeline": {
    "incident": {
      "day": 11,
      "month": 11,
      "year": 2013
    }
  },
  "victim": {
    "country": [
      "CZ"
    ],
    "employee_count": "Unknown",
    "industry": "523210",
    "region": [
      "150151"
    ],
    "victim_id": "bitcash.bz"
  }
}