{
  "action": {
    "error": {
      "variety": [
        "Misdelivery"
      ],
      "vector": [
        "Unknown"
      ]
    }
  },
  "actor": {
    "internal": {
      "motive": [
        "NA"
      ],
      "variety": [
        "Unknown"
      ]
    }
  },
  "asset": {
    "assets": [
      {
        "variety": "M - Documents"
      }
    ],
    "cloud": [
      "Unknown"
    ]
  },
  "attribute": {
    "confidentiality": {
      "data": [
        {
          "amount": 200,
          "variety": "Bank"
        }
      ],
      "data_disclosure": "Yes",
      "data_total": 200,
      "data_victim": [
        "Customer"
      ],
      "state": [
        "Stored encrypted"
      ]
    }
  },
  "discovery_method": {
    "unknown": true
  },
  "impact": {
    "overall_rating": "Unknown"
  },
  "incident_id": "0C987EFE-031E-4880-BC6C-BB053877835B",
  "plus": {
    "analysis_status": "First pass",
    "analyst": "swidup",
    "attribute": {
      "confidentiality": {
        "credit_monitoring": "Yes",
        "credit_monitoring_years": 1
      }
    },
    "created": "2014-03-16T06:14:00Z",
    "github": "1758",
    "master_id": "0C987EFE-031E-4880-BC6C-BB053877835B",
    "modified": "2014-03-16T06:14:00Z",
    "timeline": {
      "notification": {
        "day": 7,
        "month": 3,
        "year": 2014
      }
    }
  },
  "reference": "http://abclocal.go.com/wls/story?section=news/local/wisconsin&id=9458157",
  "schema_version": "1.3.4",
  "security_incident": "Confirmed",
  "source_id": "vcdb",
  "summary": " Anchor Bank is offering an apology to nearly 200 customers who were sent the wrong mortgage statements.  Janesville railroad engineer Joe Martin says he received a March statement that should have been sent to a Madison couple. Martin tells WISC-TV that he's concerned his statement ended up in the wrong hands.  Anchor Bank spokeswoman Jennifer Ranville says a mailroom malfunction is to blame for the problem. The statements included loan information, but did not include checking, saving or Social Security numbers. The Madison bank is offering one year of fraud protection to those affected. ",
  "timeline": {
    "incident": {
      "year": 2014
    }
  },
  "victim": {
    "country": [
      "US"
    ],
    "employee_count": "101 to 1000",
    "industry": "522120",
    "region": [
      "019021"
    ],
    "state": "WI",
    "victim_id": "Anchor BanCorp Wisconsin Inc"
  }
}