{
  "action": {
    "social": {
      "result": [
        "Infiltrate",
        "Exfiltrate"
      ],
      "target": [
        "Unknown"
      ],
      "variety": [
        "Phishing"
      ],
      "vector": [
        "Email"
      ]
    }
  },
  "actor": {
    "external": {
      "country": [
        "Unknown"
      ],
      "motive": [
        "Financial"
      ],
      "region": [
        "000000"
      ],
      "variety": [
        "Unaffiliated"
      ]
    }
  },
  "asset": {
    "assets": [
      {
        "amount": 1,
        "variety": "S - Mail"
      },
      {
        "amount": 24,
        "variety": "P - Unknown"
      },
      {
        "amount": 24,
        "variety": "U - Laptop"
      },
      {
        "variety": "U - Desktop or laptop"
      }
    ],
    "cloud": [
      "Unknown"
    ],
    "country": [
      "Unknown"
    ],
    "total_amount": 25
  },
  "attribute": {
    "confidentiality": {
      "data": [
        {
          "amount": 24,
          "variety": "Credentials"
        },
        {
          "amount": 417000,
          "variety": "Medical"
        }
      ],
      "data_disclosure": "Yes",
      "data_total": 417024,
      "data_victim": [
        "Employee",
        "Patient",
        "Student"
      ],
      "state": [
        "Stored"
      ]
    },
    "integrity": {
      "variety": [
        "Alter behavior"
      ]
    }
  },
  "confidence": "High",
  "discovery_method": {
    "external": {
      "variety": [
        "Law enforcement"
      ]
    }
  },
  "discovery_notes": "Engel said, though, that the university didn\u2019t confirm that data had been breached or learn about its apparent scope until external investigators notified officials July 31, 2018.",
  "incident_id": "000ab490-a4a9-11e8-b571-7db57cad93dd",
  "plus": {
    "analysis_status": "Validated",
    "analyst": "swidup",
    "attribute": {
      "confidentiality": {
        "credit_monitoring": "Yes",
        "credit_monitoring_years": 1
      }
    },
    "created": "2018-08-21T01:55:10.889Z",
    "dbir_year": 2019,
    "event_chain": [
      {
        "action": "soc",
        "actor": "ext",
        "asset": "usr",
        "attribute": "ia",
        "summary": "Phishing email sent to 24 staff members who fell for it."
      }
    ],
    "github": "12020",
    "master_id": "0ca4114e-88ee-4e43-a011-9db5d3d553a9",
    "modified": "2018-08-21T01:55:10.889Z",
    "sub_source": "priority",
    "timeline": {
      "notification": {
        "day": 16,
        "month": 8,
        "year": 2018
      }
    }
  },
  "reference": "https://www.ajc.com/news/state--regional/university-breach-risks-health-personal-information-417-000/nPuUSV8qqvQXTQjY0ML8wN/; http://www.augustachronicle.com/news/20180816/personal-health-information-compromised-in-cybersecurity-incidents-at-augusta-university",
  "schema_version": "1.3.4",
  "security_incident": "Confirmed",
  "source_id": "vcdb",
  "summary": "A breach of email accounts at Augusta University Health may have exposed sensitive health and personal information of about 417,000 people, including patients around Georgia, the university reported Thursday.  Those at risk are primarily patients of Augusta University Health, including Augusta University Medical Center (which is the teaching hospital for the Medical College of Georgia), Children\u2019s Hospital of Georgia and more than 80 outpatient clinics around the state, according to the university.  It is unclear how many of those potential victims are from metro Atlanta  Faculty members and \u201ca small number\u201d of students at Augusta University were also among those who may be affected, according to the university.  Exposed information may have included patient names, addresses, diagnoses, medications, lab results, dates of birth, treatment information, medical record numbers, medical information, surgical information, dates of service and insurance information.  Social Security numbers and driver\u2019s license numbers may also have been included \u201cfor a small percentage of individuals,\u201d the university stated in a press release. It added that \u201cno misuse of information has been reported at this time.\u201d  \u201cWe take the protection of private information seriously, and we apologize to every person affected by this incident,\u201d Augusta University President Brooks Keel said in the release. \u201cWe are quickly working to implement several planned information security enhancements and will continue to look for ways to safeguard patient and personal privacy.\u201d  On September 11 of last year the university discovered an \u201cintrusion\u201d that occurred that day and the day before, according to university spokeswoman Christen Engel.   \u201cWe worked to stop the intrusion the very same day: disabling the impacted email accounts, requiring password changes for the compromised accounts and maintaining heightened monitoring of the accounts to ensure that no other suspicious activity was taking place,\u201d she wrote in an email.  Engel said, though, that the university didn\u2019t confirm that data had been breached or learn about its apparent scope until external investigators notified officials July 31, 2018.  The breach involved a phishing attack by an unauthorized user involving the email accounts of 24 university faculty and administrative personnel, Engel said. Investigators sifted through 364,000 emails and attachments, some of which may have been years old.  The university also reported Thursday that it is investigating another, apparently smaller, phishing attack that occurred July 11, 2018.   As for the first attack, \u201cAugusta University is in the process of notifying identifiable individuals whose information may have been compromised and regulatory agencies.  \u201cIndividuals whose Social Security number may have been contained in the compromised information will be offered free credit monitoring services for one year,\u201d the university stated. \u201cAugusta University encouraged notified individuals to remain vigilant in reviewing account statements for fraudulent or irregular activity on a regular basis, including a review of any explanation of benefits statements.\u201d  Engel said letters to people affected will be sent in about a week.  The university is directing individuals with questions to call 1-877-327-1090 toll free, available weekdays between 9 a.m. and 9 p.m., or visit augusta.edu/notice.  Augusta University medical emails have been put at risk in other past phishing attacks, including one in 2016 and another in April of 2017.   Data may have been exposed on about 4,700 people in the 2016 incident and another 5,600 patients in the April, 2017 event, Engel said.  The university said it disabled the email accounts and required password changes, among other steps. In the April incident the emails contained sensitive information on patients, including in some cases financial information, prescription information, diagnosis and treatment information.  External investigators \u201ccould not definitively conclude\u201d if that information was accessed or viewed, according to a university statement last year.   At the time, the university and medical center said they were \u201ccommitted to maintaining the privacy of patient information and to continually evaluating and modifying practices to enhance appropriate security and privacy measures, including ongoing cybersecurity awareness of their workforce.\u201d  Emory Roane of the Privacy Rights Clearinghouse said four possibly successful phishing attacks at one university in the course of two or three years \u201cis concerning.\u201d  But he said he doesn\u2019t know whether the university has dropped the ball in its cyber efforts.   \u201cHealth and education are both huge targets for phishing attacks and target rich environments for data breaches,\u201d he said.   Cybersecurity attacks have hammered many businesses and government organizations around the nation. One of the biggest attacks involved Atlanta-based data giant Equifax, where a breach last year may have compromised personal information on more than 147 million Americans.  Such incidents helped highlight the potential importance of the state\u2019s recently opened $100-million Georgia Cyber Center in Augusta. The facility was designed to be used primarily in the training of cybersecurity experts for government and private industry.  One of the main partners involved in providing training at the new center? Augusta University.",
  "targeted": "Unknown",
  "timeline": {
    "discovery": {
      "unit": "Months",
      "value": 10
    },
    "incident": {
      "day": 10,
      "month": 9,
      "year": 2017
    }
  },
  "victim": {
    "country": [
      "US"
    ],
    "employee_count": "1001 to 10000",
    "industry": "611310",
    "region": [
      "019021"
    ],
    "state": "GA",
    "victim_id": "Augusta University"
  }
}