{
  "action": {
    "error": {
      "variety": [
        "Publishing error"
      ],
      "vector": [
        "Carelessness"
      ]
    }
  },
  "actor": {
    "internal": {
      "motive": [
        "NA"
      ],
      "variety": [
        "Unknown"
      ]
    }
  },
  "asset": {
    "assets": [
      {
        "amount": 1,
        "variety": "S - Web application"
      }
    ],
    "cloud": [
      "Unknown"
    ],
    "total_amount": 1
  },
  "attribute": {
    "confidentiality": {
      "data": [
        {
          "variety": "Medical"
        }
      ],
      "data_disclosure": "Yes",
      "data_victim": [
        "Customer"
      ],
      "state": [
        "Stored"
      ]
    }
  },
  "confidence": "High",
  "discovery_method": {
    "external": {
      "variety": [
        "Unrelated 3rd party"
      ]
    }
  },
  "incident_id": "57a4cc00-e356-11e7-bf7a-0771e1cc9602",
  "plus": {
    "analysis_status": "Validated",
    "analyst": "swidup",
    "created": "2017-12-18T02:20:17.230Z",
    "dbir_year": 2018,
    "github": "9500",
    "master_id": "0ca9aa7e-b0b7-4161-9fb4-974b6b534312",
    "modified": "2017-12-18T02:20:17.230Z",
    "sub_source": "phidbr"
  },
  "reference": "http://www.thehackersamachar.com/2017/04/serious-security-breach-at.html",
  "schema_version": "1.3.4",
  "security_incident": "Confirmed",
  "source_id": "vcdb",
  "summary": "Publishing error exposes data on vulnerable adults.",
  "targeted": "NA",
  "timeline": {
    "containment": {
      "unit": "Weeks",
      "value": 3
    },
    "incident": {
      "month": 4,
      "year": 2017
    }
  },
  "victim": {
    "country": [
      "GB"
    ],
    "employee_count": "Unknown",
    "industry": "921",
    "region": [
      "150154"
    ],
    "victim_id": "Gloucestershire County Council "
  }
}