{
  "action": {
    "error": {
      "variety": [
        "Misdelivery"
      ],
      "vector": [
        "Unknown"
      ]
    }
  },
  "actor": {
    "internal": {
      "motive": [
        "NA"
      ],
      "variety": [
        "Unknown"
      ]
    }
  },
  "asset": {
    "assets": [
      {
        "variety": "U - Desktop"
      },
      {
        "variety": "U - Desktop or laptop"
      }
    ],
    "cloud": [
      "Unknown"
    ]
  },
  "attribute": {
    "confidentiality": {
      "data": [
        {
          "amount": 1067,
          "variety": "Medical"
        }
      ],
      "data_disclosure": "Yes",
      "data_total": 1067,
      "data_victim": [
        "Patient"
      ],
      "state": [
        "Unknown"
      ]
    }
  },
  "discovery_method": {
    "unknown": true
  },
  "impact": {
    "overall_rating": "Unknown"
  },
  "incident_id": "0CBF8E6C-CB74-42DD-838D-C52E420556F2",
  "plus": {
    "analysis_status": "First pass",
    "analyst": "swidup",
    "attribute": {
      "confidentiality": {
        "credit_monitoring": "Unknown"
      }
    },
    "created": "2013-11-08T21:21:00Z",
    "master_id": "0CBF8E6C-CB74-42DD-838D-C52E420556F2",
    "modified": "2014-05-10T00:58:18Z",
    "timeline": {
      "notification": {
        "day": 29,
        "month": 10,
        "year": 2013
      }
    }
  },
  "reference": "http://www.hhs.gov/ocr/privacy/hipaa/administrative/breachnotificationrule/breachtool.html",
  "schema_version": "1.3.4",
  "security_incident": "Confirmed",
  "source_id": "vcdb",
  "summary": "BriovaRx reports unauthorized access/disclosure of 1,067 patient records via email.",
  "timeline": {
    "incident": {
      "day": 3,
      "month": 7,
      "year": 2013
    }
  },
  "victim": {
    "country": [
      "US"
    ],
    "employee_count": "1 to 10",
    "industry": "423450",
    "region": [
      "019021"
    ],
    "state": "IL",
    "victim_id": "BriovaRx"
  }
}