{
  "action": {
    "physical": {
      "variety": [
        "Theft"
      ],
      "vector": [
        "Unknown"
      ]
    }
  },
  "actor": {
    "external": {
      "country": [
        "Unknown"
      ],
      "motive": [
        "Financial"
      ],
      "region": [
        "000000"
      ],
      "variety": [
        "Unknown"
      ]
    }
  },
  "asset": {
    "assets": [
      {
        "variety": "U - Laptop"
      },
      {
        "variety": "U - Desktop or laptop"
      }
    ],
    "cloud": [
      "Unknown"
    ]
  },
  "attribute": {
    "availability": {
      "variety": [
        "Loss"
      ]
    },
    "confidentiality": {
      "data": [
        {
          "variety": "Personal"
        },
        {
          "variety": "Medical"
        }
      ],
      "data_disclosure": "Potentially",
      "data_total": 13806
    }
  },
  "discovery_method": {
    "unknown": true
  },
  "incident_id": "0CC4183F-16B4-432B-9FFD-C09368502FC1",
  "plus": {
    "analysis_status": "First pass",
    "created": "2013-09-10T20:13:32Z",
    "master_id": "0CC4183F-16B4-432B-9FFD-C09368502FC1",
    "modified": "2014-04-27T19:37:02Z",
    "timeline": {
      "notification": {
        "day": 3,
        "month": 6,
        "year": 2013
      }
    }
  },
  "reference": "https://www.privacyrights.org/node/56883",
  "schema_version": "1.3.4",
  "security_incident": "Confirmed",
  "source_id": "vcdb",
  "summary": "The theft of the doctor's laptop may have exposed patient information.  The theft occurred sometime between November 6, 2012 and November 15, 2012.  Information related to patient names, dates of birth, addresses, Social Security numbers, diagnose and surgery billing codes, dates of service, and person responsible for the billing was on the laptop.  ",
  "timeline": {
    "incident": {
      "day": 6,
      "month": 11,
      "year": 2012
    }
  },
  "victim": {
    "country": [
      "US"
    ],
    "employee_count": "Unknown",
    "industry": "621",
    "region": [
      "019021"
    ],
    "state": "NY",
    "victim_id": "Office of Dr. Lee D. Pollan, DMD, PC."
  }
}