{
  "action": {
    "physical": {
      "variety": [
        "Skimmer"
      ],
      "vector": [
        "Victim public area"
      ]
    }
  },
  "actor": {
    "external": {
      "country": [
        "Unknown"
      ],
      "motive": [
        "Financial"
      ],
      "region": [
        "000000"
      ],
      "variety": [
        "Unknown"
      ]
    }
  },
  "asset": {
    "assets": [
      {
        "variety": "T - ATM"
      }
    ],
    "cloud": [
      "Unknown"
    ],
    "ownership": [
      "Partner"
    ]
  },
  "attribute": {
    "confidentiality": {
      "data": [
        {
          "variety": "Payment"
        }
      ],
      "data_disclosure": "Yes",
      "data_victim": [
        "Customer"
      ],
      "state": [
        "Transmitted"
      ]
    },
    "integrity": {
      "variety": [
        "Hardware tampering"
      ]
    }
  },
  "discovery_method": {
    "external": {
      "variety": [
        "Law enforcement"
      ]
    }
  },
  "impact": {
    "overall_rating": "Unknown"
  },
  "incident_id": "DC6D7F48-DF4F-4673-AAF9-98995207589B",
  "plus": {
    "analysis_status": "Finalized",
    "analyst": "Robert-Topper",
    "attribute": {
      "confidentiality": {
        "credit_monitoring": "Unknown",
        "data_abuse": "Yes"
      }
    },
    "created": "2016-09-14T15:21:00Z",
    "dbir_year": 2017,
    "github": "7046",
    "master_id": "0CC5D26A-B66D-4729-8AA2-2D29EFD9C74D",
    "modified": "2016-11-11T22:21:00Z",
    "timeline": {
      "notification": {
        "month": 1,
        "year": 2016
      }
    }
  },
  "reference": "http://www.nydailynews.com/new-york/nyc-crime/cops-hunt-2-atm-skimming-gangs-stolen-16-6g-article-1.2501304; http://www.metro.us/new-york/photos-police-seek-two-separate-atm-skimming-duos/zsJpas---rHuaD73W5lrg/",
  "schema_version": "1.3.4",
  "security_incident": "Confirmed",
  "source_id": "vcdb",
  "summary": "ATM Skimmer ",
  "timeline": {
    "incident": {
      "day": 1,
      "month": 12,
      "year": 2015
    }
  },
  "victim": {
    "country": [
      "US"
    ],
    "employee_count": "Small",
    "industry": "722511",
    "region": [
      "019021"
    ],
    "state": "NY",
    "victim_id": "Green Gourmet Deli"
  }
}