{
  "action": {
    "misuse": {
      "variety": [
        "Privilege abuse"
      ],
      "vector": [
        "LAN access"
      ]
    }
  },
  "actor": {
    "internal": {
      "motive": [
        "Unknown",
        "Financial"
      ],
      "variety": [
        "End-user"
      ]
    }
  },
  "asset": {
    "assets": [
      {
        "variety": "S - Database"
      }
    ],
    "cloud": [
      "Unknown"
    ]
  },
  "attribute": {
    "confidentiality": {
      "data": [
        {
          "amount": 643,
          "variety": "Bank"
        }
      ],
      "data_disclosure": "Yes",
      "data_total": 643,
      "data_victim": [
        "Customer"
      ],
      "state": [
        "Stored"
      ]
    }
  },
  "discovery_method": {
    "unknown": true
  },
  "impact": {
    "overall_rating": "Unknown"
  },
  "incident_id": "0CC51554-22AB-4C41-A3A3-AC54DB1527DB",
  "plus": {
    "analysis_status": "First pass",
    "analyst": "swidup",
    "attribute": {
      "confidentiality": {
        "credit_monitoring": "Yes",
        "data_abuse": "Yes"
      }
    },
    "created": "2014-07-11T17:24:00Z",
    "github": "3974",
    "master_id": "0CC51554-22AB-4C41-A3A3-AC54DB1527DB",
    "modified": "2014-07-11T17:24:00Z",
    "timeline": {
      "notification": {
        "day": 18,
        "month": 5,
        "year": 2012
      }
    }
  },
  "reference": "http://www.canlii.org/en/on/onsc/doc/2014/2014onsc2135/2014onsc2135.html; http://www.rubinthomlinson.com/blog/privacy-breach-employee-price-tag-employer/",
  "schema_version": "1.3.4",
  "security_incident": "Confirmed",
  "source_id": "vcdb",
  "summary": "Richard Wilson, an employee of the Bank, has admitted to providing private and confidential information of Bank customers to his girlfriend, who then disseminated the private information to third parties for fraudulent and improper purposes. As a result of the Bank employees conduct, a substantial number of the Banks customers became victims of identity theft and fraud, which has negatively affected their credit rating.  [3]               Wilson was employed by the Bank as a Mortgage Administration Officer, from September 24, 2007, until June 12, 2012. In this position he had access to highly confidential customer information.  [4]               The Bank identified a marked spike in the number of customer files accessed by Wilson commencing on or about July 1, 2011. The Bank has identified 643 Bank customers (the Notice Group) whose files were accessed by Wilson from July 1, 2011, until his computer access was terminated on May 18, 2012.  [5]               In June of 2012, the Bank wrote to the Notice Group and advised them that it was possible that there had been unauthorized access to their private information held by the Bank. The Bank offered them a complimentary subscription to a credit monitoring and identity theft protection service. To date, 138 members of the Notice Group have advised the Bank that they have been the victims of identity theft or fraud in the past year. The Bank has compensated these victims for the pecuniary losses that they have suffered.",
  "timeline": {
    "compromise": {
      "unit": "NA"
    },
    "discovery": {
      "unit": "Years",
      "value": 1
    },
    "exfiltration": {
      "unit": "NA"
    },
    "incident": {
      "day": 1,
      "month": 7,
      "year": 2011
    }
  },
  "victim": {
    "country": [
      "CA"
    ],
    "employee_count": "50001 to 100000",
    "industry": "522110",
    "region": [
      "019021"
    ],
    "victim_id": "Bank of Nova Scotia"
  }
}