{
  "action": {
    "malware": {
      "name": "zeus,cryptolocker",
      "notes": "Based on the advise the victim org gave in the article, it appears that they got their infection through email attachment. ",
      "variety": [
        "Destroy data"
      ],
      "vector": [
        "Email attachment"
      ]
    }
  },
  "actor": {
    "external": {
      "country": [
        "Unknown"
      ],
      "motive": [
        "Financial"
      ],
      "region": [
        "000000"
      ],
      "variety": [
        "Organized crime"
      ]
    }
  },
  "asset": {
    "assets": [
      {
        "variety": "U - Desktop"
      },
      {
        "variety": "U - Desktop or laptop"
      }
    ],
    "cloud": [
      "Unknown"
    ],
    "notes": "Following enumerations present before veris 1.3.3 removed: asset.governance.Personally owned."
  },
  "attribute": {
    "availability": {
      "variety": [
        "Loss"
      ]
    },
    "integrity": {
      "variety": [
        "Software installation",
        "Modify data"
      ]
    }
  },
  "discovery_method": {
    "external": {
      "variety": [
        "Actor disclosure"
      ]
    }
  },
  "impact": {
    "overall_rating": "Unknown"
  },
  "incident_id": "0CE4D1F7-FB16-43CE-8FE8-2D50B6C9C63C",
  "plus": {
    "analysis_status": "First pass",
    "analyst": "blackfist",
    "created": "2014-01-31T19:50:00Z",
    "github": "1457",
    "master_id": "0CE4D1F7-FB16-43CE-8FE8-2D50B6C9C63C",
    "modified": "2014-05-10T19:23:22Z",
    "timeline": {
      "notification": {
        "day": 23,
        "month": 10,
        "year": 2013
      }
    }
  },
  "reference": "http://www.wset.com/story/23770605/warning-crypto-locker-computer-virus-going-around (20140131)",
  "schema_version": "1.3.4",
  "security_incident": "Confirmed",
  "source_id": "vcdb",
  "summary": "A nasty virus called crypto locker is going around, and it can cripple your computer. The virus, also known as ransomware, has caused a lot of damage - including our computers here at ABC 13 Wednesday.",
  "timeline": {
    "incident": {
      "day": 23,
      "month": 10,
      "year": 2013
    }
  },
  "victim": {
    "country": [
      "US"
    ],
    "employee_count": "11 to 100",
    "industry": "515120",
    "region": [
      "019021"
    ],
    "state": "VA",
    "victim_id": "Wset Incorporated"
  }
}