{
  "action": {
    "unknown": {}
  },
  "actor": {
    "external": {
      "country": [
        "Unknown"
      ],
      "motive": [
        "Unknown"
      ],
      "region": [
        "000000"
      ],
      "variety": [
        "Unknown"
      ]
    },
    "unknown": {}
  },
  "asset": {
    "assets": [
      {
        "variety": "Unknown"
      }
    ],
    "cloud": [
      "Unknown"
    ]
  },
  "attribute": {
    "confidentiality": {
      "data": [
        {
          "variety": "Payment"
        },
        {
          "variety": "Personal"
        }
      ],
      "data_disclosure": "Yes",
      "data_total": 850000,
      "state": [
        "Unknown"
      ]
    }
  },
  "discovery_method": {
    "unknown": true
  },
  "impact": {
    "overall_rating": "Unknown"
  },
  "incident_id": "0CF4EE2C-8950-44DF-8896-B961AEA061FF",
  "plus": {
    "analysis_status": "First pass",
    "analyst": "jayjacobs",
    "attribute": {
      "confidentiality": {
        "credit_monitoring": "Unknown"
      }
    },
    "created": "2013-11-05T02:46:00Z",
    "github": "753",
    "master_id": "0CF4EE2C-8950-44DF-8896-B961AEA061FF",
    "modified": "2014-04-27T19:37:02Z",
    "timeline": {
      "notification": {
        "day": 4,
        "month": 11,
        "year": 2013
      }
    }
  },
  "reference": "http://krebsonsecurity.com/2013/11/hackers-take-limo-service-firm-for-a-ride/",
  "schema_version": "1.3.4",
  "security_incident": "Confirmed",
  "source_id": "vcdb",
  "summary": "Unknown everything other than data found on a server with 850k payment cards and personal information.",
  "timeline": {
    "incident": {
      "year": 2013
    }
  },
  "victim": {
    "country": [
      "US"
    ],
    "employee_count": "Unknown",
    "industry": "485320",
    "region": [
      "019021"
    ],
    "state": "MO",
    "victim_id": "CorporateCarOnline.com"
  }
}