{
  "action": {
    "misuse": {
      "variety": [
        "Knowledge abuse"
      ],
      "vector": [
        "Physical access"
      ]
    }
  },
  "actor": {
    "internal": {
      "motive": [
        "Fun"
      ],
      "variety": [
        "Unknown"
      ]
    }
  },
  "asset": {
    "assets": [
      {
        "variety": "P - Customer"
      }
    ],
    "cloud": [
      "Unknown"
    ]
  },
  "attribute": {
    "confidentiality": {
      "data": [
        {
          "variety": "Unknown"
        }
      ],
      "data_disclosure": "Yes",
      "data_total": 1
    }
  },
  "discovery_method": {
    "unknown": true
  },
  "incident_id": "0CFCBABE-4E91-4B9F-9B09-1F1F8E18594B",
  "plus": {
    "analysis_status": "First pass",
    "analyst": "swidup",
    "created": "2014-05-29T20:01:01Z",
    "master_id": "0CFCBABE-4E91-4B9F-9B09-1F1F8E18594B",
    "modified": "2014-07-30T19:07:17Z"
  },
  "reference": "http://vcdb.org/pdf/va-security.pdf",
  "schema_version": "1.3.4",
  "security_incident": "Confirmed",
  "source_id": "vcdb",
  "summary": "VA employee posted on Facebook that he had met one of the original dirty dozen veterans of WW II. The VA employee used the veterans full name in his \nposting.",
  "timeline": {
    "incident": {
      "day": 6,
      "month": 4,
      "year": 2012
    }
  },
  "victim": {
    "country": [
      "US"
    ],
    "employee_count": "Over 100000",
    "industry": "923140",
    "region": [
      "019021"
    ],
    "state": "OK",
    "victim_id": "United States Department of Veterans Affairs"
  }
}