{
  "action": {
    "unknown": {}
  },
  "actor": {
    "external": {
      "country": [
        "Unknown"
      ],
      "motive": [
        "Secondary"
      ],
      "region": [
        "000000"
      ],
      "variety": [
        "Organized crime",
        "Unknown"
      ]
    }
  },
  "asset": {
    "assets": [
      {
        "variety": "S - DNS"
      }
    ],
    "cloud": [
      "Unknown"
    ]
  },
  "attribute": {
    "confidentiality": {
      "data": [
        {
          "variety": "Unknown"
        }
      ],
      "data_disclosure": "Yes",
      "state": [
        "Unknown"
      ]
    },
    "integrity": {
      "variety": [
        "Modify configuration"
      ]
    }
  },
  "discovery_method": {
    "unknown": true
  },
  "impact": {
    "overall_rating": "Unknown"
  },
  "incident_id": "0CFCF762-D997-4A0E-BD59-80D609BE15F5",
  "plus": {
    "analysis_status": "Finalized",
    "analyst": "Spitler",
    "attribute": {
      "confidentiality": {
        "credit_monitoring": "Unknown"
      }
    },
    "created": "2016-02-01T16:41:00Z",
    "dbir_year": 2016,
    "github": "5807",
    "master_id": "0CFCF762-D997-4A0E-BD59-80D609BE15F5",
    "modified": "2016-02-01T16:41:00Z",
    "timeline": {
      "notification": {
        "day": 15,
        "month": 5,
        "year": 2015
      }
    }
  },
  "reference": "http://krebsonsecurity.com/2015/05/st-louis-federal-reserve-suffers-dns-breach/;  http://news.softpedia.com/news/St-Louis-Federal-Reserve-Forces-Password-Reset-Following-DNS-Hijacking-Attack-481602.shtml",
  "schema_version": "1.3.4",
  "security_incident": "Confirmed",
  "source_id": "vcdb",
  "summary": "DNS Hijack led to potential disclosure of credentials",
  "timeline": {
    "incident": {
      "month": 4,
      "year": 2015
    }
  },
  "victim": {
    "country": [
      "US"
    ],
    "employee_count": "Unknown",
    "industry": "518210",
    "region": [
      "019021"
    ],
    "secondary": {
      "amount": 1,
      "notes": "92",
      "victim_id": [
        "St. Louis Federal Reserve"
      ]
    },
    "victim_id": "Unknown"
  }
}