{
  "action": {
    "hacking": {
      "variety": [
        "Unknown"
      ],
      "vector": [
        "Web application"
      ]
    }
  },
  "actor": {
    "external": {
      "country": [
        "Unknown"
      ],
      "motive": [
        "Financial"
      ],
      "region": [
        "000000"
      ],
      "variety": [
        "Unknown"
      ]
    }
  },
  "asset": {
    "assets": [
      {
        "variety": "S - Web application"
      }
    ],
    "cloud": [
      "Unknown"
    ]
  },
  "attribute": {
    "confidentiality": {
      "data": [
        {
          "variety": "Payment"
        }
      ],
      "data_disclosure": "Yes",
      "data_victim": [
        "Customer"
      ],
      "state": [
        "Stored"
      ]
    }
  },
  "discovery_method": {
    "external": {
      "variety": [
        "Customer"
      ]
    }
  },
  "impact": {
    "overall_rating": "Unknown"
  },
  "incident_id": "0D13C414-E37E-4253-9746-11B677C0FD58",
  "plus": {
    "analysis_status": "First pass",
    "analyst": "swidup",
    "asset": {
      "total": "No"
    },
    "attribute": {
      "confidentiality": {
        "credit_monitoring": "Unknown",
        "data_abuse": "Yes"
      }
    },
    "created": "2013-02-14T03:56:03Z",
    "master_id": "0D13C414-E37E-4253-9746-11B677C0FD58",
    "modified": "2014-05-10T00:58:18Z",
    "timeline": {
      "notification": {
        "day": 21,
        "month": 1,
        "year": 2012
      }
    }
  },
  "reference": "http://www.berkshireeagle.com/ci_19787695 ",
  "schema_version": "1.3.4",
  "security_incident": "Confirmed",
  "source_id": "vcdb",
  "summary": "Ward\u2019s Nursery & Garden Center may be at the center of a security breach that resulted in scores of fraudulent purchases made this month with information from dozens of locals\u2019 credit and debit cards.  Gregory Ward, co-owner of the South Main Street store, said his company was contacted by a bank regarding the possible security breach, after which Ward\u2019s immediately reached out to law enforcement officials to cooperate with any investigation.  The exact number of cardholders or banks who\u2019ve been affected is unknown, though local banks underscore that no account information has been compromised. It\u2019s believed dozens of customers from various local and national banks had their credit or debit card information stolen and used to make fraudulent, in-person purchases around the world. It\u2019s possible that hundreds of customers\u2019 information was stolen over a two-month period concluding last week. ",
  "timeline": {
    "incident": {
      "year": 2012
    }
  },
  "victim": {
    "country": [
      "US"
    ],
    "employee_count": "11 to 100",
    "industry": "444220",
    "region": [
      "019021"
    ],
    "revenue": {
      "amount": 2000000,
      "iso_currency_code": "USD"
    },
    "state": "MA",
    "victim_id": "Wards Nursery & Garden Center"
  }
}