{
  "action": {
    "error": {
      "variety": [
        "Publishing error"
      ],
      "vector": [
        "Unknown"
      ]
    }
  },
  "actor": {
    "internal": {
      "motive": [
        "NA"
      ],
      "variety": [
        "Unknown"
      ]
    }
  },
  "asset": {
    "assets": [
      {
        "variety": "S - Web application"
      }
    ],
    "cloud": [
      "Unknown"
    ]
  },
  "attribute": {
    "confidentiality": {
      "data": [
        {
          "variety": "Credentials"
        },
        {
          "variety": "Personal"
        }
      ],
      "data_disclosure": "Potentially",
      "data_victim": [
        "Customer"
      ],
      "state": [
        "Stored unencrypted"
      ]
    }
  },
  "discovery_method": {
    "external": {
      "variety": [
        "Unknown"
      ]
    }
  },
  "discovery_notes": "Org was notified of the exposed data by an external person unconnected with the Org.",
  "impact": {
    "overall_rating": "Unknown"
  },
  "incident_id": "0D26B425-B329-48B8-A83E-388DD8F4EFCA",
  "plus": {
    "analysis_status": "First pass",
    "analyst": "bhaskarvk",
    "attribute": {
      "confidentiality": {
        "credit_monitoring": "Unknown"
      }
    },
    "created": "2014-09-19T14:46:00Z",
    "github": "1439",
    "master_id": "0D26B425-B329-48B8-A83E-388DD8F4EFCA",
    "modified": "2014-09-19T14:46:00Z",
    "timeline": {
      "notification": {
        "year": 2013
      }
    }
  },
  "reference": "http://www.einpresswire.com/article/186614538/sanral-responsible-for-data-breach",
  "schema_version": "1.3.4",
  "security_incident": "Suspected",
  "source_id": "vcdb",
  "summary": "Improperly configured web app left PII data exposed.",
  "timeline": {
    "incident": {
      "year": 2013
    }
  },
  "victim": {
    "country": [
      "ZA"
    ],
    "employee_count": "Unknown",
    "industry": "237310",
    "region": [
      "002018"
    ],
    "victim_id": "THE SOUTH AFRICAN NATIONAL ROADS AGENCY LTD"
  }
}