{
  "action": {
    "error": {
      "variety": [
        "Disposal error"
      ],
      "vector": [
        "Carelessness"
      ]
    }
  },
  "actor": {
    "internal": {
      "motive": [
        "Convenience"
      ],
      "variety": [
        "Doctor or nurse"
      ]
    }
  },
  "asset": {
    "assets": [
      {
        "amount": 72,
        "variety": "M - Documents"
      }
    ],
    "cloud": [
      "Unknown"
    ]
  },
  "attribute": {
    "confidentiality": {
      "data": [
        {
          "amount": 72,
          "variety": "Medical"
        }
      ],
      "data_disclosure": "Yes",
      "data_total": 72,
      "data_victim": [
        "Patient"
      ],
      "state": [
        "Printed"
      ]
    }
  },
  "confidence": "Low",
  "discovery_method": {
    "external": {
      "variety": [
        "Customer"
      ]
    }
  },
  "incident_id": "df9d4280-d3ca-11e8-a7ad-fb6ffda5da8b",
  "plus": {
    "analysis_status": "Validated",
    "analyst": "Hylender",
    "created": "2018-10-20T01:56:52.124Z",
    "dbir_year": 2019,
    "event_chain": [
      {
        "action": "err",
        "actor": "ext",
        "asset": "med",
        "attribute": "cp"
      }
    ],
    "github": "10874",
    "master_id": "0d28ae34-4e0f-42b8-a8d6-4cf48e38df79",
    "modified": "2018-10-20T01:56:52.124Z",
    "timeline": {
      "notification": {
        "day": 16,
        "month": 1,
        "year": 2018
      }
    }
  },
  "reference": "https://www.nbcconnecticut.com/news/local/Dozens-of-Medical-Records-Found-in-Waterbury-Dumpster-469652073.html",
  "schema_version": "1.3.4",
  "security_incident": "Confirmed",
  "source_id": "vcdb",
  "summary": "Dozens of medical records were found buried in a dumpster behind Allied Medical Associates in Waterbury on Tuesday. The records contain sensitive and confidential medical information.",
  "targeted": "NA",
  "timeline": {
    "compromise": {
      "unit": "NA"
    },
    "discovery": {
      "unit": "Unknown"
    },
    "exfiltration": {
      "unit": "NA"
    },
    "incident": {
      "day": 16,
      "month": 1,
      "year": 2018
    }
  },
  "victim": {
    "country": [
      "US"
    ],
    "employee_count": "1 to 10",
    "industry": "621111",
    "locations_affected": 1,
    "region": [
      "019021"
    ],
    "state": "CT",
    "victim_id": "Allied Medical Associates"
  }
}