{
  "action": {
    "misuse": {
      "variety": [
        "Data mishandling"
      ],
      "vector": [
        "Physical access"
      ]
    }
  },
  "actor": {
    "internal": {
      "motive": [
        "Financial"
      ],
      "variety": [
        "Cashier"
      ]
    }
  },
  "asset": {
    "assets": [
      {
        "amount": 1,
        "variety": "M - Payment card"
      }
    ],
    "cloud": [
      "Unknown"
    ]
  },
  "attribute": {
    "confidentiality": {
      "data": [
        {
          "variety": "Payment"
        }
      ],
      "data_disclosure": "Yes",
      "data_total": 1
    }
  },
  "discovery_method": {
    "external": {
      "variety": [
        "Customer"
      ]
    }
  },
  "incident_id": "0D349D62-8E7C-4041-B602-D60ADF5765B1",
  "notes": "asset.assets was empty and removed by script. ",
  "plus": {
    "analysis_status": "Needs review",
    "analyst": "blackfist",
    "created": "2014-02-03T05:18:02Z",
    "github": "1428",
    "master_id": "0D349D62-8E7C-4041-B602-D60ADF5765B1",
    "modified": "2014-04-27T19:37:02Z",
    "timeline": {
      "notification": {
        "day": 23,
        "month": 1,
        "year": 2014
      }
    }
  },
  "reference": "http://woodtv.com/2014/01/23/credit-card-number-stolen-at-taco-bell/ (20140202)",
  "schema_version": "1.3.4",
  "security_incident": "Confirmed",
  "source_id": "vcdb",
  "summary": "Employee steals customer credit card and makes unauthorized purchases",
  "timeline": {
    "discovery": {
      "unit": "Days"
    },
    "incident": {
      "day": 10,
      "month": 1,
      "year": 2014
    }
  },
  "victim": {
    "country": [
      "US"
    ],
    "employee_count": "Unknown",
    "industry": "722513",
    "region": [
      "019021"
    ],
    "state": "MI",
    "victim_id": "Taco Bell Corp."
  }
}