{
  "action": {
    "physical": {
      "variety": [
        "Theft"
      ],
      "vector": [
        "Personal vehicle"
      ]
    }
  },
  "actor": {
    "external": {
      "country": [
        "Unknown"
      ],
      "motive": [
        "Financial"
      ],
      "region": [
        "000000"
      ],
      "variety": [
        "Unknown",
        "Unaffiliated"
      ]
    },
    "internal": {
      "job_change": [
        "Hired"
      ],
      "motive": [
        "Unknown"
      ],
      "variety": [
        "Unknown"
      ]
    }
  },
  "asset": {
    "assets": [
      {
        "variety": "U - Laptop"
      },
      {
        "variety": "U - Desktop or laptop"
      }
    ],
    "cloud": [
      "Unknown"
    ],
    "notes": "Following enumerations present before veris 1.3.3 removed: asset.governance.Personally owned."
  },
  "attribute": {
    "availability": {
      "notes": "laptop availability with data",
      "variety": [
        "Loss"
      ]
    },
    "confidentiality": {
      "data": [
        {
          "variety": "Personal"
        }
      ],
      "data_disclosure": "Potentially",
      "data_victim": [
        "Customer"
      ],
      "state": [
        "Stored unencrypted"
      ]
    }
  },
  "discovery_method": {
    "internal": {
      "variety": [
        "Unknown"
      ]
    }
  },
  "discovery_notes": "due to a laptop being stolen from an employee's car",
  "impact": {
    "overall_rating": "Unknown"
  },
  "incident_id": "FB09D174-3006-42D9-AE5D-187B797C73A2",
  "plus": {
    "analysis_status": "Finalized",
    "analyst": "Robert-Topper",
    "attribute": {
      "confidentiality": {
        "credit_monitoring": "Yes",
        "credit_monitoring_years": 1
      }
    },
    "created": "2016-09-07T13:47:00Z",
    "dbir_year": 2017,
    "github": "8397",
    "master_id": "0D405320-7902-45EB-8E01-0AA84AAD1227",
    "modified": "2016-09-07T13:54:00Z",
    "timeline": {
      "notification": {
        "month": 9,
        "year": 2016
      }
    }
  },
  "reference": "http://www.scmagazine.com/m-holdings-security-issues-warning-on-possible-data-breach/article/520384/; http://oag.ca.gov/system/files/Sample%20Notice_8.pdf?",
  "schema_version": "1.3.4",
  "security_incident": "Confirmed",
  "source_id": "vcdb",
  "summary": "company computer had been stolen from his parked car",
  "timeline": {
    "incident": {
      "month": 9,
      "year": 2016
    }
  },
  "victim": {
    "country": [
      "US"
    ],
    "employee_count": "11 to 100",
    "industry": "523930",
    "locations_affected": 1,
    "region": [
      "019021"
    ],
    "state": "OR",
    "victim_id": "M. Holdings Securities"
  }
}