{
  "action": {
    "physical": {
      "variety": [
        "Theft",
        "Disabled controls"
      ],
      "vector": [
        "Personal vehicle"
      ]
    }
  },
  "actor": {
    "external": {
      "country": [
        "Unknown"
      ],
      "motive": [
        "Financial"
      ],
      "region": [
        "000000"
      ],
      "variety": [
        "Unknown"
      ]
    }
  },
  "asset": {
    "assets": [
      {
        "variety": "U - Laptop"
      },
      {
        "variety": "U - Desktop or laptop"
      }
    ],
    "cloud": [
      "Unknown"
    ]
  },
  "attribute": {
    "availability": {
      "variety": [
        "Loss"
      ]
    },
    "confidentiality": {
      "data": [
        {
          "amount": 1000000,
          "variety": "Personal"
        }
      ],
      "data_disclosure": "Potentially",
      "data_total": 1000000,
      "data_victim": [
        "Customer"
      ],
      "state": [
        "Stored unencrypted"
      ]
    }
  },
  "discovery_method": {
    "unknown": true
  },
  "impact": {
    "overall_rating": "Unknown"
  },
  "incident_id": "0D469ACA-C0D5-4FF2-AE95-9F91D2BD4F0D",
  "plus": {
    "analysis_status": "First pass",
    "analyst": "blackfist",
    "attribute": {
      "confidentiality": {
        "credit_monitoring": "Unknown"
      }
    },
    "created": "2014-02-05T18:28:41Z",
    "github": "1502",
    "master_id": "0D469ACA-C0D5-4FF2-AE95-9F91D2BD4F0D",
    "modified": "2014-05-10T00:58:18Z",
    "sub_source": "priority",
    "timeline": {
      "notification": {
        "day": 24,
        "month": 4,
        "year": 2013
      }
    }
  },
  "reference": "http://www.scmagazine.com/unencrypted-laptop-with-1-million-ssns-stolen-from-state/article/131333/ (20140205)",
  "schema_version": "1.3.4",
  "security_incident": "Confirmed",
  "source_id": "vcdb",
  "summary": "The Oklahoma Department of Human Services (DHS) is notifying more than one million state residents that their personal data was stored on an unencrypted laptop that was stolen from an agency employee. The computer file contained the names, Social Security numbers, birth dates and home addresses of Oklahoma's Human Services' clients receiving benefits from programs such as Medicaid, child care assistance, nutrition aid and disability benefits, the agency announced Thursday. The computer, which was stolen when a thief broke into the car April 3 after the employee stopped on her way home from work, was password protected, and officials do not believe the burglar realized what he or she was stealing. Therefore, the risk of the data being accessed is minimal, according to the agency.",
  "timeline": {
    "incident": {
      "day": 3,
      "month": 4,
      "year": 2009
    }
  },
  "victim": {
    "country": [
      "US"
    ],
    "employee_count": "1001 to 10000",
    "industry": "9231",
    "region": [
      "019021"
    ],
    "state": "OK",
    "victim_id": "Oklahoma Department of Human Services"
  }
}