{
  "action": {
    "error": {
      "variety": [
        "Misdelivery"
      ],
      "vector": [
        "Unknown"
      ]
    }
  },
  "actor": {
    "internal": {
      "motive": [
        "NA"
      ],
      "variety": [
        "Unknown"
      ]
    }
  },
  "asset": {
    "assets": [
      {
        "variety": "U - Desktop"
      },
      {
        "variety": "U - Desktop or laptop"
      }
    ],
    "cloud": [
      "Unknown"
    ]
  },
  "attribute": {
    "confidentiality": {
      "data": [
        {
          "variety": "Medical"
        }
      ],
      "data_disclosure": "Yes",
      "data_victim": [
        "Patient"
      ],
      "state": [
        "Unknown"
      ]
    }
  },
  "discovery_method": {
    "external": {
      "variety": [
        "Customer"
      ]
    }
  },
  "impact": {
    "overall_rating": "Unknown"
  },
  "incident_id": "0D479C4D-E345-44BA-AC69-4D90164E5097",
  "plus": {
    "analysis_status": "First pass",
    "analyst": "swidup",
    "attribute": {
      "confidentiality": {
        "credit_monitoring": "Unknown"
      }
    },
    "created": "2015-03-04T03:27:49Z",
    "github": "1842",
    "master_id": "0D479C4D-E345-44BA-AC69-4D90164E5097",
    "modified": "2015-03-04T03:27:49Z",
    "timeline": {
      "notification": {
        "day": 20,
        "month": 3,
        "year": 2014
      }
    }
  },
  "reference": "http://www.phiprivacy.net/marian-regional-medical-center-notifies-patients-whose-files-were-sent-to-the-wrong-insurance-plan/; http://oag.ca.gov/system/files/Final%20Patient%20letter%20with%20phone%20number_0.pdf",
  "schema_version": "1.3.4",
  "security_incident": "Confirmed",
  "source_id": "vcdb",
  "summary": "Marian Regional Medical Center (part of Dignity Health) recently notified patients after electronic files with limited patient information was sent to the wrong contracted health insurance plan during the first week of March. The agent who received it promptly notified MRMC.  According to the letter sent to patients on March 13,  the file information included their name, address, type of insurance, date of birth, date of service, type of laboratory test and test results for dates of service between March 1 and March 6, 2014.    MRMC notes that the file was sent in secure format, and based on assurances they received from the health insurance plan, they do not believe there has been or will be any misuse of the information.   A copy of the text of their letter has been uploaded to California Attorney Generals website.",
  "timeline": {
    "incident": {
      "year": 2014
    }
  },
  "victim": {
    "country": [
      "US"
    ],
    "employee_count": "25001 to 50000",
    "industry": "622110",
    "region": [
      "019021"
    ],
    "state": "CA",
    "victim_id": "Marian Regional Medical Center"
  }
}