{
  "action": {
    "error": {
      "variety": [
        "Publishing error"
      ],
      "vector": [
        "Unknown"
      ]
    }
  },
  "actor": {
    "internal": {
      "motive": [
        "NA"
      ],
      "variety": [
        "Unknown"
      ]
    }
  },
  "asset": {
    "assets": [
      {
        "variety": "S - Web application"
      }
    ],
    "cloud": [
      "Unknown"
    ]
  },
  "attribute": {
    "confidentiality": {
      "data": [
        {
          "amount": 24500,
          "variety": "Personal"
        }
      ],
      "data_disclosure": "Yes",
      "data_total": 24500,
      "data_victim": [
        "Partner"
      ],
      "state": [
        "Unknown"
      ]
    }
  },
  "discovery_method": {
    "unknown": true
  },
  "impact": {
    "overall_rating": "Unknown"
  },
  "incident_id": "0D491B74-A709-4605-9CE3-8ED6C5059E7F",
  "plus": {
    "analysis_status": "First pass",
    "analyst": "swidup",
    "attribute": {
      "confidentiality": {
        "credit_monitoring": "Yes"
      }
    },
    "created": "2015-03-02T22:31:35Z",
    "github": "890",
    "master_id": "0D491B74-A709-4605-9CE3-8ED6C5059E7F",
    "modified": "2015-03-02T22:31:35Z",
    "timeline": {
      "notification": {
        "day": 20,
        "month": 11,
        "year": 2013
      }
    }
  },
  "reference": "https://oag.ca.gov/system/files/Final%20Provider%20Notice%20CA_0.pdf; http://www.esecurityplanet.com/network-security/anthem-blue-cross-acknowledges-data-breach.html; http://www.latimes.com/business/money/la-fi-mo-anthem-doctors-breach-20131125,0,4528975.story",
  "schema_version": "1.3.4",
  "security_incident": "Confirmed",
  "source_id": "vcdb",
  "summary": "We are sending you this letter to notify you that your Tax Identification Number (TIN), along with your name and business address, were erroneously displayed on a PDF document posted to the Anthem website, www.anthem.com/ca. The PDF documents were posted to Anthem.com for just over 24 hours, from October 23, 2013 until October 24, 2013, and were intended to assist individuals looking for information about physicians in certain provider networks. It appears that you use your Social Security Number (SSN) as your TIN and thus it was included on this posting. Once Anthem identified the error, we took immediate steps to remove the PDFs from the Anthem.com/ca website. The PDFs were corrected and re-posted without the TINs. Although we have no reason to believe your SSN was compromised, we are offering you free identity protection services for one year under AllClear ID. AllClear ID offers Credit Monitoring that delivers secure, actionable Credit Alerts to you by phone. AllClear ID Protection also includes $1,000,000 Identity Theft Insurance Coverage and AllClear ID Fraud Resolution Services. ",
  "timeline": {
    "incident": {
      "day": 23,
      "month": 10,
      "year": 2013
    }
  },
  "victim": {
    "country": [
      "US"
    ],
    "employee_count": "50001 to 100000",
    "industry": "524114",
    "region": [
      "019021"
    ],
    "state": "IN",
    "victim_id": "Anthem Blue Cross"
  }
}