{
  "action": {
    "malware": {
      "variety": [
        "Ransomware"
      ],
      "vector": [
        "Unknown"
      ]
    },
    "social": {
      "target": [
        "Finance"
      ],
      "variety": [
        "Extortion"
      ],
      "vector": [
        "Other"
      ]
    }
  },
  "actor": {
    "external": {
      "country": [
        "Unknown"
      ],
      "motive": [
        "Financial"
      ],
      "region": [
        "000000"
      ],
      "variety": [
        "Organized crime"
      ]
    }
  },
  "asset": {
    "assets": [
      {
        "variety": "S - Database"
      },
      {
        "variety": "P - Finance"
      }
    ],
    "cloud": [
      "Unknown"
    ]
  },
  "attribute": {
    "availability": {
      "variety": [
        "Obscuration"
      ]
    },
    "confidentiality": {
      "data": [
        {
          "variety": "Unknown"
        }
      ],
      "data_disclosure": "Unknown"
    },
    "integrity": {
      "variety": [
        "Software installation",
        "Alter behavior"
      ]
    }
  },
  "confidence": "High",
  "discovery_method": {
    "external": {
      "variety": [
        "Actor disclosure"
      ]
    }
  },
  "impact": {
    "loss": [
      {
        "amount": 2400,
        "variety": "Asset and fraud"
      }
    ],
    "overall_amount": 2400,
    "overall_rating": "Unknown"
  },
  "incident_id": "4bf65320-899b-11e7-bf1d-81579668407a",
  "plus": {
    "analysis_status": "Validated",
    "analyst": "Breland",
    "attack_difficulty_initial": "Low",
    "attack_difficulty_legacy": "Low",
    "created": "2017-10-23T23:54:24.984Z",
    "dbir_year": 2018,
    "event_chain": [
      {
        "action": "mal",
        "actor": "ext",
        "asset": "srv",
        "attribute": "ia"
      },
      {
        "action": "mal",
        "actor": "ext",
        "asset": "srv",
        "attribute": "au"
      },
      {
        "action": "soc",
        "actor": "ext",
        "asset": "ppl",
        "attribute": "ia"
      }
    ],
    "github": "8885",
    "master_id": "0d4bd847-edc4-441b-bcce-001133b63da1",
    "modified": "2017-10-26T08:34:01.239Z"
  },
  "reference": "https://www.databreaches.net/ar-carroll-county-pays-ransomware-demand/",
  "schema_version": "1.3.4",
  "security_incident": "Confirmed",
  "source_id": "vcdb",
  "summary": "Carroll County pays ransomware demand - Carroll County Sheriff\u2019s Office",
  "targeted": "Targeted",
  "timeline": {
    "compromise": {
      "unit": "Minutes"
    },
    "discovery": {
      "unit": "Hours"
    },
    "incident": {
      "month": 12,
      "year": 2016
    }
  },
  "victim": {
    "country": [
      "US"
    ],
    "employee_count": "11 to 100",
    "industry": "92",
    "locations_affected": 1,
    "region": [
      "019021"
    ],
    "state": "OH",
    "victim_id": "Carroll County Sheriffs Office"
  }
}