{
  "action": {
    "misuse": {
      "variety": [
        "Privilege abuse"
      ],
      "vector": [
        "LAN access"
      ]
    }
  },
  "actor": {
    "internal": {
      "job_change": [
        "Hired"
      ],
      "motive": [
        "Unknown"
      ],
      "variety": [
        "Unknown"
      ]
    },
    "partner": {
      "country": [
        "Unknown",
        "US"
      ],
      "industry": "541611",
      "motive": [
        "Unknown",
        "Financial"
      ],
      "notes": "Medical Management LLC",
      "region": [
        "019021"
      ]
    }
  },
  "asset": {
    "assets": [
      {
        "variety": "S - Database"
      }
    ],
    "cloud": [
      "Unknown"
    ],
    "management": [
      "External"
    ]
  },
  "attribute": {
    "confidentiality": {
      "data": [
        {
          "amount": 2200,
          "variety": "Personal"
        }
      ],
      "data_disclosure": "Yes",
      "data_total": 2200,
      "data_victim": [
        "Patient"
      ],
      "state": [
        "Stored"
      ]
    }
  },
  "discovery_method": {
    "external": {
      "variety": [
        "Law enforcement"
      ]
    }
  },
  "impact": {
    "overall_rating": "Unknown"
  },
  "incident_id": "11F33DDB-3458-4245-957C-F6B160CD75B0",
  "plus": {
    "analysis_status": "Finalized",
    "analyst": "Robert-Topper",
    "attribute": {
      "confidentiality": {
        "credit_monitoring": "Yes",
        "credit_monitoring_years": 1,
        "data_abuse": "Yes"
      }
    },
    "created": "2016-09-01T14:25:00Z",
    "dbir_year": 2016,
    "github": "5804",
    "master_id": "0D4D1AD7-17C2-4853-B932-6CAA4BAF3FFC",
    "modified": "2016-11-13T04:44:00Z",
    "sub_source": "phidbr",
    "timeline": {
      "notification": {
        "day": 15,
        "month": 5,
        "year": 2015
      }
    }
  },
  "reference": "http://www.wtae.com/news/upmc-alerts-patients-about-data-theft/33042164",
  "schema_version": "1.3.4",
  "security_incident": "Confirmed",
  "source_id": "vcdb",
  "summary": "A call center employee- has been identified as being responsible for copying certain items of personal information from the billing system over the past two years ",
  "timeline": {
    "discovery": {
      "unit": "Years",
      "value": 2.0
    },
    "incident": {
      "year": 2013
    }
  },
  "victim": {
    "country": [
      "US"
    ],
    "employee_count": "1001 to 10000",
    "industry": "622110",
    "locations_affected": 1,
    "region": [
      "019021"
    ],
    "state": "PA",
    "victim_id": "University of Pittsburgh Medical Center"
  }
}