{
  "action": {
    "unknown": {}
  },
  "actor": {
    "unknown": {}
  },
  "asset": {
    "assets": [
      {
        "variety": "S - Unknown"
      }
    ],
    "cloud": [
      "Unknown"
    ]
  },
  "attribute": {
    "confidentiality": {
      "data": [
        {
          "amount": 708,
          "variety": "Medical"
        }
      ],
      "data_disclosure": "Potentially",
      "data_total": 708
    }
  },
  "discovery_method": {
    "unknown": true
  },
  "impact": {
    "overall_rating": "Unknown"
  },
  "incident_id": "0D4D1D6F-2875-495E-998A-D294F000F2EF",
  "plus": {
    "analysis_status": "First pass",
    "created": "2013-04-12T22:29:56Z",
    "master_id": "0D4D1D6F-2875-495E-998A-D294F000F2EF",
    "modified": "2014-04-27T19:37:02Z",
    "timeline": {
      "notification": {}
    }
  },
  "schema_version": "1.3.4",
  "security_incident": "Confirmed",
  "source_id": "vcdb",
  "timeline": {
    "discovery": {
      "unit": "Months",
      "value": 3
    },
    "incident": {
      "day": 21,
      "month": 7,
      "year": 2010
    }
  },
  "victim": {
    "country": [
      "US"
    ],
    "employee_count": "Unknown",
    "industry": "611310",
    "region": [
      "019021"
    ],
    "state": "KY",
    "victim_id": "University of Louisville Research Foundations, Inc."
  }
}