{
  "action": {
    "physical": {
      "variety": [
        "Bypassed controls",
        "Theft"
      ],
      "vector": [
        "Victim secure area"
      ]
    }
  },
  "actor": {
    "unknown": {
      "notes": "likely external"
    }
  },
  "asset": {
    "assets": [
      {
        "variety": "M - Disk drive"
      }
    ],
    "cloud": [
      "Unknown"
    ]
  },
  "attribute": {
    "availability": {
      "duration": {
        "unit": "Never"
      },
      "variety": [
        "Loss"
      ]
    },
    "confidentiality": {
      "data": [
        {
          "amount": 1000000,
          "variety": "Personal"
        },
        {
          "variety": "Medical"
        }
      ],
      "data_disclosure": "Potentially",
      "data_total": 1000000
    }
  },
  "discovery_method": {
    "internal": {
      "variety": [
        "Reported by employee"
      ]
    }
  },
  "incident_id": "c447b290-0b5c-11e8-985b-1119ad21cbad",
  "plus": {
    "analysis_status": "Validated",
    "analyst": "Spitler",
    "created": "2018-02-06T21:47:11.944Z",
    "dbir_year": 2018,
    "github": "9607",
    "master_id": "0d506ee1-1c6a-4888-b8c6-ab15c9ed22b6",
    "modified": "2018-02-06T21:47:11.944Z",
    "sub_source": "priority"
  },
  "reference": "https://www.beckershospitalreview.com/healthcare-information-technology/1m-affected-in-wsu-data-breach.html",
  "schema_version": "1.3.4",
  "security_incident": "Confirmed",
  "source_id": "vcdb",
  "summary": "Stolen hard drive",
  "targeted": "Targeted",
  "timeline": {
    "discovery": {
      "unit": "Hours"
    },
    "incident": {
      "year": 2017
    }
  },
  "victim": {
    "country": [
      "US"
    ],
    "employee_count": "Large",
    "industry": "611310",
    "region": [
      "019021"
    ],
    "state": "WA",
    "victim_id": "Washington State Univerisity"
  }
}