{
  "action": {
    "hacking": {
      "variety": [
        "Unknown"
      ],
      "vector": [
        "Web application"
      ]
    }
  },
  "actor": {
    "external": {
      "country": [
        "Unknown"
      ],
      "motive": [
        "Financial"
      ],
      "region": [
        "000000"
      ],
      "variety": [
        "Unknown"
      ]
    }
  },
  "asset": {
    "assets": [
      {
        "variety": "S - Database"
      },
      {
        "variety": "S - Web application"
      }
    ],
    "cloud": [
      "Unknown"
    ],
    "notes": "Following enumerations present before veris 1.3.3 removed: asset.governance.Unknown."
  },
  "attribute": {
    "confidentiality": {
      "data": [
        {
          "variety": "Payment"
        }
      ],
      "data_disclosure": "Yes",
      "data_victim": [
        "Customer"
      ],
      "state": [
        "Stored unencrypted"
      ]
    }
  },
  "discovery_method": {
    "unknown": true
  },
  "impact": {
    "overall_rating": "Unknown"
  },
  "incident_id": "0D514675-F60D-422F-BD9E-26BB452C8074",
  "plus": {
    "analysis_status": "First pass",
    "analyst": "gdbassett",
    "attribute": {
      "confidentiality": {
        "credit_monitoring": "Unknown"
      }
    },
    "created": "2014-09-12T16:32:00Z",
    "github": "2406",
    "master_id": "0D514675-F60D-422F-BD9E-26BB452C8074",
    "modified": "2015-02-13T16:50:35Z",
    "timeline": {
      "notification": {
        "day": 31,
        "month": 7,
        "year": 2013
      }
    }
  },
  "reference": "http://www.esecurityplanet.com/network-security/swimsuitsforall-acknowledges-security-breach.html;http://ago.vermont.gov/assets/files/Consumer/Security_Breach/swimsuitsforall%20Security%20Breach%20ltrt%20consumer.pdf",
  "schema_version": "1.3.4",
  "security_incident": "Confirmed",
  "source_id": "vcdb",
  "summary": "SwimSuitsforAll Acknowledges Security Breach  Customers' names, addresses, credit or debit card numbers, and credit or debit card expiration dates may have been accessed. Plus size swimwear retailer SwimSuitsforAll recently began notifying customers that the computer system used to process payments for purchases made on its Web site was accessed on June 24, 2013. The breach was discovered three days later, on June 27, 2013.  According to the company, the hacker or hackers may have accessed customers' names, addresses, credit or debit card numbers, and credit or debit card expiration dates.  While SwimSuitsforAll isn't offering its customers any identity protection services following the incident, the company is advising customers to review their financial statements for unauthorized activity, and to request copies of their credit reports from each of the three nationwide credit reporting companies.  \"We want to assure you that we are committed to the security of your personal information and are taking this matter seriously,\" company vice president of operations Isaac Ashkenazie wrote in the notification letter [PDF]. \"We have implemented additional technical safeguards and are conducting a comprehensive internal review of our practices and procedures in order to prevent an incident like this from occurring in the future.\"  Customers with questions are advised to contact the company at (888) 241-SWIM",
  "timeline": {
    "containment": {
      "unit": "Days",
      "value": 3
    },
    "discovery": {
      "unit": "Days",
      "value": 3
    },
    "incident": {
      "day": 24,
      "month": 6,
      "year": 2013
    }
  },
  "victim": {
    "country": [
      "US"
    ],
    "employee_count": "Small",
    "industry": "448150",
    "locations_affected": 1,
    "region": [
      "021000",
      "019021"
    ],
    "state": "NJ",
    "victim_id": "Swimsuitesforall"
  }
}