{
  "action": {
    "hacking": {
      "variety": [
        "DoS",
        "Unknown"
      ],
      "vector": [
        "Unknown"
      ]
    }
  },
  "actor": {
    "external": {
      "country": [
        "Unknown"
      ],
      "motive": [
        "Grudge"
      ],
      "region": [
        "000000"
      ],
      "variety": [
        "Former employee"
      ]
    }
  },
  "asset": {
    "assets": [
      {
        "variety": "Unknown"
      }
    ],
    "cloud": [
      "Unknown"
    ]
  },
  "attribute": {
    "availability": {
      "duration": {
        "unit": "Unknown"
      },
      "variety": [
        "Degradation"
      ]
    },
    "confidentiality": {
      "data": [
        {
          "variety": "Internal"
        }
      ],
      "data_disclosure": "Yes"
    }
  },
  "discovery_method": {
    "unknown": true
  },
  "impact": {
    "overall_rating": "Unknown"
  },
  "incident_id": "0D56B055-6D19-4D4B-9850-A29DB5B1BC37",
  "plus": {
    "analysis_status": "Validated",
    "analyst": "jayjacobs",
    "asset": {
      "total": "Yes"
    },
    "attribute": {
      "confidentiality": {
        "credit_monitoring": "Unknown",
        "data_abuse": "Unknown"
      }
    },
    "created": "2013-08-22T19:55:32Z",
    "master_id": "0D56B055-6D19-4D4B-9850-A29DB5B1BC37",
    "modified": "2014-05-10T00:58:18Z",
    "timeline": {
      "notification": {
        "month": 8,
        "year": 2013
      }
    }
  },
  "reference": "http://news.softpedia.com/news/Canadian-Launches-DDOS-Attack-Against-Former-Employer-Fails-at-Covering-His-Tracks-377043.shtml (8/2013) http://krebsonsecurity.com/2013/08/how-not-to-ddos-your-former-employer/ (8/22/2013)",
  "schema_version": "1.3.4",
  "security_incident": "Confirmed",
  "source_id": "vcdb",
  "summary": "ex-employee launched ddos attack against former employer and then the ISP.",
  "timeline": {
    "incident": {
      "year": 2012
    }
  },
  "victim": {
    "country": [
      "CA"
    ],
    "employee_count": "Unknown",
    "industry": "000",
    "region": [
      "019021"
    ],
    "secondary": {
      "amount": 1,
      "victim_id": [
        "Xittel"
      ]
    },
    "victim_id": "Concepta, Inc"
  }
}