{
  "action": {
    "misuse": {
      "result": [
        "Exfiltrate"
      ],
      "variety": [
        "Privilege abuse"
      ],
      "vector": [
        "Unknown"
      ]
    }
  },
  "actor": {
    "internal": {
      "motive": [
        "Financial"
      ],
      "variety": [
        "End-user"
      ]
    }
  },
  "asset": {
    "assets": [
      {
        "variety": "Unknown"
      }
    ],
    "cloud": [
      "Unknown"
    ]
  },
  "attribute": {
    "confidentiality": {
      "data": [
        {
          "amount": 267,
          "variety": "Personal"
        }
      ],
      "data_disclosure": "Yes",
      "data_total": 267,
      "data_victim": [
        "Customer"
      ],
      "state": [
        "Unknown"
      ]
    }
  },
  "confidence": "High",
  "discovery_method": {
    "external": {
      "variety": [
        "Other"
      ]
    }
  },
  "incident_id": "94aef4f0-6beb-11e7-97f1-7f40b0b1fd66",
  "plus": {
    "analysis_status": "Validated",
    "analyst": "Breland",
    "attribute": {
      "confidentiality": {
        "data_abuse": "Yes"
      }
    },
    "created": "2017-10-26T14:33:48Z",
    "dbir_year": 2018,
    "event_chain": [
      {
        "action": "mis",
        "actor": "ext",
        "attribute": "cp",
        "summary": "Misuse of customer information "
      }
    ],
    "github": "9333",
    "master_id": "0d5678b4-60a7-4283-9bcd-859b0fa34a4c",
    "modified": "2018-02-21T05:40:39.115Z"
  },
  "reference": "https://www.usnews.com/news/best-states/alabama/articles/2017-03-02/police-verizon-employees-used-stolen-info-to-buy-phones; http://www.tuscaloosanews.com/news/20170301/3-women-charged-with-trafficking-stolen-identities",
  "schema_version": "1.3.4",
  "security_incident": "Confirmed",
  "source_id": "vcdb",
  "summary": "Verizon Employees Used Stolen Info from car dealership to Buy Phones",
  "targeted": "Opportunistic",
  "timeline": {
    "compromise": {
      "unit": "NA"
    },
    "discovery": {
      "unit": "Months",
      "value": 3
    },
    "exfiltration": {
      "unit": "NA"
    },
    "incident": {
      "month": 3,
      "year": 2017
    }
  },
  "victim": {
    "country": [
      "US"
    ],
    "employee_count": "Small",
    "industry": "4411",
    "region": [
      "019021"
    ],
    "state": "AL",
    "victim_id": "Locklear Dodge"
  }
}