{
  "action": {
    "hacking": {
      "variety": [
        "DoS"
      ],
      "vector": [
        "Web application"
      ]
    }
  },
  "actor": {
    "external": {
      "country": [
        "Other"
      ],
      "motive": [
        "Other"
      ],
      "region": [
        "000000"
      ],
      "variety": [
        "Unknown"
      ]
    }
  },
  "asset": {
    "assets": [
      {
        "variety": "S - Web application"
      }
    ],
    "cloud": [
      "Unknown"
    ]
  },
  "attribute": {
    "availability": {
      "variety": [
        "Interruption"
      ]
    }
  },
  "discovery_method": {
    "unknown": true
  },
  "incident_id": "0D81B53F-5F5C-4AEB-98B9-367B18AD33D9",
  "plus": {
    "analysis_status": "First pass",
    "analyst": "BranMan90",
    "created": "2014-04-30T22:46:55.328Z",
    "github": "1463",
    "master_id": "0D81B53F-5F5C-4AEB-98B9-367B18AD33D9",
    "modified": "2014-04-30T22:46:55.328Z"
  },
  "reference": "http://www.ddosattacks.net/whaleoil-down-due-to-ddos-attack/ (2014-04-30T22:46:55.328Z);",
  "schema_version": "1.3.4",
  "security_incident": "Confirmed",
  "source_id": "vcdb",
  "summary": "Denial of service attack",
  "timeline": {
    "incident": {
      "day": 27,
      "month": 1,
      "year": 2014
    }
  },
  "victim": {
    "country": [
      "US"
    ],
    "employee_count": "Unknown",
    "industry": "21",
    "region": [
      "019021"
    ],
    "victim_id": "Whaleoil"
  }
}