{
  "action": {
    "misuse": {
      "result": [
        "Exfiltrate"
      ],
      "variety": [
        "Email misuse",
        "Data mishandling",
        "Privilege abuse"
      ],
      "vector": [
        "LAN access"
      ]
    }
  },
  "actor": {
    "internal": {
      "motive": [
        "Espionage"
      ],
      "variety": [
        "Executive"
      ]
    }
  },
  "asset": {
    "assets": [
      {
        "variety": "S - Database"
      }
    ],
    "cloud": [
      "Unknown"
    ]
  },
  "attribute": {
    "confidentiality": {
      "data": [
        {
          "variety": "Secrets"
        },
        {
          "variety": "Internal"
        }
      ],
      "data_disclosure": "Yes",
      "data_victim": [
        "Other"
      ],
      "state": [
        "Stored"
      ]
    }
  },
  "confidence": "Medium",
  "discovery_method": {
    "unknown": true
  },
  "incident_id": "df8ab6d0-8f13-11e7-aa8f-5fa9d3670494",
  "plus": {
    "analysis_status": "Validated",
    "analyst": "Breland",
    "attribute": {
      "confidentiality": {
        "data_abuse": "Yes"
      }
    },
    "created": "2017-10-23T23:55:25.631Z",
    "dbir_year": 2017,
    "event_chain": [
      {
        "action": "mis",
        "actor": "int",
        "asset": "srv",
        "attribute": "cp"
      }
    ],
    "github": "8591",
    "master_id": "0d82d86e-d56e-425d-a966-cf633d93bdd6",
    "modified": "2018-02-21T05:06:28.125Z"
  },
  "reference": "http://www.landlinemag.com/Story.aspx?StoryID=32082",
  "schema_version": "1.3.4",
  "security_incident": "Confirmed",
  "source_id": "vcdb",
  "summary": "Roehl Transport civil suit alleges ex-fleet manager stole company data, secrets",
  "targeted": "Opportunistic",
  "timeline": {
    "compromise": {
      "unit": "Minutes"
    },
    "incident": {
      "month": 8,
      "year": 2016
    }
  },
  "victim": {
    "country": [
      "US"
    ],
    "employee_count": "1001 to 10000",
    "industry": "484121",
    "locations_affected": 1,
    "region": [
      "019021"
    ],
    "state": "WI",
    "victim_id": "Roehl Transport"
  }
}