{
  "action": {
    "error": {
      "variety": [
        "Publishing error"
      ],
      "vector": [
        "Unknown"
      ]
    }
  },
  "actor": {
    "internal": {
      "motive": [
        "NA"
      ],
      "variety": [
        "End-user"
      ]
    }
  },
  "asset": {
    "assets": [
      {
        "variety": "S - Web application"
      }
    ],
    "cloud": [
      "Unknown"
    ],
    "management": [
      "Internal"
    ]
  },
  "attribute": {
    "confidentiality": {
      "data": [
        {
          "variety": "Medical"
        },
        {
          "variety": "Personal"
        }
      ],
      "data_disclosure": "Potentially",
      "data_victim": [
        "Patient"
      ],
      "state": [
        "Stored"
      ]
    }
  },
  "confidence": "High",
  "discovery_method": {
    "internal": {
      "variety": [
        "Other"
      ]
    }
  },
  "incident_id": "7c403af0-aa06-11e8-a274-afc3aa8c5110",
  "plus": {
    "analysis_status": "Validated",
    "analyst": "jasoncmiller79",
    "created": "2018-08-27T18:47:13.430Z",
    "dbir_year": 2019,
    "event_chain": [
      {
        "action": "err",
        "actor": "int",
        "asset": "srv",
        "attribute": "cp",
        "summary": "Publishing error"
      }
    ],
    "master_id": "0d9bf01a-c73d-469a-aa62-fdb630f7a10c",
    "modified": "2018-09-11T22:11:51.395Z"
  },
  "reference": "https://jerseyeveningpost.com/news/2018/08/10/potential-care-inquiry-documents-data-breach/",
  "schema_version": "1.3.4",
  "security_incident": "Suspected",
  "source_id": "vcdb",
  "summary": "A WEBSITE containing documents relating to the Independent Jersey Care Inquiry has been temporarily shut down because of a potential data protection breach.",
  "targeted": "NA",
  "timeline": {
    "incident": {
      "month": 8,
      "year": 2018
    }
  },
  "victim": {
    "country": [
      "GB"
    ],
    "employee_count": "Unknown",
    "industry": "921190",
    "region": [
      "150154"
    ],
    "victim_id": "Jersey Archive"
  }
}