{
  "action": {
    "error": {
      "variety": [
        "Disposal error"
      ],
      "vector": [
        "Unknown"
      ]
    }
  },
  "actor": {
    "internal": {
      "motive": [
        "NA"
      ],
      "variety": [
        "Unknown"
      ]
    }
  },
  "asset": {
    "assets": [
      {
        "variety": "M - Documents"
      }
    ],
    "cloud": [
      "Unknown"
    ]
  },
  "attribute": {
    "confidentiality": {
      "data": [
        {
          "variety": "Medical"
        }
      ],
      "data_disclosure": "Yes",
      "data_victim": [
        "Patient"
      ],
      "state": [
        "Stored unencrypted"
      ]
    }
  },
  "discovery_method": {
    "external": {
      "variety": [
        "Found documents"
      ]
    }
  },
  "impact": {
    "overall_rating": "Unknown"
  },
  "incident_id": "30A095E0-94FE-477D-851F-C808188B1294",
  "plus": {
    "analysis_status": "Finalized",
    "analyst": "swidup",
    "attribute": {
      "confidentiality": {
        "credit_monitoring": "Unknown"
      }
    },
    "created": "2016-09-07T22:17:00Z",
    "dbir_year": 2016,
    "github": "5496",
    "master_id": "0D9EE3AC-7F10-4C39-9AA7-139E8FEE9C2D",
    "modified": "2016-09-07T22:21:00Z",
    "sub_source": "phidbr",
    "timeline": {
      "notification": {
        "day": 3,
        "month": 3,
        "year": 2015
      }
    }
  },
  "reference": "http://www.krgv.com/news/local-news/State-Investigates-After-Medical-Files-Found-in-Dumpster/31596764; https://www.databreaches.net/tx-state-investigates-after-medical-files-found-in-dumpster/",
  "schema_version": "1.3.4",
  "security_incident": "Confirmed",
  "source_id": "vcdb",
  "summary": "KRGV reports that patient and employee records from Xtra Mile Ambulance Service Company were found in a dumpster at a storage facility. The ambulance company is no longer in business. The medical files contain personal information including Social Security numbers, addresses and bank account numbers.",
  "timeline": {
    "incident": {
      "year": 2015
    }
  },
  "victim": {
    "country": [
      "US"
    ],
    "employee_count": "Unknown",
    "industry": "621910",
    "region": [
      "019021"
    ],
    "state": "TX",
    "victim_id": "Xtra Mile Ambulance Service"
  }
}