{
  "action": {
    "error": {
      "variety": [
        "Misdelivery"
      ],
      "vector": [
        "Carelessness"
      ]
    }
  },
  "actor": {
    "internal": {
      "motive": [
        "NA"
      ],
      "variety": [
        "Unknown"
      ]
    }
  },
  "asset": {
    "assets": [
      {
        "variety": "M - Documents"
      }
    ],
    "cloud": [
      "Unknown"
    ]
  },
  "attribute": {
    "confidentiality": {
      "data": [
        {
          "variety": "Unknown"
        }
      ],
      "data_disclosure": "Unknown",
      "data_total": 1
    }
  },
  "discovery_method": {
    "unknown": true
  },
  "incident_id": "0DA10DC6-0C07-4B85-9862-8BB836CED159",
  "plus": {
    "analysis_status": "First pass",
    "analyst": "swidup",
    "created": "2014-07-30T19:04:07Z",
    "dbir_year": 2014,
    "master_id": "0DA10DC6-0C07-4B85-9862-8BB836CED159",
    "modified": "2015-02-13T16:50:35Z"
  },
  "reference": "http://vcdb.org/pdf/va-security.pdf",
  "schema_version": "1.3.4",
  "security_incident": "Confirmed",
  "source_id": "vcdb",
  "summary": "Patient A received Patient B's Warfarin prescription and had taken it for 3 or 4 days. Patient B was notified and is often non-compliant and verified receipt was not made of the Warfarin prescription. Warfarin was mailed to Patient B. Patient A was interviewed and reportedly is not bleeding. Patient A is scheduled to come for an INR test from Pharmacy to check the levels.",
  "timeline": {
    "incident": {
      "day": 26,
      "month": 8,
      "year": 2010
    }
  },
  "victim": {
    "country": [
      "US"
    ],
    "employee_count": "Over 100000",
    "industry": "923140",
    "region": [
      "019021"
    ],
    "state": "OK",
    "victim_id": "United States Department of Veterans Affairs"
  }
}