{
  "action": {
    "hacking": {
      "variety": [
        "SQLi",
        "Exploit vuln"
      ],
      "vector": [
        "Web application"
      ]
    }
  },
  "actor": {
    "external": {
      "country": [
        "Unknown"
      ],
      "motive": [
        "Unknown"
      ],
      "region": [
        "142145",
        "019021"
      ],
      "variety": [
        "Unknown"
      ]
    }
  },
  "asset": {
    "assets": [
      {
        "variety": "S - Web application"
      }
    ],
    "cloud": [
      "Unknown"
    ]
  },
  "attribute": {
    "availability": {
      "variety": [
        "Loss"
      ]
    },
    "confidentiality": {
      "data": [
        {
          "variety": "Credentials"
        }
      ],
      "data_disclosure": "Yes",
      "data_victim": [
        "Customer"
      ],
      "state": [
        "Unknown"
      ]
    },
    "integrity": {
      "variety": [
        "Repurpose"
      ]
    }
  },
  "discovery_method": {
    "unknown": true
  },
  "impact": {
    "overall_rating": "Unknown"
  },
  "incident_id": "0DB3F0A1-FCDA-4468-AE7B-5090DD52BF0D",
  "plus": {
    "analysis_status": "First pass",
    "analyst": "Spitler",
    "attribute": {
      "confidentiality": {
        "credit_monitoring": "Unknown"
      }
    },
    "created": "2014-06-30T20:58:00Z",
    "github": "2420",
    "master_id": "0DB3F0A1-FCDA-4468-AE7B-5090DD52BF0D",
    "modified": "2014-06-30T20:58:00Z",
    "timeline": {
      "notification": {
        "day": 12,
        "month": 7,
        "year": 2013
      }
    }
  },
  "reference": "http://www.escapistmagazine.com/news/view/125917-Bohemia-Hack-Snags-User-Data",
  "schema_version": "1.3.4",
  "security_incident": "Confirmed",
  "source_id": "vcdb",
  "summary": "Gaming company hacked via unknown methods, usernames, e-mails, and password hashes were disclosed.",
  "timeline": {
    "incident": {
      "year": 2013
    }
  },
  "victim": {
    "country": [
      "CZ"
    ],
    "employee_count": "11 to 100",
    "industry": "541511",
    "region": [
      "150151"
    ],
    "victim_id": "Bohemia Interactive"
  }
}