{
  "action": {
    "hacking": {
      "variety": [
        "SQLi",
        "Exploit vuln"
      ],
      "vector": [
        "Web application"
      ]
    }
  },
  "actor": {
    "external": {
      "country": [
        "Unknown",
        "TW"
      ],
      "motive": [
        "Unknown"
      ],
      "name": [
        "Shih"
      ],
      "region": [
        "142030"
      ],
      "variety": [
        "Unknown",
        "Unaffiliated"
      ]
    }
  },
  "asset": {
    "assets": [
      {
        "variety": "S - Web application"
      },
      {
        "variety": "S - Database"
      }
    ],
    "cloud": [
      "Unknown"
    ]
  },
  "attribute": {
    "integrity": {
      "variety": [
        "Modify data",
        "Repurpose"
      ]
    }
  },
  "discovery_method": {
    "internal": {
      "variety": [
        "Unknown"
      ]
    }
  },
  "impact": {
    "overall_rating": "Unknown"
  },
  "incident_id": "0DDA58A0-CED4-421D-817F-F07EB22C5C4B",
  "plus": {
    "analysis_status": "First pass",
    "analyst": "blackfist",
    "created": "2014-07-03T18:14:00Z",
    "github": "2967",
    "master_id": "0DDA58A0-CED4-421D-817F-F07EB22C5C4B",
    "modified": "2014-07-03T18:14:00Z",
    "timeline": {
      "notification": {
        "day": 8,
        "month": 5,
        "year": 2013
      }
    }
  },
  "reference": "http://www.chinapost.com.tw/taiwan/national/national-news/2013/05/08/378069/Hacker-arrested.htm",
  "schema_version": "1.3.4",
  "security_incident": "Confirmed",
  "source_id": "vcdb",
  "summary": "TAIPEI, Taiwan -- A male suspect was arrested on May 1 for hacking into a popular local classic music website, the Criminal Investigation Bureau (CIB) announced yesterday.  The police raided the apartment of the suspect, surnamed Shih (_), and seized his computer.  Investigators allege that the suspect used the computer in his hacking attempts.  During initial investigations, Shih confessed to the police that he hacked into the website's customer database and made unauthorized changes to customer data, the CIB said in a statement.  Shih also confessed that he has used a hacking technique called SQL injection to attack the website's database.  SQL injection is a code injection technique that exploits a security vulnerability in an application's software, the CIB said.  The investigation was launched by the bureau after it received a report from the website's operator who said its site was hacked in March.  The CIB urged local website operators to stay on alert regarding similar hacking attempts.",
  "timeline": {
    "incident": {
      "month": 3,
      "year": 2013
    }
  },
  "victim": {
    "country": [
      "TW"
    ],
    "employee_count": "Unknown",
    "industry": "54",
    "region": [
      "142030"
    ]
  }
}