{
  "action": {
    "error": {
      "variety": [
        "Misdelivery"
      ],
      "vector": [
        "Carelessness"
      ]
    }
  },
  "actor": {
    "internal": {
      "motive": [
        "NA"
      ],
      "variety": [
        "Unknown"
      ]
    }
  },
  "asset": {
    "assets": [
      {
        "variety": "M - Documents"
      }
    ],
    "cloud": [
      "Unknown"
    ]
  },
  "attribute": {
    "confidentiality": {
      "data": [
        {
          "variety": "Unknown"
        }
      ],
      "data_disclosure": "Yes",
      "data_total": 1
    }
  },
  "discovery_method": {
    "unknown": true
  },
  "incident_id": "0DDE7B1B-6370-451D-B0C2-9404348FCEB6",
  "plus": {
    "analysis_status": "First pass",
    "analyst": "swidup",
    "created": "2014-02-21T04:07:15Z",
    "master_id": "0DDE7B1B-6370-451D-B0C2-9404348FCEB6",
    "modified": "2014-07-30T19:07:17Z"
  },
  "reference": "http://vcdb.org/pdf/va-security.pdf",
  "schema_version": "1.3.4",
  "security_incident": "Confirmed",
  "source_id": "vcdb",
  "summary": "On 04/26/13, a Call Center employee of the VA Maine Healthcare System had called the Privacy Officer (PO) regarding an incident in which Veteran A's results\nwere mailed to the incorrect recipient. It was the recipient's caregiver who had discovered the error and who had contacted the Call Center employee. The PO\ncalled the recipient's home, identifying who he was and the reason for calling. The recipient's caregiver ensured the PO that the other Veteran's information was\nsafe, and she then told the PO what was included in the mailing: her fiancs appointment letter and the second Veteran's x-ray results, full first name, full middle\nname, full last name and home address. The recipient's caregiver will return the second Veteran's information to the PO of the VA Maine Healthcare System.",
  "timeline": {
    "incident": {
      "day": 26,
      "month": 4,
      "year": 2013
    }
  },
  "victim": {
    "country": [
      "US"
    ],
    "employee_count": "Over 100000",
    "industry": "923140",
    "region": [
      "019021"
    ],
    "state": "ME",
    "victim_id": "United States Department of Veterans Affairs"
  }
}