{
  "action": {
    "physical": {
      "variety": [
        "Theft"
      ],
      "vector": [
        "Unknown"
      ]
    }
  },
  "actor": {
    "external": {
      "country": [
        "Unknown"
      ],
      "motive": [
        "Financial"
      ],
      "region": [
        "000000"
      ],
      "variety": [
        "Unknown"
      ]
    }
  },
  "asset": {
    "assets": [
      {
        "variety": "U - Desktop"
      },
      {
        "variety": "U - Desktop or laptop"
      }
    ],
    "cloud": [
      "Unknown"
    ]
  },
  "attribute": {
    "availability": {
      "variety": [
        "Loss"
      ]
    },
    "confidentiality": {
      "data": [
        {
          "variety": "Personal"
        },
        {
          "variety": "Medical"
        }
      ],
      "data_disclosure": "Potentially",
      "data_total": 700
    }
  },
  "discovery_method": {
    "unknown": true
  },
  "incident_id": "0DE25B18-6D77-423F-87CF-163326E9FA0E",
  "plus": {
    "analysis_status": "First pass",
    "created": "2013-09-10T20:13:32Z",
    "master_id": "0DE25B18-6D77-423F-87CF-163326E9FA0E",
    "modified": "2014-04-27T19:37:02Z",
    "timeline": {
      "notification": {
        "day": 17,
        "month": 5,
        "year": 2013
      }
    }
  },
  "reference": "http://www.http://www.hhs.gov/ocr/privacy/hipaa/administrative/breachnotificationrule/breachtool.html.gov/ocr/privacy/hipaa/administrative/breachnotificationrule/breachtool.html",
  "schema_version": "1.3.4",
  "security_incident": "Confirmed",
  "source_id": "vcdb",
  "summary": "The February 27 theft of a computer resulted in the exposure of patient information.",
  "timeline": {
    "incident": {
      "day": 27,
      "month": 2,
      "year": 2013
    }
  },
  "victim": {
    "country": [
      "US"
    ],
    "employee_count": "1001 to 10000",
    "industry": "621420",
    "region": [
      "019021"
    ],
    "state": "UT",
    "victim_id": "Valley Mental Health"
  }
}