{
  "action": {
    "misuse": {
      "variety": [
        "Data mishandling"
      ],
      "vector": [
        "Unknown"
      ]
    }
  },
  "actor": {
    "internal": {
      "job_change": [
        "Unknown"
      ],
      "motive": [
        "Unknown"
      ],
      "variety": [
        "End-user"
      ]
    }
  },
  "asset": {
    "assets": [
      {
        "variety": "S - Database"
      }
    ],
    "cloud": [
      "Unknown"
    ]
  },
  "attribute": {
    "confidentiality": {
      "data": [
        {
          "amount": 9,
          "variety": "Medical"
        }
      ],
      "data_disclosure": "Unknown",
      "data_total": 9,
      "data_victim": [
        "Patient"
      ],
      "notes": "incident erupted when13 clinicians had hacked into Cy Walsh's medical records without authority; at least nine patients have had their records browsed without authority by at least 24 SA Health staff.",
      "state": [
        "Stored"
      ]
    }
  },
  "discovery_method": {
    "unknown": true
  },
  "discovery_notes": "The Government has declined to reveal full details of how it discovered health staff were inappropriately accessing patient records including whether it was a small scale sample audit that stumbled across the cases or a blanket audit of all records.",
  "impact": {
    "overall_rating": "Unknown"
  },
  "incident_id": "C24772E3-BDBB-4FD9-A19C-3A9E516EB120",
  "notes": "13 clinicians had hacked into Cy Walsh's medical records without authority; overall, at least nine patients have had their records browsed without authority by at least 24 SA Health staff.",
  "plus": {
    "analysis_status": "Finalized",
    "analyst": "anastasia",
    "attribute": {
      "confidentiality": {
        "credit_monitoring": "Unknown"
      }
    },
    "created": "2016-06-20T13:06:00Z",
    "dbir_year": 2017,
    "github": "7840",
    "master_id": "0DE545FE-EB10-442E-9714-13174EF474AE",
    "modified": "2016-06-20T16:54:00Z",
    "sub_source": "phidbr",
    "timeline": {
      "notification": {
        "day": 13,
        "month": 2,
        "year": 2016
      }
    }
  },
  "reference": "http://www.adelaidenow.com.au/news/south-australia/three-more-people-sacked-for-snooping-on-patients-records/news-story/dbd37e960f96e2f89b1ccc0cdb060ec6;  http://www.adelaidenow.com.au/news/south-australia/three-more-people-sacked-for-snooping-on-patients-records/news-story/dbd37e960f96e2f89b1ccc0cdb060ec6  ",
  "schema_version": "1.3.4",
  "security_incident": "Confirmed",
  "source_id": "vcdb",
  "summary": "Three more people sacked for snooping on patients' records - South Australian Health",
  "timeline": {
    "discovery": {
      "unit": "Months",
      "value": 12.0
    },
    "incident": {
      "month": 2,
      "year": 2015
    }
  },
  "victim": {
    "country": [
      "AU"
    ],
    "employee_count": "10001 to 25000",
    "industry": "541711",
    "region": [
      "009053"
    ],
    "victim_id": "SA Health"
  }
}