{
  "action": {
    "error": {
      "variety": [
        "Misdelivery"
      ],
      "vector": [
        "Carelessness"
      ]
    }
  },
  "actor": {
    "internal": {
      "motive": [
        "NA"
      ],
      "variety": [
        "Unknown"
      ]
    }
  },
  "asset": {
    "assets": [
      {
        "variety": "S - Mail"
      }
    ],
    "cloud": [
      "Unknown"
    ]
  },
  "attribute": {
    "confidentiality": {
      "data": [
        {
          "variety": "Unknown"
        }
      ],
      "data_disclosure": "Yes",
      "data_total": 41
    }
  },
  "discovery_method": {
    "unknown": true
  },
  "incident_id": "0DEFAE56-694B-472F-96F5-A04488B76453",
  "plus": {
    "analysis_status": "First pass",
    "analyst": "swidup",
    "created": "2014-07-30T19:04:08Z",
    "dbir_year": 2014,
    "master_id": "0DEFAE56-694B-472F-96F5-A04488B76453",
    "modified": "2015-02-13T16:50:35Z"
  },
  "reference": "http://vcdb.org/pdf/va-security.pdf",
  "schema_version": "1.3.4",
  "security_incident": "Confirmed",
  "source_id": "vcdb",
  "summary": "On Wednesday, June 15, 2011, the Durham Information Security team received an email from an employee at the Durham Medical Center to alert us to an unencrypted email containing 41 employee names and social security numbers. A Durham Information Security Officer contacted the supervisor of the employee that sent the message and brought the incident to the attention of the Durham Privacy Officer and executive leadership. The unencrypted e-mail message was sent to 150+ VA employees within the VA Intranet. The responsible employee was instructed to recall the message as well as delete it from the inbox and deleted items folder. The incident has been reported to the VA National Security Operations Center and the employee will be taking the Privacy Awareness and Cyber Security Training within one week. The training certificates will be sent to the Durham Information Security Officer.\nIncident Update\n06/15/11:\nDue to the number of individuals that received the unencrypted email with Employees full SSN, the 41 Employees will receive a letter offering credit protection services.",
  "timeline": {
    "incident": {
      "day": 15,
      "month": 6,
      "year": 2011
    }
  },
  "victim": {
    "country": [
      "US"
    ],
    "employee_count": "Over 100000",
    "industry": "923140",
    "region": [
      "019021"
    ],
    "state": "NC",
    "victim_id": "United States Department of Veterans Affairs"
  }
}