{
  "action": {
    "error": {
      "variety": [
        "Loss"
      ],
      "vector": [
        "Unknown"
      ]
    }
  },
  "actor": {
    "internal": {
      "motive": [
        "NA"
      ],
      "variety": [
        "Unknown"
      ]
    }
  },
  "asset": {
    "assets": [
      {
        "variety": "M - Documents"
      }
    ],
    "cloud": [
      "Unknown"
    ]
  },
  "attribute": {
    "availability": {
      "variety": [
        "Loss"
      ]
    },
    "confidentiality": {
      "data": [
        {
          "variety": "Unknown"
        }
      ],
      "data_disclosure": "Yes",
      "data_total": 89
    }
  },
  "discovery_method": {
    "unknown": true
  },
  "incident_id": "56CE8DF5-D4CB-4644-8DF6-98CD1C5D4054",
  "plus": {
    "analyst": "swid/Hyl",
    "created": "2016-02-10T07:07:18Z",
    "dbir_year": 2016,
    "master_id": "0DF1228D-1DB3-42B3-9C67-1DCF83180799",
    "modified": "2016-02-10T07:07:18Z"
  },
  "reference": "http://vcdb.org/pdf/va-security-jul-2015.pdf",
  "schema_version": "1.3.4",
  "security_incident": "Confirmed",
  "source_id": "vcdb",
  "summary": "A dental student tore pages out of a procedure/prep book which contains names, last four digits of the SSN, and the dental procedures of Veterans. When asked why the pages were torn out, the dental student replied that he put the pages in the burn box. Upon further investigation, it was found that the pages were not in the burn box and therefore it is questionable as to what happened to these pages. The student has since left the program.",
  "timeline": {
    "incident": {
      "day": 10,
      "month": 7,
      "year": 2015
    }
  },
  "victim": {
    "country": [
      "US"
    ],
    "employee_count": "Over 100000",
    "industry": "923140",
    "region": [
      "019021"
    ],
    "state": "NY",
    "victim_id": "United States Department of Veterans Affairs"
  }
}