{
  "action": {
    "hacking": {
      "variety": [
        "Unknown"
      ],
      "vector": [
        "Unknown"
      ]
    }
  },
  "actor": {
    "external": {
      "country": [
        "Unknown"
      ],
      "motive": [
        "Unknown"
      ],
      "region": [
        "000000"
      ],
      "variety": [
        "Unknown"
      ]
    }
  },
  "asset": {
    "assets": [
      {
        "variety": "S - Unknown"
      }
    ],
    "cloud": [
      "Unknown"
    ]
  },
  "attribute": {
    "confidentiality": {
      "data": [
        {
          "amount": 6000,
          "variety": "Medical"
        }
      ],
      "data_disclosure": "Yes",
      "data_total": 6000
    }
  },
  "discovery_method": {
    "unknown": true
  },
  "impact": {
    "overall_rating": "Unknown"
  },
  "incident_id": "0DF3FD25-68C5-42A9-92FE-F21D4AD5C359",
  "plus": {
    "analysis_status": "First pass",
    "created": "2013-04-12T22:29:56Z",
    "master_id": "0DF3FD25-68C5-42A9-92FE-F21D4AD5C359",
    "modified": "2014-04-27T19:37:02Z"
  },
  "schema_version": "1.3.4",
  "security_incident": "Confirmed",
  "source_id": "vcdb",
  "timeline": {
    "discovery": {
      "unit": "Unknown"
    },
    "incident": {
      "day": 16,
      "month": 2,
      "year": 2011
    }
  },
  "victim": {
    "country": [
      "US"
    ],
    "employee_count": "1 to 10",
    "industry": "621111",
    "region": [
      "019021"
    ],
    "state": "NC",
    "victim_id": "Keith & Fisher, DDS, PA"
  }
}