{
  "action": {
    "physical": {
      "variety": [
        "Theft"
      ],
      "vector": [
        "Personal residence"
      ]
    }
  },
  "actor": {
    "external": {
      "country": [
        "Unknown"
      ],
      "motive": [
        "Financial"
      ],
      "region": [
        "000000"
      ],
      "variety": [
        "Unknown"
      ]
    }
  },
  "asset": {
    "assets": [
      {
        "variety": "U - Laptop"
      },
      {
        "variety": "U - Desktop or laptop"
      }
    ],
    "cloud": [
      "Unknown"
    ]
  },
  "attribute": {
    "availability": {
      "variety": [
        "Loss"
      ]
    },
    "confidentiality": {
      "data": [
        {
          "variety": "Personal"
        }
      ],
      "data_disclosure": "Potentially",
      "data_total": 43,
      "data_victim": [
        "Customer"
      ],
      "state": [
        "Stored unencrypted"
      ]
    }
  },
  "discovery_method": {
    "internal": {
      "variety": [
        "Reported by employee"
      ]
    }
  },
  "impact": {
    "iso_currency_code": "GBP",
    "loss": [
      {
        "amount": 200000,
        "variety": "Legal and regulatory"
      }
    ],
    "notes": "Regulatory fine;",
    "overall_amount": 200000,
    "overall_rating": "Unknown"
  },
  "incident_id": "0E1CBE78-9EED-4D73-9779-F6B575481267",
  "plus": {
    "analysis_status": "Finalized",
    "analyst": "swidup",
    "attribute": {
      "confidentiality": {
        "credit_monitoring": "Unknown"
      }
    },
    "created": "2016-02-07T03:15:00Z",
    "dbir_year": 2016,
    "github": "6571",
    "master_id": "0E1CBE78-9EED-4D73-9779-F6B575481267",
    "modified": "2016-02-07T03:15:00Z",
    "timeline": {
      "notification": {
        "year": 2015
      }
    }
  },
  "reference": "http://www.mcphersonsentinel.com/article/ZZ/20151104/NEWS/311049957; http://www.theguardian.com/law/2015/nov/04/cps-fined-over-theft-of-laptops-holding-interviews-with-sex-attack-victims; http://www.computing.co.uk/ctg/news/2433525/crown-prosecution-service-fined-gbp200-000-for-losing-unencrypted-laptops-holding-video-interviews-with-victims",
  "schema_version": "1.3.4",
  "security_incident": "Confirmed",
  "source_id": "vcdb",
  "summary": "Britain's Information Commissioner's Office has fined the national Crown Prosecution Service 200,000 pounds ($308,000) for negligence in failing to ensure the security of laptops containing police interviews of victims and witnesses \" some in historic abuse allegations. The ICO says the laptops were stolen from a Manchester-based film company, which was editing them to be used in criminal proceedings. Some 31 investigations were involved, some of which were \"related to historical allegations against a high-profile individual.\" The ICO declined to name the individual. The studio was in an apartment that was burgled, and although the laptops were password protected, the material was not encrypted. The laptops were recovered. The ICO says the CPS \"did not take into account the substantial distress that would be caused if the videos were lost.",
  "timeline": {
    "incident": {
      "year": 2015
    }
  },
  "victim": {
    "country": [
      "GB"
    ],
    "employee_count": "Unknown",
    "industry": "92212",
    "region": [
      "150154"
    ],
    "victim_id": "Crown Prosecution Service"
  }
}