{
  "action": {
    "error": {
      "variety": [
        "Publishing error"
      ],
      "vector": [
        "Inadequate processes"
      ]
    }
  },
  "actor": {
    "partner": {
      "country": [
        "Unknown",
        "US"
      ],
      "industry": "541611",
      "motive": [
        "Unknown",
        "NA"
      ],
      "notes": "EasyDraft",
      "region": [
        "019021"
      ]
    }
  },
  "asset": {
    "assets": [
      {
        "variety": "S - Web application"
      }
    ],
    "cloud": [
      "Unknown"
    ],
    "hosting": [
      "External - unknown environment"
    ],
    "management": [
      "External"
    ],
    "ownership": [
      "Partner"
    ]
  },
  "attribute": {
    "confidentiality": {
      "data": [
        {
          "variety": "Bank"
        },
        {
          "variety": "Personal"
        }
      ],
      "data_disclosure": "Yes",
      "data_victim": [
        "Customer"
      ],
      "state": [
        "Stored unencrypted"
      ]
    }
  },
  "discovery_method": {
    "unknown": true
  },
  "impact": {
    "overall_rating": "Unknown"
  },
  "incident_id": "0E234808-4D88-4EEC-AD0E-BC109B3E8D07",
  "plus": {
    "analysis_status": "First pass",
    "analyst": "swidup",
    "attribute": {
      "confidentiality": {
        "credit_monitoring": "Unknown"
      }
    },
    "created": "2015-03-05T04:53:56Z",
    "github": "1436",
    "master_id": "0E234808-4D88-4EEC-AD0E-BC109B3E8D07",
    "modified": "2015-03-05T04:53:56Z",
    "timeline": {
      "notification": {
        "day": 27,
        "month": 1,
        "year": 2014
      }
    }
  },
  "reference": "http://www.esecurityplanet.com/network-security/easydraft-data-breach-exposes-bright-horizons-customers-financial-data.html; http://doj.nh.gov/consumer/security-breaches/documents/bright-horizons-easy-draft-20140121.pdf",
  "schema_version": "1.3.4",
  "security_incident": "Confirmed",
  "source_id": "vcdb",
  "summary": "EasyDraft, which processes payments for Bright Horizons Family Solutions, recently began notifying an undisclosed number of current and former Bright Horizons customers that their names, bank routing numbers and bank account numbers were mistakenly made available online (h/t DataBreaches.net).  According to the notification letter [PDF], Bright Horizons learned on January 8, 2014 that one of EasyDraft's internal Web sites was accessible online, and informed EasyDraft of the issue.  The Web site in question was then shut down, and an investigation determined that the Web server storing the files had been misconfigured since October 8, 2012, \"resulting in a lack of proper secure authentication requirements,\" according to EasyDraft.",
  "timeline": {
    "incident": {
      "month": 10,
      "year": 2012
    }
  },
  "victim": {
    "country": [
      "US"
    ],
    "employee_count": "10001 to 25000",
    "industry": "624410",
    "region": [
      "019021"
    ],
    "state": "MA",
    "victim_id": "Bright Horizons Family Solutions Inc"
  }
}