{
  "action": {
    "error": {
      "variety": [
        "Misdelivery"
      ],
      "vector": [
        "Unknown"
      ]
    }
  },
  "actor": {
    "external": {
      "country": [
        "Unknown"
      ],
      "motive": [
        "Unknown"
      ],
      "region": [
        "000000"
      ],
      "variety": [
        "Unknown"
      ]
    },
    "internal": {
      "motive": [
        "NA"
      ],
      "variety": [
        "Unknown",
        "Executive"
      ]
    }
  },
  "asset": {
    "assets": [
      {
        "variety": "M - Disk media"
      }
    ],
    "cloud": [
      "Unknown"
    ]
  },
  "attribute": {
    "confidentiality": {
      "data": [
        {
          "amount": 1200,
          "variety": "Personal"
        }
      ],
      "data_disclosure": "Yes",
      "data_total": 1200,
      "data_victim": [
        "Employee"
      ],
      "state": [
        "Transmitted"
      ]
    }
  },
  "discovery_method": {
    "external": {
      "variety": [
        "Customer"
      ]
    }
  },
  "impact": {
    "overall_rating": "Unknown"
  },
  "incident_id": "5A3FEF2B-B57D-4BF7-A132-41F2E6E8573D",
  "plus": {
    "analysis_status": "Finalized",
    "analyst": "Robert-Topper",
    "attribute": {
      "confidentiality": {
        "credit_monitoring": "Unknown"
      }
    },
    "created": "2016-09-21T18:25:00Z",
    "dbir_year": 2017,
    "github": "7894",
    "master_id": "0E29FDE2-855F-4FD0-AC08-7BD46501FFF2",
    "modified": "2016-09-21T18:32:00Z",
    "timeline": {
      "notification": {
        "day": 9,
        "month": 6,
        "year": 2016
      }
    }
  },
  "reference": "http://www.databreaches.net/ma-saugus-employees-personal-information-released-during-discovery-phase-of-rivers-lawsuit-against-town/; http://www.itemlive.com/news/nothing-personal-for-saugus-employees/; http://saugus.wickedlocal.com/news/20160609/saugus-employees-personal-information-released-during-discovery-phase-of-rivers-lawsuit-against-town",
  "schema_version": "1.3.4",
  "security_incident": "Confirmed",
  "source_id": "vcdb",
  "summary": "attorney sends attorney a lot of PII",
  "timeline": {
    "incident": {
      "day": 9,
      "month": 6,
      "year": 2016
    }
  },
  "victim": {
    "country": [
      "US"
    ],
    "employee_count": "Large",
    "industry": "921110",
    "locations_affected": 1,
    "region": [
      "019021"
    ],
    "state": "MA",
    "victim_id": "Saugus"
  }
}