{
  "action": {
    "hacking": {
      "variety": [
        "DoS"
      ],
      "vector": [
        "Web application"
      ]
    },
    "social": {
      "target": [
        "Unknown"
      ],
      "variety": [
        "Extortion"
      ],
      "vector": [
        "Unknown"
      ]
    }
  },
  "actor": {
    "external": {
      "country": [
        "Unknown"
      ],
      "motive": [
        "Financial"
      ],
      "region": [
        "000000"
      ],
      "variety": [
        "Unknown"
      ]
    }
  },
  "asset": {
    "assets": [
      {
        "variety": "S - Web application"
      },
      {
        "variety": "P - Unknown"
      }
    ],
    "cloud": [
      "Unknown"
    ]
  },
  "attribute": {
    "availability": {
      "variety": [
        "Interruption"
      ]
    },
    "integrity": {
      "variety": [
        "Alter behavior"
      ]
    }
  },
  "discovery_method": {
    "external": {
      "variety": [
        "Actor disclosure"
      ]
    }
  },
  "impact": {
    "overall_rating": "Unknown"
  },
  "incident_id": "0E2A6DBE-AD85-4382-B3D2-C9876E405B8C",
  "plus": {
    "analysis_status": "First pass",
    "analyst": "blackfist",
    "created": "2014-06-11T20:31:00Z",
    "github": "2320",
    "master_id": "0E2A6DBE-AD85-4382-B3D2-C9876E405B8C",
    "modified": "2014-06-11T20:31:00Z",
    "timeline": {
      "notification": {
        "day": 11,
        "month": 6,
        "year": 2014
      }
    }
  },
  "reference": "http://www.pcpro.co.uk/news/security/389233/feedly-and-evernote-hit-with-ddos-after-refusing-to-pay-ransom;http://mashable.com/2014/06/11/evernote-feedly-hacked/;http://blog.feedly.com/2014/06/11/denial-of-service-attack/;http://www.forbes.com/sites/jaymcgregor/2014/06/11/feedly-and-evernote-go-down-as-attackers-demand-ransom/",
  "schema_version": "1.3.4",
  "security_incident": "Confirmed",
  "source_id": "vcdb",
  "summary": "Criminals are attacking feedly with a distributed denial of service attack (DDoS). The attacker is trying to extort us money to make it stop. We refused to give in and are working with our network providers to mitigate the attack as best as we can.",
  "timeline": {
    "containment": {
      "unit": "Hours"
    },
    "discovery": {
      "unit": "Minutes"
    },
    "exfiltration": {
      "unit": "NA"
    },
    "incident": {
      "day": 11,
      "month": 6,
      "year": 2014
    }
  },
  "victim": {
    "country": [
      "US"
    ],
    "employee_count": "Small",
    "industry": "511210",
    "region": [
      "019021"
    ],
    "secondary": {
      "amount": 1,
      "victim_id": [
        "Evernote"
      ]
    },
    "victim_id": "Feedly"
  }
}