{
  "action": {
    "misuse": {
      "variety": [
        "Possession abuse"
      ],
      "vector": [
        "Physical access"
      ]
    }
  },
  "actor": {
    "internal": {
      "motive": [
        "Unknown",
        "Financial"
      ],
      "variety": [
        "Executive"
      ]
    }
  },
  "asset": {
    "assets": [
      {
        "variety": "Unknown"
      }
    ],
    "cloud": [
      "Unknown"
    ]
  },
  "attribute": {
    "confidentiality": {
      "data": [
        {
          "variety": "Medical"
        },
        {
          "variety": "Personal"
        }
      ],
      "data_disclosure": "Yes",
      "data_victim": [
        "Patient"
      ],
      "state": [
        "Unknown"
      ]
    },
    "integrity": {
      "variety": [
        "Fraudulent transaction"
      ]
    }
  },
  "discovery_method": {
    "unknown": true
  },
  "impact": {
    "overall_rating": "Unknown"
  },
  "incident_id": "6A703FC6-972F-475F-857C-4CB39A808032",
  "plus": {
    "analysis_status": "Finalized",
    "analyst": "swidup",
    "attribute": {
      "confidentiality": {
        "credit_monitoring": "Unknown"
      }
    },
    "created": "2016-08-29T20:00:00Z",
    "dbir_year": 2016,
    "github": "8189",
    "master_id": "0E2E99D0-6EFA-43DA-9029-4F37F6F09029",
    "modified": "2016-08-29T20:06:00Z",
    "sub_source": "phidbr",
    "timeline": {
      "notification": {
        "month": 8,
        "year": 2015
      }
    }
  },
  "reference": "https://thetelegraph.com/news/86927/woman-sentenced-for-nursing-home-fraud-embezzlement; http://wlds.com/news/chaudoin-convicted-in-jax-nursing-home-fraud-case/",
  "schema_version": "1.3.4",
  "security_incident": "Confirmed",
  "source_id": "vcdb",
  "summary": "A former nursing home office manager will serve nearly eight months in federal prison and pay restitution of more than $40,000 after stealing from four residents of two homes, one in Jacksonville.  The woman, Kristin Chaudoin, 34, of Decatur, pleaded guilty to embezzlement, use of an unauthorized access device and wire fraud on Aug. 5, 2015. She admitted stealing from residents of North Church Nursing and Rehabilitation Center in Jacksonville and the Lincoln Rehabilitation Center in Decatur. She will pay $40,750.24 in restitution.  \"It's disturbing to see someone taking advantage of people they have been entrusted to care for,\" Illinois State Police Capt. Brian Ley said. \"Our hope is that our investigations, coupled with aggressive prosecution, will reduce the amount of fraud and embezzlement occurring against senior citizens in Illinois.\"  The guilty plea stemmed from an eight-month investigation by Illinois State Police (ISP) Medicaid Fraud Control Bureau (MFCB) and the Social Security Administration's Office of Inspector General (SSA-OIG). ISP MFCB had received a complaint from the Illinois Department of Public Health on Dec. 4, 2013, concerning possible misappropriation of multiple residents' trust funds.  A U.S. District Judge in Springfield sentenced Chaudoin to federal prison on July 22, beginning later this month. Upon release from prison, she also must serve nearly eight months of home confinement and then will be on supervised release for three years.  Chaudoin was ordered to pay restitution of $36,313.79 to the Social Security Administration and $4,436.45 to Aperion Care, which has since taken over the two nursing homes.",
  "timeline": {
    "incident": {
      "year": 2015
    }
  },
  "victim": {
    "country": [
      "US"
    ],
    "employee_count": "Unknown",
    "industry": "623110",
    "region": [
      "019021"
    ],
    "secondary": {
      "amount": 1,
      "victim_id": [
        "Lincoln Rehabilitation Center"
      ]
    },
    "state": "IL",
    "victim_id": "North Church Nursing and Rehabilitation Center"
  }
}