{
  "action": {
    "misuse": {
      "variety": [
        "Privilege abuse"
      ],
      "vector": [
        "Remote access"
      ]
    }
  },
  "actor": {
    "internal": {
      "motive": [
        "Other"
      ],
      "variety": [
        "End-user"
      ]
    }
  },
  "asset": {
    "assets": [
      {
        "variety": "S - Web application"
      }
    ],
    "cloud": [
      "Unknown"
    ]
  },
  "attribute": {
    "confidentiality": {
      "data": [
        {
          "variety": "Classified"
        }
      ],
      "data_disclosure": "Yes",
      "data_victim": [
        "Employee"
      ],
      "state": [
        "Unknown"
      ]
    }
  },
  "discovery_method": {
    "unknown": true
  },
  "impact": {
    "overall_rating": "Unknown"
  },
  "incident_id": "0E34D0DA-F238-4398-8B1A-985D1ED6A50A",
  "plus": {
    "analysis_status": "First pass",
    "analyst": "dhylender",
    "attribute": {
      "confidentiality": {
        "credit_monitoring": "Unknown"
      }
    },
    "created": "2014-06-29T19:34:00Z",
    "github": "3932",
    "master_id": "0E34D0DA-F238-4398-8B1A-985D1ED6A50A",
    "modified": "2014-06-29T19:34:00Z",
    "timeline": {
      "notification": {
        "day": 27,
        "month": 6,
        "year": 2014
      }
    }
  },
  "reference": "http://www.kimatv.com/home/video/KIMA-asks-police-about-sensitive-record-security-after-recent-breach-264825911.html",
  "schema_version": "1.3.4",
  "security_incident": "Confirmed",
  "source_id": "vcdb",
  "summary": "Former Police officer accessed files from open murder cases and internal investigations into other police officers without proper authorization or need to know.",
  "timeline": {
    "incident": {
      "year": 2014
    }
  },
  "victim": {
    "country": [
      "US"
    ],
    "employee_count": "Unknown",
    "industry": "921110",
    "region": [
      "019021"
    ],
    "state": "WA",
    "victim_id": "Yakima Police Department"
  }
}