{
  "action": {
    "hacking": {
      "variety": [
        "Unknown"
      ],
      "vector": [
        "Web application"
      ]
    }
  },
  "actor": {
    "external": {
      "country": [
        "Unknown"
      ],
      "motive": [
        "Ideology"
      ],
      "region": [
        "000000"
      ],
      "variety": [
        "Activist"
      ]
    }
  },
  "asset": {
    "assets": [
      {
        "variety": "S - Web application"
      }
    ],
    "cloud": [
      "Unknown"
    ]
  },
  "attribute": {
    "integrity": {
      "variety": [
        "Modify data",
        "Repurpose"
      ]
    }
  },
  "discovery_method": {
    "external": {
      "variety": [
        "Actor disclosure"
      ]
    }
  },
  "incident_id": "0E383085-EFF4-4C41-BC85-BD74BA920000",
  "notes": "OpBangladesh",
  "plus": {
    "analysis_status": "First pass",
    "analyst": "blackfist",
    "created": "2013-12-30T22:04:23Z",
    "github": "1194",
    "master_id": "0E383085-EFF4-4C41-BC85-BD74BA920000",
    "modified": "2014-04-27T19:37:02Z",
    "timeline": {
      "notification": {
        "day": 30,
        "month": 12,
        "year": 2013
      }
    }
  },
  "reference": "http://news.softpedia.com/news/Anonymous-Hackers-Target-Website-of-Prime-Minister-in-Operation-Bangladesh-412749.shtml (20131230)",
  "schema_version": "1.3.4",
  "security_incident": "Confirmed",
  "source_id": "vcdb",
  "summary": "Hackers of the Anonymous movement have resumed the anti-government campaign dubbed Operation Bangladesh (OpBangladesh). Over the past hours, theyve targeted at least three government websites.",
  "timeline": {
    "incident": {
      "year": 2013
    }
  },
  "victim": {
    "country": [
      "BD"
    ],
    "employee_count": "Unknown",
    "industry": "921",
    "region": [
      "142034"
    ],
    "victim_id": "BD Government"
  }
}