{
  "action": {
    "hacking": {
      "variety": [
        "Use of stolen creds"
      ],
      "vector": [
        "Unknown"
      ]
    },
    "malware": {
      "variety": [
        "Client-side attack"
      ],
      "vector": [
        "Unknown"
      ]
    },
    "social": {
      "target": [
        "Partner"
      ],
      "variety": [
        "Forgery"
      ],
      "vector": [
        "Website"
      ]
    }
  },
  "actor": {
    "external": {
      "country": [
        "Unknown"
      ],
      "motive": [
        "Financial"
      ],
      "region": [
        "000000"
      ],
      "variety": [
        "Organized crime"
      ]
    }
  },
  "asset": {
    "assets": [
      {
        "variety": "U - Desktop"
      },
      {
        "variety": "P - Partner"
      },
      {
        "variety": "S - Unknown"
      },
      {
        "variety": "S - Web application"
      },
      {
        "variety": "U - Desktop or laptop"
      }
    ],
    "cloud": [
      "Unknown"
    ],
    "management": [
      "External"
    ],
    "notes": "Following enumerations present before veris 1.3.3 removed: asset.governance.Personally owned."
  },
  "attribute": {
    "availability": {
      "notes": "DDoS",
      "variety": [
        "Interruption"
      ]
    },
    "confidentiality": {
      "data": [
        {
          "variety": "Bank"
        }
      ],
      "data_disclosure": "Yes",
      "data_victim": [
        "Partner"
      ],
      "state": [
        "Unknown"
      ]
    },
    "integrity": {
      "notes": "B2B Customer redirected to site saying that legitimate site was offline. Malware on customer device performed redirection",
      "variety": [
        "Alter behavior",
        "Software installation"
      ]
    }
  },
  "discovery_method": {
    "external": {
      "variety": [
        "Unknown"
      ]
    }
  },
  "impact": {
    "loss": [
      {
        "amount": 900000,
        "variety": "Asset and fraud"
      }
    ],
    "overall_amount": 900000,
    "overall_rating": "Unknown"
  },
  "incident_id": "0E3A7E6B-5650-487F-BF8A-0FA590A87ED9",
  "plus": {
    "analysis_status": "First pass",
    "analyst": "Spitler",
    "attribute": {
      "confidentiality": {
        "credit_monitoring": "Unknown",
        "data_abuse": "Yes"
      }
    },
    "created": "2013-09-03T14:54:00Z",
    "master_id": "0E3A7E6B-5650-487F-BF8A-0FA590A87ED9",
    "modified": "2014-05-10T17:32:28Z",
    "timeline": {
      "notification": {
        "day": 19,
        "month": 2,
        "year": 2013
      }
    }
  },
  "reference": "http://krebsonsecurity.com/2013/02/ddos-attack-on-bank-hid-900000-cyberheist/; http://www.fiercecomplianceit.com/story/lessons-learned-cautionary-tale-cybercrime/2013-03-17",
  "schema_version": "1.3.4",
  "security_incident": "Confirmed",
  "source_id": "vcdb",
  "summary": "DDoS coordinated with account takeover via stolen creds.",
  "timeline": {
    "discovery": {
      "unit": "Days"
    },
    "exfiltration": {
      "unit": "Minutes"
    },
    "incident": {
      "day": 24,
      "month": 12,
      "year": 2012
    }
  },
  "victim": {
    "country": [
      "US"
    ],
    "employee_count": "Unknown",
    "industry": "522110",
    "region": [
      "019021"
    ],
    "victim_id": "Bank of the West"
  }
}