{
  "action": {
    "error": {
      "variety": [
        "Misdelivery"
      ],
      "vector": [
        "Carelessness"
      ]
    }
  },
  "actor": {
    "internal": {
      "motive": [
        "NA"
      ],
      "variety": [
        "Unknown"
      ]
    }
  },
  "asset": {
    "assets": [
      {
        "variety": "M - Documents"
      }
    ],
    "cloud": [
      "Unknown"
    ]
  },
  "attribute": {
    "confidentiality": {
      "data": [
        {
          "variety": "Unknown"
        }
      ],
      "data_disclosure": "Yes",
      "data_total": 1
    }
  },
  "discovery_method": {
    "unknown": true
  },
  "incident_id": "0E3D8F11-1F0C-43A4-80A8-05A82ADC75E9",
  "plus": {
    "analysis_status": "First pass",
    "analyst": "swidup",
    "created": "2014-07-30T19:04:08Z",
    "dbir_year": 2014,
    "master_id": "0E3D8F11-1F0C-43A4-80A8-05A82ADC75E9",
    "modified": "2015-02-13T16:50:35Z"
  },
  "reference": "http://vcdb.org/pdf/va-security.pdf",
  "schema_version": "1.3.4",
  "security_incident": "Confirmed",
  "source_id": "vcdb",
  "summary": "Veteran A called the Portland VAMC and stated he received a letter from his PCP's office, dated 7/18/2012, reporting recent lab results. He turned the page over and found Veteran Bs medical record information on the back side of the page. Included in this other patient's information was his full name, date of birth, full social security number and specific medical record information, which Veteran A provided to the employee who received the call. From the description, the other patient's information was not in letter form (i.e. test results) but actual printed CPRS medical records. The caller indicated Veteran Bs information was printed on 7/17/12 at 18:33. There is a single page note from a VA provider to Veteran B that was electronically signed on the indicated date and time.",
  "timeline": {
    "incident": {
      "day": 23,
      "month": 7,
      "year": 2012
    }
  },
  "victim": {
    "country": [
      "US"
    ],
    "employee_count": "Over 100000",
    "industry": "923140",
    "region": [
      "019021"
    ],
    "state": "OR",
    "victim_id": "United States Department of Veterans Affairs"
  }
}