{
  "action": {
    "misuse": {
      "variety": [
        "Privilege abuse"
      ],
      "vector": [
        "Physical access"
      ]
    }
  },
  "actor": {
    "internal": {
      "job_change": [
        "Let go"
      ],
      "motive": [
        "Fun",
        "Unknown"
      ],
      "variety": [
        "Unknown",
        "End-user"
      ]
    }
  },
  "asset": {
    "assets": [
      {
        "variety": "S - Database"
      }
    ],
    "cloud": [
      "Unknown"
    ]
  },
  "attribute": {
    "confidentiality": {
      "data": [
        {
          "amount": 34,
          "variety": "Medical"
        }
      ],
      "data_disclosure": "Yes",
      "data_total": 34,
      "data_victim": [
        "Patient"
      ],
      "state": [
        "Stored encrypted"
      ]
    }
  },
  "discovery_method": {
    "internal": {
      "variety": [
        "It review"
      ]
    }
  },
  "impact": {
    "overall_rating": "Unknown"
  },
  "incident_id": "82F0C204-68F3-469F-B4E3-3871BD414EFE",
  "plus": {
    "analysis_status": "Finalized",
    "analyst": "Robert-Topper",
    "attribute": {
      "confidentiality": {
        "credit_monitoring": "Unknown",
        "data_abuse": "Yes"
      }
    },
    "created": "2016-10-25T19:21:00Z",
    "dbir_year": 2017,
    "github": "8071",
    "master_id": "0E4D7E7A-9FF2-488C-A9D6-B81FAB5C40C0",
    "modified": "2016-10-25T19:30:00Z",
    "sub_source": "phidbr",
    "timeline": {
      "notification": {
        "day": 8,
        "month": 7,
        "year": 2016
      }
    }
  },
  "reference": "http://www.timescolonist.com/news/local/island-health-reports-another-privacy-breach-1.2297849; http://www.cbc.ca/news/canada/british-columbia/island-health-second-privacy-breach-1.3670879",
  "schema_version": "1.3.4",
  "security_incident": "Confirmed",
  "source_id": "vcdb",
  "summary": "staff member misused access privileges to view the medical records of 34 patients",
  "timeline": {
    "incident": {
      "day": 8,
      "month": 7,
      "year": 2016
    }
  },
  "victim": {
    "country": [
      "CA"
    ],
    "employee_count": "1001 to 10000",
    "industry": "622110",
    "locations_affected": 1,
    "region": [
      "019021"
    ],
    "victim_id": "Island Health"
  }
}