{
  "action": {
    "error": {
      "variety": [
        "Publishing error"
      ],
      "vector": [
        "Unknown"
      ]
    }
  },
  "actor": {
    "internal": {
      "motive": [
        "NA"
      ],
      "variety": [
        "System admin"
      ]
    }
  },
  "asset": {
    "assets": [
      {
        "variety": "S - Web application"
      }
    ],
    "cloud": [
      "Unknown"
    ]
  },
  "attribute": {
    "confidentiality": {
      "data": [
        {
          "variety": "Personal"
        }
      ],
      "data_disclosure": "Yes"
    }
  },
  "confidence": "Medium",
  "discovery_method": {
    "external": {
      "variety": [
        "Customer"
      ]
    }
  },
  "incident_id": "4f3bea20-c494-11e7-9a8b-47d1b690bc01",
  "plus": {
    "analysis_status": "Validated",
    "analyst": "Spitler",
    "created": "2017-11-08T19:55:33.109Z",
    "dbir_year": 2018,
    "github": "9621",
    "master_id": "0e53f6c2-cd9c-4075-ad62-e7c9f95fb6b9",
    "modified": "2017-11-17T10:32:08.334Z",
    "sub_source": "phidbr"
  },
  "reference": "http://www.cleveland.com/metro/index.ssf/2017/06/cleveland_heights_no_longer_to.html",
  "schema_version": "1.3.4",
  "security_incident": "Confirmed",
  "source_id": "vcdb",
  "summary": "Publishing Error",
  "targeted": "NA",
  "timeline": {
    "incident": {
      "year": 2017
    }
  },
  "victim": {
    "country": [
      "US"
    ],
    "employee_count": "Unknown",
    "industry": "922120",
    "region": [
      "019021"
    ],
    "state": "OH",
    "victim_id": "Cleveland Heights Police Department"
  }
}