{
  "action": {
    "physical": {
      "variety": [
        "Tampering",
        "Disabled controls"
      ],
      "vector": [
        "Unknown"
      ]
    }
  },
  "actor": {
    "external": {
      "country": [
        "Unknown"
      ],
      "motive": [
        "Financial"
      ],
      "region": [
        "000000"
      ],
      "variety": [
        "Unknown"
      ]
    }
  },
  "asset": {
    "assets": [
      {
        "variety": "T - Gas terminal"
      }
    ],
    "cloud": [
      "Unknown"
    ]
  },
  "attribute": {
    "availability": {
      "notes": "pump was broken after skimmer installed, fixed by removing the skimmer",
      "variety": [
        "Interruption"
      ]
    },
    "confidentiality": {
      "data": [
        {
          "variety": "Payment"
        }
      ],
      "data_disclosure": "Yes",
      "data_victim": [
        "Customer"
      ],
      "state": [
        "Processed"
      ]
    },
    "integrity": {
      "variety": [
        "Hardware tampering"
      ]
    }
  },
  "discovery_method": {
    "internal": {
      "variety": [
        "Reported by employee"
      ]
    }
  },
  "discovery_notes": "broken pump leads to the discovery of a skimmer",
  "impact": {
    "overall_rating": "Unknown"
  },
  "incident_id": "814EBC2E-2E58-41BD-AEE6-1DA48E4374BA",
  "plus": {
    "analysis_status": "Finalized",
    "analyst": "Robert-Topper",
    "attribute": {
      "confidentiality": {
        "credit_monitoring": "Unknown",
        "data_abuse": "Yes"
      }
    },
    "created": "2016-10-17T19:54:00Z",
    "dbir_year": 2017,
    "github": "8516",
    "master_id": "0E5C3722-1544-4B72-AAF7-BF57C20C1013",
    "modified": "2016-11-04T16:30:00Z",
    "timeline": {
      "notification": {
        "day": 26,
        "month": 9,
        "year": 2016
      }
    }
  },
  "reference": "http://www.wmur.com/news/skimming-devices-found-at-salem-gas-stations/41834694",
  "schema_version": "1.3.4",
  "security_incident": "Confirmed",
  "source_id": "vcdb",
  "summary": "Gas pump skimmers",
  "timeline": {
    "incident": {
      "day": 26,
      "month": 9,
      "year": 2016
    }
  },
  "victim": {
    "country": [
      "US"
    ],
    "employee_count": "11 to 100",
    "industry": "447110",
    "locations_affected": 2,
    "region": [
      "019021"
    ],
    "state": "NH",
    "victim_id": "Gas Station"
  }
}