{
  "action": {
    "physical": {
      "variety": [
        "Theft"
      ],
      "vector": [
        "Personal vehicle"
      ]
    }
  },
  "actor": {
    "external": {
      "country": [
        "Unknown"
      ],
      "motive": [
        "Unknown"
      ],
      "region": [
        "000000"
      ],
      "variety": [
        "Unknown"
      ]
    },
    "unknown": {}
  },
  "asset": {
    "assets": [
      {
        "variety": "U - Laptop"
      },
      {
        "variety": "U - Desktop or laptop"
      }
    ],
    "cloud": [
      "Unknown"
    ],
    "notes": "Following enumerations present before veris 1.3.3 removed: asset.governance.Personally owned."
  },
  "attribute": {
    "availability": {
      "variety": [
        "Loss"
      ]
    },
    "confidentiality": {
      "data": [
        {
          "variety": "Personal"
        }
      ],
      "data_disclosure": "Potentially",
      "data_victim": [
        "Patient"
      ],
      "notes": "laptop was stolen that may contain the personal information of patients. ",
      "state": [
        "Stored"
      ]
    }
  },
  "discovery_method": {
    "unknown": true
  },
  "impact": {
    "overall_rating": "Unknown"
  },
  "incident_id": "39CDD35C-E003-44F6-BC71-83C604D448A7",
  "plus": {
    "analysis_status": "Finalized",
    "analyst": "anastasia",
    "attribute": {
      "confidentiality": {
        "credit_monitoring": "Unknown"
      }
    },
    "created": "2016-10-30T20:08:00Z",
    "dbir_year": 2017,
    "github": "7764",
    "master_id": "0E69C963-6ADC-4F10-915E-C656DE3A97C4",
    "modified": "2016-10-30T20:24:00Z",
    "sub_source": "phidbr",
    "timeline": {
      "notification": {
        "day": 25,
        "month": 2,
        "year": 2016
      }
    }
  },
  "reference": "http://www.abc10.com/news/local/stolen-state-laptop-puts-patient-information-at-risk/191106955",
  "schema_version": "1.3.4",
  "security_incident": "Confirmed",
  "source_id": "vcdb",
  "summary": "Stolen state laptop puts patient information at risk.  A laptop was stolen that may contain the personal information of patients. The theft happened from the employee's personal vehicle",
  "timeline": {
    "compromise": {
      "unit": "Minutes"
    },
    "incident": {
      "month": 2,
      "year": 2016
    }
  },
  "victim": {
    "country": [
      "US"
    ],
    "employee_count": "10001 to 25000",
    "industry": "621999",
    "region": [
      "019021"
    ],
    "state": "CA",
    "victim_id": "California Correctional Health Care Services"
  }
}