{
  "action": {
    "physical": {
      "variety": [
        "Theft"
      ],
      "vector": [
        "Victim work area"
      ]
    }
  },
  "actor": {
    "external": {
      "country": [
        "Unknown"
      ],
      "motive": [
        "Financial"
      ],
      "region": [
        "000000"
      ],
      "variety": [
        "Unknown"
      ]
    }
  },
  "asset": {
    "assets": [
      {
        "variety": "M - Flash drive"
      }
    ],
    "cloud": [
      "Unknown"
    ]
  },
  "attribute": {
    "availability": {
      "variety": [
        "Loss"
      ]
    },
    "confidentiality": {
      "data": [
        {
          "variety": "Personal"
        }
      ],
      "data_disclosure": "Potentially",
      "data_victim": [
        "Customer"
      ],
      "state": [
        "Stored unencrypted"
      ]
    }
  },
  "discovery_method": {
    "internal": {
      "variety": [
        "Reported by employee"
      ]
    }
  },
  "impact": {
    "overall_rating": "Unknown"
  },
  "incident_id": "0E754DFA-290A-4CEB-8A66-3DAD70251EF2",
  "plus": {
    "analysis_status": "First pass",
    "analyst": "swidup",
    "attribute": {
      "confidentiality": {
        "credit_monitoring": "Unknown"
      }
    },
    "created": "2014-09-22T15:56:00Z",
    "github": "3787",
    "master_id": "0E754DFA-290A-4CEB-8A66-3DAD70251EF2",
    "modified": "2014-09-22T15:56:00Z",
    "timeline": {
      "notification": {
        "day": 11,
        "month": 1,
        "year": 2013
      }
    }
  },
  "reference": "http://www.winknews.com/Local-Florida/2013-01-11/DJJ-investigating-serious-security-breach-",
  "schema_version": "1.3.4",
  "security_incident": "Confirmed",
  "source_id": "vcdb",
  "summary": "The Florida Department of Juvenile Justice (DJJ) today reported an information security breach to FDLE, due to the possibility of identity theft.   On Jan. 2, DJJ reported the theft of a mobile device containing youth and employee records to the Tallahassee Police Department (TPD), which is currently investigating the theft. DJJ has also notified the Office of Information Security.   The device, which was stolen from a secure DJJ office, was not encrypted or password-protected as required by DJJs technology policy.   This is an unacceptable lapse that could potentially expose youth and employees to identity theft, stated Secretary Wansley Walters. We are working to determine who may be affected by the breach and make sure that all other devices with confidential information are properly protected. We are partnering with TPD to track down the stolen device and have reached out to FDLE.   DJJ confirms that more than 100,000 records may have been compromised, and the agency is currently working to determine the affected individuals. DJJ is working to notify those youth and employees who may be affected, once they are determined.  DJJ issued emails with a policy reminder and prospective security instructions to all employees and contracted provider programs requiring the immediate encryption of all mobile devices that are not already protected and contain confidential data. ",
  "timeline": {
    "incident": {
      "day": 2,
      "month": 1,
      "year": 2013
    }
  },
  "victim": {
    "country": [
      "US"
    ],
    "employee_count": "1001 to 10000",
    "industry": "922140",
    "region": [
      "019021"
    ],
    "state": "FL",
    "victim_id": "Florida Department of Juvenile Justice"
  }
}