{
  "action": {
    "physical": {
      "variety": [
        "Skimmer"
      ],
      "vector": [
        "Public facility"
      ]
    }
  },
  "actor": {
    "external": {
      "country": [
        "Unknown"
      ],
      "motive": [
        "Financial"
      ],
      "region": [
        "000000"
      ],
      "variety": [
        "Organized crime"
      ]
    }
  },
  "asset": {
    "assets": [
      {
        "variety": "T - Gas terminal"
      }
    ],
    "cloud": [
      "Unknown"
    ],
    "total_amount": 1
  },
  "attribute": {
    "confidentiality": {
      "data": [
        {
          "variety": "Payment"
        }
      ],
      "data_disclosure": "Potentially",
      "data_victim": [
        "Customer"
      ],
      "state": [
        "Processed"
      ]
    },
    "integrity": {
      "variety": [
        "Hardware tampering"
      ]
    }
  },
  "confidence": "Medium",
  "discovery_method": {
    "external": {
      "variety": [
        "Customer"
      ]
    }
  },
  "incident_id": "dd3b7740-ba63-11e7-92c6-3b362a3baf5b",
  "plus": {
    "analysis_status": "Validated",
    "analyst": "cdander",
    "created": "2017-10-26T19:45:44.420Z",
    "dbir_year": 2018,
    "github": "9807",
    "master_id": "0e761c4a-4897-46fc-be6e-24503ea3ef56",
    "modified": "2017-11-17T10:32:37.661Z"
  },
  "reference": "http://wwmt.com/news/state/police-discover-credit-card-skimmer-at-eastern-michigan-gas-station",
  "schema_version": "1.3.4",
  "security_incident": "Confirmed",
  "source_id": "vcdb",
  "summary": "Police discover credit card skimmer at eastern Michigan gas station - BP",
  "targeted": "Opportunistic",
  "timeline": {
    "compromise": {
      "unit": "Minutes"
    },
    "containment": {
      "unit": "Unknown"
    },
    "discovery": {
      "unit": "Hours"
    },
    "exfiltration": {
      "unit": "Unknown"
    },
    "incident": {
      "day": 13,
      "month": 7,
      "year": 2017
    }
  },
  "victim": {
    "country": [
      "US"
    ],
    "employee_count": "10001 to 25000",
    "industry": "447110",
    "region": [
      "019021"
    ],
    "state": "MI",
    "victim_id": "BP Gas Station"
  }
}