{
  "action": {
    "physical": {
      "variety": [
        "Theft"
      ],
      "vector": [
        "Unknown"
      ]
    }
  },
  "actor": {
    "external": {
      "country": [
        "Unknown"
      ],
      "motive": [
        "Financial"
      ],
      "region": [
        "000000"
      ],
      "variety": [
        "Unknown"
      ]
    }
  },
  "asset": {
    "assets": [
      {
        "variety": "S - Unknown"
      }
    ],
    "cloud": [
      "Unknown"
    ]
  },
  "attribute": {
    "availability": {
      "variety": [
        "Loss"
      ]
    },
    "confidentiality": {
      "data": [
        {
          "amount": 5370,
          "variety": "Medical"
        }
      ],
      "data_disclosure": "Potentially",
      "data_total": 5370,
      "data_victim": [
        "Patient"
      ],
      "state": [
        "Stored unencrypted"
      ]
    }
  },
  "discovery_method": {
    "unknown": true
  },
  "impact": {
    "overall_rating": "Unknown"
  },
  "incident_id": "0E835AE3-BD03-44DF-83F5-36530C57611E",
  "plus": {
    "analysis_status": "First pass",
    "analyst": "swidup",
    "attribute": {
      "confidentiality": {
        "credit_monitoring": "Unknown"
      }
    },
    "created": "2014-11-21T00:28:00Z",
    "github": "1597",
    "master_id": "0E835AE3-BD03-44DF-83F5-36530C57611E",
    "modified": "2014-11-21T00:28:00Z",
    "timeline": {
      "notification": {
        "month": 2,
        "year": 2014
      }
    }
  },
  "reference": "http://www.phiprivacy.net/updates-to-hhs-breach-tool/; http://www.hhs.gov/ocr/privacy/hipaa/administrative/breachnotificationrule/breachtool.html ",
  "schema_version": "1.3.4",
  "security_incident": "Confirmed",
  "source_id": "vcdb",
  "summary": "Health Dimensions in Michigan reported that 5,370 patients were notified of an incident on November 2nd involving Theft,Network Server.",
  "timeline": {
    "incident": {
      "day": 2,
      "month": 11,
      "year": 2013
    }
  },
  "victim": {
    "country": [
      "US"
    ],
    "employee_count": "11 to 100",
    "industry": "446110",
    "region": [
      "019021"
    ],
    "state": "MI",
    "victim_id": "Health Dimension"
  }
}