{
  "action": {
    "misuse": {
      "variety": [
        "Privilege abuse"
      ],
      "vector": [
        "LAN access"
      ]
    }
  },
  "actor": {
    "internal": {
      "motive": [
        "Unknown",
        "Financial"
      ],
      "variety": [
        "End-user"
      ]
    }
  },
  "asset": {
    "assets": [
      {
        "variety": "S - Database"
      }
    ],
    "cloud": [
      "Unknown"
    ]
  },
  "attribute": {
    "confidentiality": {
      "data": [
        {
          "amount": 68,
          "variety": "Personal"
        }
      ],
      "data_disclosure": "Yes",
      "data_total": 68,
      "data_victim": [
        "Customer"
      ],
      "state": [
        "Stored"
      ]
    }
  },
  "discovery_method": {
    "unknown": true
  },
  "impact": {
    "overall_rating": "Unknown"
  },
  "incident_id": "CF1B43EF-FC42-4D0C-BD72-EEBF12B30B2D",
  "plus": {
    "analysis_status": "Finalized",
    "analyst": "Robert-Topper",
    "attribute": {
      "confidentiality": {
        "credit_monitoring": "Unknown",
        "data_abuse": "Yes"
      }
    },
    "created": "2016-09-06T13:10:00Z",
    "dbir_year": 2017,
    "github": "8366",
    "master_id": "0E9ECFF6-7BEE-4C13-8729-6D47E6F9A778",
    "modified": "2016-11-13T05:54:00Z",
    "timeline": {
      "notification": {
        "month": 8,
        "year": 2016
      }
    }
  },
  "reference": "http://protectingyourpocket.blog.palmbeachpost.com/2016/06/08/lexus-dealer-worker-convicted-of-id-theft-for-80-of-oxy-pillls/; https://www.databreaches.net/former-car-dealership-employee-sentenced-for-her-participation-in-a-stolen-identity-tax-fraud-scheme/",
  "schema_version": "1.3.4",
  "security_incident": "Confirmed",
  "source_id": "vcdb",
  "summary": "Micheline Eppolito, 29, of Jensen Beach, is scheduled for sentencing Aug. 18. She could receive up  to 10 years or more on various charges.  She sold printouts with customer information to someone who intended to use the information to file false tax returns, according to evidence presented at trial.",
  "timeline": {
    "incident": {
      "year": 2016
    }
  },
  "victim": {
    "country": [
      "US"
    ],
    "employee_count": "11 to 100",
    "industry": "441110",
    "locations_affected": 1,
    "region": [
      "019021"
    ],
    "state": "FL",
    "victim_id": "Treasure Coast Lexus"
  }
}