{
  "action": {
    "error": {
      "variety": [
        "Loss"
      ],
      "vector": [
        "Unknown"
      ]
    }
  },
  "actor": {
    "internal": {
      "motive": [
        "NA"
      ],
      "variety": [
        "End-user"
      ]
    }
  },
  "asset": {
    "assets": [
      {
        "variety": "M - Flash drive"
      }
    ],
    "cloud": [
      "Unknown"
    ]
  },
  "attribute": {
    "availability": {
      "variety": [
        "Loss"
      ]
    },
    "confidentiality": {
      "data": [
        {
          "variety": "Personal"
        },
        {
          "variety": "Medical"
        }
      ],
      "data_disclosure": "Potentially",
      "data_total": 537
    }
  },
  "discovery_method": {
    "unknown": true
  },
  "incident_id": "0E9EF3F3-73EB-4681-B67A-5FA421181C5A",
  "plus": {
    "analysis_status": "First pass",
    "created": "2013-09-10T20:13:32Z",
    "master_id": "0E9EF3F3-73EB-4681-B67A-5FA421181C5A",
    "modified": "2014-04-27T19:37:02Z",
    "timeline": {
      "notification": {
        "day": 3,
        "month": 5,
        "year": 2013
      }
    }
  },
  "reference": "http://healthitsecurity.com/2013/05/06/university-of-rochester-medical-center-reports-data-breach/",
  "schema_version": "1.3.4",
  "security_incident": "Confirmed",
  "source_id": "vcdb",
  "summary": "The loss of an unencrypted flash drive exposed sensitive patient information.  The flash drive contained name, date of birth, weight, gender, telephone number, URMC internal medical record number, orthopaedic physician name, date of service, diagnosis, diagnostic study, procedure, and complications.  The flash drive is believed to have been destroyed after ending up in the medical center laundry. It was not found.",
  "timeline": {
    "incident": {
      "year": 2013
    }
  },
  "victim": {
    "country": [
      "US"
    ],
    "employee_count": "Unknown",
    "industry": "622110",
    "region": [
      "019021"
    ],
    "state": "NY",
    "victim_id": "University of Rochester Medical Center"
  }
}