{
  "action": {
    "hacking": {
      "variety": [
        "Unknown"
      ],
      "vector": [
        "Web application"
      ]
    }
  },
  "actor": {
    "external": {
      "country": [
        "IN"
      ],
      "motive": [
        "Ideology"
      ],
      "notes": "Yamraaj",
      "region": [
        "142034"
      ],
      "variety": [
        "Activist"
      ]
    }
  },
  "asset": {
    "assets": [
      {
        "variety": "S - Web application"
      }
    ],
    "cloud": [
      "Unknown"
    ]
  },
  "attribute": {
    "integrity": {
      "variety": [
        "Modify data"
      ]
    }
  },
  "discovery_method": {
    "external": {
      "variety": [
        "Actor disclosure"
      ]
    }
  },
  "impact": {
    "overall_rating": "Unknown"
  },
  "incident_id": "0E9FE939-9B53-4C5C-A326-05FCEBA529EC",
  "plus": {
    "analysis_status": "First pass",
    "analyst": "blackfist",
    "created": "2013-10-08T16:12:54Z",
    "github": "331",
    "master_id": "0E9FE939-9B53-4C5C-A326-05FCEBA529EC",
    "modified": "2014-04-27T19:37:02Z",
    "timeline": {
      "notification": {
        "day": 21,
        "month": 9,
        "year": 2013
      }
    }
  },
  "reference": "http://news.softpedia.com/news/Bangladesh-NGO-Affairs-Bureau-Other-Government-Sites-Defaced-by-Indian-Hacker-385020.shtml",
  "schema_version": "1.3.4",
  "security_incident": "Confirmed",
  "source_id": "vcdb",
  "summary": "Indian hacktivist Yamraaj has breached and defaced the official websites of four Bangladesh government organizations. ",
  "timeline": {
    "incident": {
      "day": 21,
      "month": 9,
      "year": 2013
    }
  },
  "victim": {
    "country": [
      "BD"
    ],
    "employee_count": "Unknown",
    "industry": "921",
    "region": [
      "142034"
    ],
    "victim_id": "BD NGO Affairs Bureau"
  }
}