{
  "action": {
    "error": {
      "variety": [
        "Misdelivery"
      ],
      "vector": [
        "Unknown"
      ]
    }
  },
  "actor": {
    "internal": {
      "motive": [
        "NA"
      ],
      "variety": [
        "Unknown"
      ]
    }
  },
  "asset": {
    "assets": [
      {
        "variety": "U - Desktop"
      },
      {
        "variety": "U - Desktop or laptop"
      }
    ],
    "cloud": [
      "Unknown"
    ]
  },
  "attribute": {
    "confidentiality": {
      "data": [
        {
          "amount": 1598,
          "variety": "Personal"
        }
      ],
      "data_disclosure": "Yes",
      "data_total": 1598
    }
  },
  "confidence": "Medium",
  "discovery_method": {
    "unknown": true
  },
  "incident_id": "a08abb40-b69c-11e8-b56a-011002460f8b",
  "plus": {
    "analysis_status": "Validated",
    "analyst": "Spitler",
    "created": "2018-09-12T19:08:14.861Z",
    "dbir_year": 2019,
    "github": "11620",
    "master_id": "0ea98412-eca4-4402-b45b-e7293336b598",
    "modified": "2018-09-12T19:08:14.861Z"
  },
  "reference": "https://www.careappointments.co.uk/care-news/england/item/44437-government-loses-legal-challenge-over-extent-of-data-breach-involving-1-600-immig",
  "schema_version": "1.3.4",
  "security_incident": "Confirmed",
  "source_id": "vcdb",
  "summary": "Misdelivery",
  "targeted": "NA",
  "timeline": {
    "discovery": {
      "unit": "Weeks",
      "value": 2
    },
    "incident": {
      "day": 15,
      "month": 10,
      "year": 2013
    }
  },
  "victim": {
    "country": [
      "GB"
    ],
    "employee_count": "Large",
    "industry": "92",
    "region": [
      "150154"
    ],
    "victim_id": "UK Home Office"
  }
}