{
  "action": {
    "hacking": {
      "variety": [
        "Unknown"
      ],
      "vector": [
        "Web application"
      ]
    }
  },
  "actor": {
    "external": {
      "country": [
        "Unknown"
      ],
      "motive": [
        "Ideology"
      ],
      "notes": "Anonymous",
      "region": [
        "000000"
      ],
      "variety": [
        "Activist"
      ]
    }
  },
  "asset": {
    "assets": [
      {
        "variety": "S - Web application"
      }
    ],
    "cloud": [
      "Unknown"
    ]
  },
  "attribute": {
    "availability": {
      "notes": "defacement of sites",
      "variety": [
        "Loss",
        "Destruction"
      ]
    },
    "integrity": {
      "variety": [
        "Defacement"
      ]
    }
  },
  "discovery_method": {
    "unknown": true
  },
  "impact": {
    "overall_rating": "Unknown"
  },
  "incident_id": "0EB454FD-934F-4569-9559-DD4CF8556169",
  "plus": {
    "analysis_status": "First pass",
    "analyst": "dhylender",
    "created": "2013-09-13T20:51:00Z",
    "github": "228",
    "master_id": "0EB454FD-934F-4569-9559-DD4CF8556169",
    "modified": "2014-05-18T15:36:17Z",
    "timeline": {
      "notification": {
        "day": 13,
        "month": 9,
        "year": 2013
      }
    }
  },
  "reference": "http://news.softpedia.com/news/Websites-of-UN-in-Armenia-and-Slovenian-Avira-Distributor-Hacked-382708.shtml",
  "schema_version": "1.3.4",
  "security_incident": "Confirmed",
  "source_id": "vcdb",
  "summary": "The official website of the United Nations in Armenia (un.am), and the website of a Slovenia-based Avira distributor (avira.si) have been hacked by Dr.SHA6H. The hacker has defaced both websites to protest against the conflict in Syria, HackRead informs. ",
  "timeline": {
    "incident": {
      "day": 13,
      "month": 9,
      "year": 2013
    }
  },
  "victim": {
    "country": [
      "AM"
    ],
    "employee_count": "10001 to 25000",
    "industry": "928120",
    "region": [
      "142145"
    ],
    "victim_id": "United Nations - Armenia/Slovenia- website"
  }
}