{
  "action": {
    "physical": {
      "variety": [
        "Skimmer"
      ],
      "vector": [
        "Victim public area"
      ]
    }
  },
  "actor": {
    "external": {
      "country": [
        "US"
      ],
      "motive": [
        "Financial"
      ],
      "region": [
        "019021"
      ],
      "variety": [
        "Unknown"
      ]
    }
  },
  "asset": {
    "assets": [
      {
        "variety": "T - ATM"
      }
    ],
    "cloud": [
      "Unknown"
    ],
    "country": [
      "US"
    ],
    "management": [
      "Internal"
    ]
  },
  "attribute": {
    "confidentiality": {
      "data": [
        {
          "variety": "Payment"
        }
      ],
      "data_disclosure": "Potentially",
      "data_victim": [
        "Customer"
      ],
      "state": [
        "Transmitted"
      ]
    },
    "integrity": {
      "variety": [
        "Hardware tampering"
      ]
    }
  },
  "confidence": "High",
  "discovery_method": {
    "external": {
      "variety": [
        "Law enforcement"
      ]
    }
  },
  "incident_id": "73c8eac0-9192-11e8-ad4c-017f2df1a0a0",
  "plus": {
    "analysis_status": "Validated",
    "analyst": "jasoncmiller79",
    "created": "2018-07-27T15:51:08.944Z",
    "dbir_year": 2019,
    "github": "11835",
    "master_id": "0eca3139-3297-4c58-88a0-a6f13c5b0c1c",
    "modified": "2018-08-09T21:43:54.905Z",
    "timeline": {
      "notification": {
        "day": 17,
        "month": 7,
        "year": 2018
      }
    }
  },
  "reference": "https://minnesota.cbslocal.com/2018/07/17/atm-skimming-machine-crystal/",
  "schema_version": "1.3.4",
  "security_incident": "Confirmed",
  "source_id": "vcdb",
  "summary": "The Crystal Police Department says a skimming device is believed to have been placed at an ATM at the TCF Bank location on the 6800 block of Bass Lake Road.",
  "timeline": {
    "discovery": {
      "unit": "Months",
      "value": 1
    },
    "incident": {
      "month": 6,
      "year": 2018
    }
  },
  "victim": {
    "country": [
      "US"
    ],
    "employee_count": "1001 to 10000",
    "industry": "522110",
    "region": [
      "019021"
    ],
    "state": "MN",
    "victim_id": "TCF Bank"
  }
}