{
  "action": {
    "malware": {
      "variety": [
        "Ransomware"
      ],
      "vector": [
        "Unknown"
      ]
    },
    "social": {
      "target": [
        "Executive"
      ],
      "variety": [
        "Extortion"
      ],
      "vector": [
        "Unknown"
      ]
    }
  },
  "actor": {
    "external": {
      "country": [
        "Unknown"
      ],
      "motive": [
        "Financial"
      ],
      "region": [
        "000000"
      ],
      "variety": [
        "Organized crime",
        "Unknown"
      ]
    }
  },
  "asset": {
    "assets": [
      {
        "variety": "U - Desktop"
      },
      {
        "variety": "P - Executive"
      },
      {
        "variety": "U - Desktop or laptop"
      }
    ],
    "cloud": [
      "Unknown"
    ]
  },
  "attribute": {
    "availability": {
      "variety": [
        "Obscuration"
      ]
    },
    "integrity": {
      "variety": [
        "Alter behavior",
        "Software installation"
      ]
    }
  },
  "discovery_method": {
    "external": {
      "variety": [
        "Actor disclosure"
      ]
    }
  },
  "impact": {
    "notes": "equivalent of $1,500 Cdn in bitcoins;",
    "overall_rating": "Unknown"
  },
  "incident_id": "267B45F3-FE72-4B8F-9FE5-71406C8B050E",
  "plus": {
    "analysis_status": "Finalized",
    "analyst": "Robert-Topper",
    "created": "2016-09-19T13:16:00Z",
    "dbir_year": 2017,
    "github": "7930",
    "master_id": "0ECD2D95-DEE0-44AD-B392-993B6DE8FB3E",
    "modified": "2016-11-11T15:17:00Z",
    "timeline": {
      "notification": {
        "month": 6,
        "year": 2016
      }
    }
  },
  "reference": "http://www.cbc.ca/news/canada/ottawa/dog-charity-gets-files-back-after-ransomware-scam-1.3620986",
  "schema_version": "1.3.4",
  "security_incident": "Confirmed",
  "source_id": "vcdb",
  "summary": "Dog charity pays hackers ransom ",
  "timeline": {
    "incident": {
      "day": 8,
      "month": 5,
      "year": 2016
    }
  },
  "victim": {
    "country": [
      "CA"
    ],
    "employee_count": "Small",
    "industry": "813312",
    "locations_affected": 1,
    "region": [
      "019021"
    ],
    "victim_id": "Bark"
  }
}