{
  "action": {
    "physical": {
      "variety": [
        "Theft",
        "Disabled controls"
      ],
      "vector": [
        "Unknown"
      ]
    }
  },
  "actor": {
    "external": {
      "country": [
        "Unknown"
      ],
      "motive": [
        "Financial"
      ],
      "notes": "unknown",
      "region": [
        "000000"
      ],
      "variety": [
        "Unknown"
      ]
    }
  },
  "asset": {
    "assets": [
      {
        "variety": "U - Desktop"
      },
      {
        "variety": "M - Documents"
      },
      {
        "variety": "U - Desktop or laptop"
      }
    ],
    "cloud": [
      "Unknown"
    ]
  },
  "attribute": {
    "availability": {
      "variety": [
        "Loss"
      ]
    },
    "confidentiality": {
      "data": [
        {
          "amount": 537,
          "variety": "Medical"
        }
      ],
      "data_disclosure": "Yes",
      "data_total": 537,
      "data_victim": [
        "Patient"
      ],
      "state": [
        "Stored unencrypted"
      ]
    }
  },
  "discovery_method": {
    "internal": {
      "variety": [
        "Reported by employee"
      ]
    }
  },
  "impact": {
    "overall_rating": "Unknown"
  },
  "incident_id": "0ECE501C-2EDB-4DF1-A31D-C855624374A7",
  "plus": {
    "analysis_status": "First pass",
    "analyst": "swidup",
    "attribute": {
      "confidentiality": {
        "credit_monitoring": "Unknown"
      }
    },
    "created": "2013-11-15T20:55:00Z",
    "master_id": "0ECE501C-2EDB-4DF1-A31D-C855624374A7",
    "modified": "2014-05-10T00:58:18Z",
    "timeline": {
      "notification": {
        "year": 2013
      }
    }
  },
  "reference": "http://www.phiprivacy.net/and-yet-9-more-breaches-added-to-hhss-breach-tool/; http://www.hhs.gov/ocr/privacy/hipaa/administrative/breachnotificationrule/HealthInfoBreaches.csv",
  "schema_version": "1.3.4",
  "security_incident": "Confirmed",
  "source_id": "vcdb",
  "summary": "A desktop computer and paper documents were stolen from an undisclosed location.  ",
  "timeline": {
    "incident": {
      "year": 2013
    }
  },
  "victim": {
    "country": [
      "US"
    ],
    "employee_count": "1 to 10",
    "industry": "622310",
    "region": [
      "019021"
    ],
    "state": "NY",
    "victim_id": "Hospital for Special Surgery"
  }
}