{
  "action": {
    "hacking": {
      "variety": [
        "Unknown"
      ],
      "vector": [
        "Web application"
      ]
    }
  },
  "actor": {
    "external": {
      "country": [
        "Unknown"
      ],
      "motive": [
        "Unknown"
      ],
      "region": [
        "000000"
      ],
      "variety": [
        "Unknown"
      ]
    }
  },
  "asset": {
    "assets": [
      {
        "variety": "S - Web application"
      }
    ],
    "cloud": [
      "Unknown"
    ]
  },
  "attribute": {
    "confidentiality": {
      "data": [
        {
          "variety": "Personal"
        }
      ],
      "data_disclosure": "Yes"
    }
  },
  "discovery_method": {
    "unknown": true
  },
  "incident_id": "0EE9BF5D-5421-49DE-AB8E-8D069DAA7226",
  "plus": {
    "analysis_status": "First pass",
    "created": "2013-09-10T20:13:32Z",
    "master_id": "0EE9BF5D-5421-49DE-AB8E-8D069DAA7226",
    "modified": "2014-04-27T19:37:02Z",
    "timeline": {
      "notification": {
        "day": 22,
        "month": 7,
        "year": 2013
      }
    }
  },
  "reference": "http://news.cnet.com/8301-13579_3-57594770-37/apple-developer-site-targeted-in-security-attack-still-down/, http://www.guardian.co.uk/technology/2013/jul/22/apple-developer-site-hacked",
  "schema_version": "1.3.4",
  "security_incident": "Confirmed",
  "source_id": "vcdb",
  "summary": "Apple's website for developers was accessed by unauthorized parties.  Registered developer names, mailing addresses, and email addresses may have been accessed on Thursday, July 18.  Encrypted customer information was not affected.",
  "timeline": {
    "incident": {
      "day": 18,
      "month": 7,
      "year": 2013
    }
  },
  "victim": {
    "country": [
      "US"
    ],
    "employee_count": "50001 to 100000",
    "industry": "334220",
    "region": [
      "019021"
    ],
    "state": "CA",
    "victim_id": "Apple Inc."
  }
}