{
  "action": {
    "physical": {
      "result": [
        "Exfiltrate"
      ],
      "variety": [
        "Theft"
      ],
      "vector": [
        "Victim work area"
      ]
    }
  },
  "actor": {
    "external": {
      "country": [
        "Unknown"
      ],
      "motive": [
        "Financial"
      ],
      "region": [
        "000000"
      ],
      "variety": [
        "Unaffiliated"
      ]
    }
  },
  "asset": {
    "assets": [
      {
        "amount": 703,
        "variety": "M - Documents"
      }
    ],
    "cloud": [
      "Unknown"
    ],
    "total_amount": 703
  },
  "attribute": {
    "availability": {
      "variety": [
        "Loss"
      ]
    },
    "confidentiality": {
      "data": [
        {
          "amount": 703,
          "variety": "Medical"
        },
        {
          "amount": 703,
          "variety": "Bank"
        }
      ],
      "data_disclosure": "Yes",
      "data_total": 703,
      "data_victim": [
        "Patient"
      ],
      "state": [
        "Printed"
      ]
    }
  },
  "confidence": "High",
  "discovery_method": {
    "internal": {
      "variety": [
        "Break in discovered"
      ]
    }
  },
  "incident_id": "465638e0-70a5-11e7-955a-c3e87cda4766",
  "plus": {
    "analysis_status": "Validated",
    "analyst": "Breland",
    "attack_difficulty_initial": "Low",
    "attack_difficulty_subsequent": "Very Low",
    "created": "2017-10-26T14:33:48Z",
    "dbir_year": 2018,
    "event_chain": [
      {
        "action": "phy",
        "actor": "ext",
        "asset": "med",
        "attribute": "cp"
      }
    ],
    "github": "9796",
    "master_id": "0ef0cb25-ff81-4f87-a853-1692e8d0eb9a",
    "modified": "2018-02-21T05:44:04.141Z",
    "sub_source": "phidbr",
    "unknown_unknowns": [
      "Unknown"
    ]
  },
  "reference": "http://www.prnewswire.com/news-releases/vision-care-specialists-inc-notice-of-data-breach-300491909.html",
  "schema_version": "1.3.4",
  "security_incident": "Confirmed",
  "source_id": "vcdb",
  "summary": "On May 22, 2017, Vision Care Specialists, Inc. (\"VCS\") learned that on or about May 20, 2017 the VCS administrative office was burglarized.  Immediately upon learning of the burglary, VCS contacted law enforcement who investigated the incident.  VCS assessed the items that were stolen during the burglary, and determined that certain paper records containing patient information had been stolen. ",
  "targeted": "Opportunistic",
  "timeline": {
    "compromise": {
      "unit": "Minutes"
    },
    "discovery": {
      "unit": "Hours"
    },
    "incident": {
      "day": 20,
      "month": 5,
      "year": 2017
    }
  },
  "victim": {
    "country": [
      "US"
    ],
    "employee_count": "11 to 100",
    "industry": "621320",
    "locations_affected": 1,
    "region": [
      "019021"
    ],
    "state": "CO",
    "victim_id": "Vision Care Specialists"
  }
}