{
  "action": {
    "misuse": {
      "variety": [
        "Privilege abuse"
      ],
      "vector": [
        "LAN access"
      ]
    }
  },
  "actor": {
    "internal": {
      "motive": [
        "Financial"
      ],
      "variety": [
        "End-user"
      ]
    }
  },
  "asset": {
    "assets": [
      {
        "variety": "S - Database"
      }
    ],
    "cloud": [
      "Unknown"
    ],
    "notes": "Inferring medical records were stored in a DB.Following enumerations present before veris 1.3.3 removed: asset.governance.Personally owned."
  },
  "attribute": {
    "confidentiality": {
      "data": [
        {
          "variety": "Medical"
        }
      ],
      "data_disclosure": "Yes",
      "data_victim": [
        "Patient"
      ],
      "state": [
        "Unknown"
      ]
    }
  },
  "discovery_method": {
    "external": {
      "variety": [
        "Customer"
      ]
    }
  },
  "impact": {
    "overall_rating": "Unknown"
  },
  "incident_id": "0EFD0FCC-7C3A-4D66-8F60-71579BEE5757",
  "plus": {
    "analysis_status": "First pass",
    "analyst": "Spitler",
    "attribute": {
      "confidentiality": {
        "credit_monitoring": "Unknown"
      }
    },
    "created": "2014-03-31T20:37:00Z",
    "github": "1880",
    "master_id": "0EFD0FCC-7C3A-4D66-8F60-71579BEE5757",
    "modified": "2014-03-31T20:37:00Z",
    "timeline": {
      "notification": {
        "day": 29,
        "month": 3,
        "year": 2014
      }
    }
  },
  "reference": "http://www.phiprivacy.net/ny-jamaica-hospital-medical-center-employees-charged-with-illegally-accessing-patient-information-that-they-provided-to-lawyers-and-medical-mills/",
  "schema_version": "1.3.4",
  "security_incident": "Confirmed",
  "source_id": "vcdb",
  "summary": "Two employees who registered patients into emergency room at hospital provided their information to ambulance-chasing lawyers and others.",
  "timeline": {
    "compromise": {
      "unit": "NA"
    },
    "discovery": {
      "unit": "Years"
    },
    "exfiltration": {
      "unit": "NA"
    },
    "incident": {
      "day": 10,
      "month": 2,
      "year": 2012
    }
  },
  "victim": {
    "country": [
      "US"
    ],
    "employee_count": "1001 to 10000",
    "industry": "622110",
    "region": [
      "019021"
    ],
    "state": "NY",
    "victim_id": "Jamaica Hospital Medical Center"
  }
}